fold_id,test_start,variant,model_family,train_window,train_rows,rows,positives,auc,pr_auc,brier_score,brier_skill_score,ece,alert_threshold,alerts,alert_rate,alert_precision,alert_recall,alert_episode_recall,watch_rate,watch_recall,watch_episode_recall,raw_auc,calibration_slope
0,2018-05-17,logistic@252,logistic,252,24696.0,6174.0,335.0,0.7117283934838565,0.1346810095658112,0.050324912735126494,0.019580060415099965,0.029388427204199954,0.14497080568927942,95.0,0.015387107223841918,0.24210526315789474,0.06865671641791045,0.10084033613445378,0.049886621315192746,0.17313432835820897,0.226890756302521,0.7117283934838565,1.796747167909586
0,2018-05-17,logistic@756,logistic,756,74088.0,6174.0,335.0,0.7241998604340857,0.13356083248792158,0.050586659908204545,0.014480754054324585,0.03194538365910328,0.14192899589615965,102.0,0.01652089407191448,0.2549019607843137,0.07761194029850746,0.1092436974789916,0.0503725299643667,0.1880597014925373,0.2184873949579832,0.7241998604340857,1.8254812937746676
0,2018-05-17,logistic@all,logistic,all,74088.0,6174.0,335.0,0.7241998604340857,0.13356083248792158,0.050586659908204545,0.014480754054324585,0.03194538365910328,0.14192899589615965,102.0,0.01652089407191448,0.2549019607843137,0.07761194029850746,0.1092436974789916,0.0503725299643667,0.1880597014925373,0.2184873949579832,0.7241998604340857,1.8254812937746676
0,2018-05-17,logistic_quadratic@252,logistic_quadratic,252,24696.0,6174.0,335.0,0.6927683895985051,0.1351727737466129,0.051182365536646894,0.0028753354950952215,0.03553714353123292,0.12592785134133747,79.0,0.01279559442824749,0.24050632911392406,0.056716417910447764,0.08403361344537816,0.05782312925170068,0.2,0.25210084033613445,0.6927683895985051,1.1187773973470325
0,2018-05-17,logistic_quadratic@756,logistic_quadratic,756,74088.0,6174.0,335.0,0.7328335203584748,0.14208040350899542,0.050754973436336955,0.011201703379136396,0.03635248202041315,0.12850790840639417,111.0,0.017978620019436346,0.24324324324324326,0.08059701492537313,0.12605042016806722,0.05409782960803369,0.1880597014925373,0.25210084033613445,0.7328335203584748,1.4342486696683152
0,2018-05-17,logistic_quadratic@all,logistic_quadratic,all,74088.0,6174.0,335.0,0.7328335203584748,0.14208040350899542,0.050754973436336955,0.011201703379136396,0.03635248202041315,0.12850790840639417,111.0,0.017978620019436346,0.24324324324324326,0.08059701492537313,0.12605042016806722,0.05409782960803369,0.1880597014925373,0.25210084033613445,0.7328335203584748,1.4342486696683152
0,2018-05-17,hist_gradient_boosting@252,hist_gradient_boosting,252,24696.0,6174.0,335.0,0.6901554907428945,0.11956459237155542,0.05251617192247186,-0.023109615201018174,0.04961218618488859,0.10352759784903605,91.0,0.01473922902494331,0.16483516483516483,0.04477611940298507,0.08403361344537816,0.045513443472627146,0.13134328358208955,0.19327731092436976,0.6901554907428945,0.3073386751611726
0,2018-05-17,hist_gradient_boosting@756,hist_gradient_boosting,756,74088.0,6174.0,335.0,0.7224534971997352,0.13601770445735267,0.05157937886457,-0.0048591991880635454,0.04453660053328905,0.1111476893975267,100.0,0.016196954972465177,0.19,0.056716417910447764,0.08403361344537816,0.048752834467120185,0.1582089552238806,0.23529411764705882,0.7224534971997352,0.8482952471054778
0,2018-05-17,hist_gradient_boosting@all,hist_gradient_boosting,all,74088.0,6174.0,335.0,0.7224534971997352,0.13601770445735267,0.05157937886457,-0.0048591991880635454,0.04453660053328905,0.1111476893975267,100.0,0.016196954972465177,0.19,0.056716417910447764,0.08403361344537816,0.048752834467120185,0.1582089552238806,0.23529411764705882,0.7224534971997352,0.8482952471054778
0,2018-05-17,mlp@252,mlp,252,24696.0,6174.0,335.0,0.7048467203288233,0.13184995615912315,0.050402289698886375,0.018072617798477797,0.026931261647340585,0.1403495808319686,95.0,0.015387107223841918,0.16842105263157894,0.04776119402985075,0.08403361344537816,0.055717525105280205,0.1791044776119403,0.24369747899159663,0.7048467203288233,2.017130172737525
0,2018-05-17,mlp@756,mlp,756,74088.0,6174.0,335.0,0.7261466260068045,0.14107426742465404,0.050498242647580856,0.0162032815383798,0.03351219474939557,0.12736883367246257,102.0,0.01652089407191448,0.17647058823529413,0.05373134328358209,0.10084033613445378,0.05717525105280207,0.21194029850746268,0.3025210084033613,0.7261466260068045,1.722134977851959
0,2018-05-17,mlp@all,mlp,all,74088.0,6174.0,335.0,0.7261466260068045,0.14107426742465404,0.050498242647580856,0.0162032815383798,0.03351219474939557,0.12736883367246257,102.0,0.01652089407191448,0.17647058823529413,0.05373134328358209,0.10084033613445378,0.05717525105280207,0.21194029850746268,0.3025210084033613,0.7261466260068045,1.722134977851959
1,2018-08-16,logistic@252,logistic,252,24696.0,6174.0,892.0,0.6479941607252314,0.26813442438289725,0.12500210091241803,0.03562921858770407,0.08234550852926498,0.12028690946609262,728.0,0.11791383219954649,0.3241758241758242,0.2645739910313901,0.35094339622641507,0.2850664075153871,0.4551569506726457,0.5735849056603773,0.6479941607252314,3.7922031718508027
1,2018-08-16,logistic@756,logistic,756,74088.0,6174.0,892.0,0.6789012264344767,0.27398072494333936,0.12269535166386594,0.0534254120845401,0.07505875041818398,0.11986566429976561,863.0,0.13977972141237446,0.30359212050984935,0.2937219730941704,0.3584905660377358,0.33057985098801423,0.5246636771300448,0.6339622641509434,0.6789012264344767,4.6518770634109305
1,2018-08-16,logistic@all,logistic,all,80262.0,6174.0,892.0,0.6783283781282738,0.2752995826930399,0.12259765476718663,0.05417912767735389,0.07467625073441782,0.12086095331132618,873.0,0.141399416909621,0.3024054982817869,0.29596412556053814,0.3622641509433962,0.3310657596371882,0.5201793721973094,0.630188679245283,0.6783283781282738,4.636844180299062
1,2018-08-16,logistic_quadratic@252,logistic_quadratic,252,24696.0,6174.0,892.0,0.5856288299546816,0.20412451749013477,0.12945566856724466,0.0012706719072217432,0.08866476241359009,0.11852558290783895,599.0,0.09701976028506641,0.2704507512520868,0.18161434977578475,0.3433962264150943,0.2491091674765144,0.3531390134529148,0.5433962264150943,0.5856288299546816,3.4637720239983327
1,2018-08-16,logistic_quadratic@756,logistic_quadratic,756,74088.0,6174.0,892.0,0.669957449192876,0.2507527634130491,0.12428837551105758,0.041135493426284975,0.07618956524512657,0.13156836277306505,864.0,0.13994169096209913,0.2824074074074074,0.273542600896861,0.38113207547169814,0.3247489471979268,0.48878923766816146,0.6150943396226415,0.669957449192876,4.713022530738025
1,2018-08-16,logistic_quadratic@all,logistic_quadratic,all,80262.0,6174.0,892.0,0.6693975478102295,0.25177918673630983,0.12422816146536834,0.04160003494894304,0.07606635909807681,0.13173422374452268,867.0,0.14042759961127307,0.2837370242214533,0.2757847533632287,0.37358490566037733,0.3266925817946226,0.4854260089686099,0.6037735849056604,0.6693975478102295,4.684392773488128
1,2018-08-16,hist_gradient_boosting@252,hist_gradient_boosting,252,24696.0,6174.0,892.0,0.6523573800860184,0.24658311824963683,0.12750827794686306,0.016294472312050057,0.08866446492321922,0.12118977938516685,527.0,0.08535795270489148,0.2903225806451613,0.17152466367713004,0.29056603773584905,0.2552640103660512,0.4304932735426009,0.5584905660377358,0.6523573800860184,4.01716886221862
1,2018-08-16,hist_gradient_boosting@756,hist_gradient_boosting,756,74088.0,6174.0,892.0,0.6766002822004846,0.2594661996089787,0.12456295667999294,0.03901714457842975,0.07988710897828825,0.12491250393021705,789.0,0.12779397473275025,0.2915082382762991,0.257847533632287,0.3471698113207547,0.3354389374797538,0.5145739910313901,0.6528301886792452,0.6766002822004846,4.7548404065345435
1,2018-08-16,hist_gradient_boosting@all,hist_gradient_boosting,all,80262.0,6174.0,892.0,0.6784603942996181,0.2587061780622064,0.12435263616447363,0.04063973298628776,0.0788049948964649,0.12517086786653772,824.0,0.13346290897311305,0.29004854368932037,0.2679372197309417,0.35471698113207545,0.3378684807256236,0.515695067264574,0.660377358490566,0.6784603942996181,4.726455583635639
1,2018-08-16,mlp@252,mlp,252,24696.0,6174.0,892.0,0.661755891486952,0.2561461043129749,0.1263280869515864,0.025399452980560122,0.08608278731814621,0.12008892341531487,666.0,0.10787172011661808,0.3138138138138138,0.23430493273542602,0.3320754716981132,0.2706511175898931,0.4428251121076233,0.5773584905660377,0.661755891486952,4.017797927094344
1,2018-08-16,mlp@756,mlp,756,74088.0,6174.0,892.0,0.6752236634105507,0.25302523154669526,0.12476089762481611,0.03749006253549392,0.08061505410841563,0.12194820231445061,800.0,0.12957563977972142,0.28375,0.25448430493273544,0.35471698113207545,0.3093618399740849,0.476457399103139,0.5849056603773585,0.6752236634105507,4.8326359379568915
1,2018-08-16,mlp@all,mlp,all,80262.0,6174.0,892.0,0.6739181465778522,0.25437280613560176,0.12474961862561677,0.0375770781711674,0.08094487597274996,0.12596230099919853,777.0,0.12585034013605442,0.28957528957528955,0.2522421524663677,0.3433962264150943,0.31762228701004214,0.4742152466367713,0.5584905660377358,0.6739181465778522,4.881582103915895
2,2018-11-14,logistic@252,logistic,252,24696.0,6174.0,945.0,0.6227779346157621,0.22530625199390014,0.1269065430049258,0.07320803500575213,0.02160889826752551,0.2525045141382204,879.0,0.1423712342079689,0.24914675767918087,0.23174603174603176,0.2872340425531915,0.49789439585357953,0.6455026455026455,0.7411347517730497,0.6227779346157621,2.4882789733351753
2,2018-11-14,logistic@756,logistic,756,74088.0,6174.0,945.0,0.6704562771114694,0.25241562052544386,0.1248531405492253,0.08820392766645446,0.03089748687536142,0.2784304929402769,790.0,0.1279559442824749,0.28354430379746837,0.23703703703703705,0.2801418439716312,0.49983803045027536,0.7132275132275132,0.776595744680851,0.6704562771114694,3.2340936975862062
2,2018-11-14,logistic@all,logistic,all,86436.0,6174.0,945.0,0.6654058916441781,0.24992795792181127,0.12518728558728706,0.0857636836168918,0.0321840208101819,0.2796457839378703,778.0,0.12601230968577906,0.2802056555269923,0.2306878306878307,0.2765957446808511,0.4972465176546809,0.6994708994708995,0.7659574468085106,0.6654058916441781,3.1635169730738624
2,2018-11-14,logistic_quadratic@252,logistic_quadratic,252,24696.0,6174.0,945.0,0.6422250351873606,0.23000128901907124,0.12713348677064035,0.07155067634173418,0.0055406642841433545,0.18091373798477878,813.0,0.1316812439261419,0.25953259532595324,0.22328042328042327,0.3900709219858156,0.4970845481049563,0.6857142857142857,0.8049645390070922,0.6422250351873606,1.1143818795935572
2,2018-11-14,logistic_quadratic@756,logistic_quadratic,756,74088.0,6174.0,945.0,0.6701007102231045,0.2460936122602982,0.12491357394689981,0.08776258566740669,0.029655480163104434,0.2569394948825394,880.0,0.14253320375769354,0.2715909090909091,0.2529100529100529,0.35106382978723405,0.5098801425332038,0.7216931216931217,0.7730496453900709,0.6701007102231045,2.8676279156530575
2,2018-11-14,logistic_quadratic@all,logistic_quadratic,all,86436.0,6174.0,945.0,0.6691457186771778,0.24273562491821996,0.12505033523637138,0.08676382499515689,0.03046919657849842,0.25783919177841674,894.0,0.14480077745383868,0.2740492170022371,0.25925925925925924,0.35106382978723405,0.5090702947845805,0.7164021164021164,0.7695035460992907,0.6691457186771778,2.8207931358604137
2,2018-11-14,hist_gradient_boosting@252,hist_gradient_boosting,252,24696.0,6174.0,945.0,0.6222902190773676,0.20724916804263316,0.1269664024411688,0.07277088461755699,0.01893438093501092,0.23473296794664933,915.0,0.14820213799805637,0.2262295081967213,0.21904761904761905,0.39361702127659576,0.43958535795270487,0.5894179894179894,0.723404255319149,0.6222902190773676,2.587667070703096
2,2018-11-14,hist_gradient_boosting@756,hist_gradient_boosting,756,74088.0,6174.0,945.0,0.6565825913884816,0.23168838366490352,0.1256967571889684,0.08204303867888674,0.027820227063942434,0.25606215906035534,762.0,0.12342079689018465,0.24540682414698162,0.19788359788359788,0.26595744680851063,0.46128927761580824,0.6656084656084656,0.7588652482269503,0.6565825913884816,3.247494630588574
2,2018-11-14,hist_gradient_boosting@all,hist_gradient_boosting,all,86436.0,6174.0,945.0,0.6632511401109602,0.23096531452669108,0.1255233242215508,0.08330961073153098,0.030542176949541994,0.26139333253892316,783.0,0.12682215743440234,0.2567049808429119,0.2126984126984127,0.30141843971631205,0.47845804988662133,0.7015873015873015,0.7907801418439716,0.6632511401109602,3.2404310058573444
2,2018-11-14,mlp@252,mlp,252,24696.0,6174.0,945.0,0.6336680559476505,0.22830271194881196,0.1264734966512807,0.07637055028294126,0.02590010149864866,0.23583427083368075,944.0,0.15289925494007126,0.2627118644067797,0.2624338624338624,0.35106382978723405,0.4946550048590865,0.6507936507936508,0.7588652482269503,0.6336680559476505,2.4643065928131636
2,2018-11-14,mlp@756,mlp,756,74088.0,6174.0,945.0,0.6383564998214071,0.22245112795125505,0.12705970501903763,0.07208950068387976,0.03468945867396045,0.25479648967310087,863.0,0.13977972141237446,0.23638470451911936,0.21587301587301588,0.2765957446808511,0.528344671201814,0.6973544973544974,0.8014184397163121,0.6383564998214071,3.1675034274152343
2,2018-11-14,mlp@all,mlp,all,86436.0,6174.0,945.0,0.6541123425422527,0.23442824730082165,0.1259497103456419,0.08019573476867115,0.03228346901884876,0.26400459721942926,813.0,0.1316812439261419,0.2570725707257073,0.22116402116402117,0.2978723404255319,0.4857466796242306,0.6846560846560846,0.7624113475177305,0.6541123425422527,3.0920351935975736
3,2019-02-19,logistic@252,logistic,252,24696.0,6174.0,438.0,0.6726570311355661,0.16478951247497273,0.06441179056737419,0.02296802048602975,0.03772338931781352,0.35624674171713483,31.0,0.005021056041464205,0.2903225806451613,0.02054794520547945,0.058823529411764705,0.04211208292840946,0.17123287671232876,0.22875816993464052,0.6726570311355661,3.8037031224546594
3,2019-02-19,logistic@756,logistic,756,74088.0,6174.0,438.0,0.679769046572795,0.17120294529181723,0.0631853027180566,0.041572034451689666,0.02185682676367131,0.3635838431689521,20.0,0.003239390994493035,0.25,0.01141552511415525,0.032679738562091505,0.03547133138969873,0.13926940639269406,0.16993464052287582,0.679769046572795,3.937526600757787
3,2019-02-19,logistic@all,logistic,all,92610.0,6174.0,438.0,0.6806311814192825,0.1703371239815531,0.06336168093817818,0.038896636670777474,0.023356794067467344,0.358479583093518,18.0,0.0029154518950437317,0.3333333333333333,0.0136986301369863,0.032679738562091505,0.03482345319080013,0.13926940639269406,0.17647058823529413,0.6806311814192825,3.9172517941049367
3,2019-02-19,logistic_quadratic@252,logistic_quadratic,252,24696.0,6174.0,438.0,0.6641411608490475,0.1616472170031642,0.06479567306539753,0.01714508847869478,0.03578599876384793,0.3300828387211628,86.0,0.013929381276320051,0.3023255813953488,0.0593607305936073,0.10457516339869281,0.04859086491739553,0.182648401826484,0.24183006535947713,0.6641411608490475,3.7206724008395025
3,2019-02-19,logistic_quadratic@756,logistic_quadratic,756,74088.0,6174.0,438.0,0.6713224336562159,0.16595522450565653,0.06343384582420075,0.03780200165409853,0.015090599916583118,0.32687557394924605,49.0,0.007936507936507936,0.3469387755102041,0.03881278538812785,0.0784313725490196,0.03530936183997409,0.1461187214611872,0.1895424836601307,0.6713224336562159,4.190978912185014
3,2019-02-19,logistic_quadratic@all,logistic_quadratic,all,92610.0,6174.0,438.0,0.6769657152136948,0.16549365292390703,0.06344568539653331,0.03762241278239076,0.017733005105188018,0.32823935248300073,45.0,0.007288629737609329,0.26666666666666666,0.0273972602739726,0.06535947712418301,0.03433754454162617,0.1415525114155251,0.16993464052287582,0.6769657152136948,4.184667919353401
3,2019-02-19,hist_gradient_boosting@252,hist_gradient_boosting,252,24696.0,6174.0,438.0,0.6557741541048128,0.14918231613900992,0.06587379726468084,0.0007915325332832346,0.03342261403369568,0.3037580496129908,55.0,0.008908325234855847,0.3090909090909091,0.03881278538812785,0.06535947712418301,0.05280207321023648,0.1506849315068493,0.20261437908496732,0.6557741541048128,4.414511192070443
3,2019-02-19,hist_gradient_boosting@756,hist_gradient_boosting,756,74088.0,6174.0,438.0,0.6783988253313209,0.16891340501383398,0.06353933290452972,0.036201918035880354,0.011708692497786156,0.32088083043466303,30.0,0.004859086491739553,0.23333333333333334,0.01598173515981735,0.032679738562091505,0.02947845804988662,0.11187214611872145,0.1437908496732026,0.6783988253313209,5.128432571068126
3,2019-02-19,hist_gradient_boosting@all,hist_gradient_boosting,all,92610.0,6174.0,438.0,0.6688980276774741,0.15991054276301994,0.06396417569899002,0.029757678669182108,0.01655659970889307,0.3220701601520724,30.0,0.004859086491739553,0.26666666666666666,0.0182648401826484,0.032679738562091505,0.03126012309685779,0.11643835616438356,0.16993464052287582,0.6688980276774741,4.841563064409578
3,2019-02-19,mlp@252,mlp,252,24696.0,6174.0,438.0,0.6553383103112284,0.15139276956325923,0.06531802153079837,0.009221831716986872,0.028390276256107724,0.3102875795199365,39.0,0.006316812439261419,0.3076923076923077,0.0273972602739726,0.0457516339869281,0.04292193067703272,0.1506849315068493,0.21568627450980393,0.6553383103112284,4.543965897289768
3,2019-02-19,mlp@756,mlp,756,74088.0,6174.0,438.0,0.6741205906141139,0.16583956478341502,0.06398033680492546,0.02951253849866131,0.01945981110999022,0.3071054488904727,31.0,0.005021056041464205,0.41935483870967744,0.02968036529680365,0.058823529411764705,0.028992549400712667,0.1141552511415525,0.17647058823529413,0.6741205906141139,4.6283868527352565
3,2019-02-19,mlp@all,mlp,all,92610.0,6174.0,438.0,0.677632814937939,0.1695455992545613,0.06383187343179875,0.03176450917132234,0.021470383393950528,0.31721136357322516,20.0,0.003239390994493035,0.4,0.0182648401826484,0.032679738562091505,0.028668610301263362,0.1141552511415525,0.1568627450980392,0.677632814937939,4.2939345965975955
4,2019-05-20,logistic@252,logistic,252,24696.0,6223.0,582.0,0.617959088192669,0.16271203476464682,0.08338038528164865,0.023039749743144156,0.022942203815721034,0.12860602823609205,455.0,0.07311586051743532,0.21318681318681318,0.16666666666666666,0.2175925925925926,0.2845894263217098,0.4261168384879725,0.5092592592592593,0.617959088192669,3.9100952805049376
4,2019-05-20,logistic@756,logistic,756,74088.0,6223.0,582.0,0.6350276053269783,0.17109511045687265,0.08296850400060445,0.027865724557794347,0.020915807135236407,0.1410722802998012,430.0,0.06909850554394986,0.2069767441860465,0.15292096219931273,0.18981481481481483,0.2961594086453479,0.49828178694158076,0.5694444444444444,0.6350276053269783,3.5075502649311927
4,2019-05-20,logistic@all,logistic,all,98784.0,6223.0,582.0,0.6268949535525068,0.1623631051610934,0.08327942499160622,0.024222692108937793,0.019931019327801145,0.14132596820575752,436.0,0.07006267073758637,0.19954128440366972,0.14948453608247422,0.18981481481481483,0.3085328619636831,0.4879725085910653,0.5833333333333334,0.6268949535525068,3.680944862820079
4,2019-05-20,logistic_quadratic@252,logistic_quadratic,252,24696.0,6223.0,582.0,0.6147462338512036,0.15242496280204842,0.08371361187333422,0.01913536463739407,0.022638935590312697,0.1306650038913408,460.0,0.07391933151213241,0.19782608695652174,0.1563573883161512,0.2222222222222222,0.27623332797686,0.4415807560137457,0.5277777777777778,0.6147462338512036,3.1736628378287515
4,2019-05-20,logistic_quadratic@756,logistic_quadratic,756,74088.0,6223.0,582.0,0.6306975012960461,0.15807634373916574,0.0832582529911682,0.024470762476764718,0.01960807130751224,0.1392477404944989,500.0,0.08034709946970914,0.204,0.17525773195876287,0.2361111111111111,0.29599871444640846,0.5034364261168385,0.5833333333333334,0.6306975012960461,3.1465220903459645
4,2019-05-20,logistic_quadratic@all,logistic_quadratic,all,98784.0,6223.0,582.0,0.6262589619081211,0.1556486151217994,0.08330916964323375,0.02387417678126602,0.017896348424173883,0.14236643827986714,552.0,0.08870319781455889,0.1793478260869565,0.17010309278350516,0.2222222222222222,0.3103004981520167,0.4965635738831615,0.5925925925925926,0.6262589619081211,3.447609006614654
4,2019-05-20,hist_gradient_boosting@252,hist_gradient_boosting,252,24696.0,6223.0,582.0,0.6182388575055847,0.15491112910620827,0.08365165688367511,0.01986128551192079,0.021802422843969674,0.13185043612311734,443.0,0.0711875301301623,0.21218961625282168,0.16151202749140894,0.24537037037037038,0.2686807006267074,0.42783505154639173,0.5277777777777778,0.6182388575055847,3.0794512385405506
4,2019-05-20,hist_gradient_boosting@756,hist_gradient_boosting,756,74088.0,6223.0,582.0,0.6249435740171827,0.15444855820706632,0.08344656744668191,0.022264299446350333,0.018588382765711446,0.13919382618827628,514.0,0.082596818254861,0.20428015564202334,0.18041237113402062,0.24074074074074073,0.29664149124216616,0.46048109965635736,0.5416666666666666,0.6249435740171827,3.3098183399796324
4,2019-05-20,hist_gradient_boosting@all,hist_gradient_boosting,all,98784.0,6223.0,582.0,0.6223729554909411,0.15668369256994263,0.08350805534416998,0.02154385144752191,0.018679197082558142,0.13347149679510942,511.0,0.08211473565804274,0.1898238747553816,0.16666666666666666,0.22685185185185186,0.31046119235095615,0.4879725085910653,0.5972222222222222,0.6223729554909411,3.223198029368841
4,2019-05-20,mlp@252,mlp,252,24696.0,6223.0,582.0,0.630733747946277,0.16930271504592614,0.08346972226928683,0.021992996534876186,0.0236127279741828,0.1293055314033017,344.0,0.05527880443515989,0.25290697674418605,0.14948453608247422,0.21296296296296297,0.2508436445444319,0.41408934707903783,0.49537037037037035,0.630733747946277,3.227376599841649
4,2019-05-20,mlp@756,mlp,756,74088.0,6223.0,582.0,0.6350982710652434,0.1737623674128693,0.08311123301743513,0.02619338188954201,0.01996134965153928,0.1349449185929983,453.0,0.07279447211955649,0.22075055187637968,0.1718213058419244,0.2361111111111111,0.2940703840591355,0.4845360824742268,0.5740740740740741,0.6350982710652434,3.0564025353217734
4,2019-05-20,mlp@all,mlp,all,98784.0,6223.0,582.0,0.6248209750531668,0.16083052511310528,0.08335226845131903,0.023369192039464415,0.01778722080706194,0.1371859414649509,528.0,0.08484653704001285,0.19507575757575757,0.17697594501718214,0.2638888888888889,0.31624618351277517,0.49140893470790376,0.5787037037037037,0.6248209750531668,3.401450156206077
5,2019-08-19,logistic@252,logistic,252,24696.0,6237.0,312.0,0.6611744022503516,0.11713145426340486,0.04850899091028104,-0.013024921919795318,0.0448603452069733,0.20223290060893573,260.0,0.04168670835337502,0.17692307692307693,0.14743589743589744,0.17094017094017094,0.17075517075517074,0.32051282051282054,0.36752136752136755,0.6611744022503516,3.5044464479735784
5,2019-08-19,logistic@756,logistic,756,74088.0,6237.0,312.0,0.6632365032997944,0.12980153668456418,0.04841359003582575,-0.011032642517923463,0.047690306947696465,0.2035145248719453,265.0,0.042488375821709154,0.17735849056603772,0.15064102564102563,0.17094017094017094,0.17764951098284432,0.3557692307692308,0.4188034188034188,0.6632365032997944,3.4419234022311906
5,2019-08-19,logistic@all,logistic,all,104958.0,6237.0,312.0,0.6431905225576111,0.12126461484469955,0.04863975262289692,-0.01575565020803782,0.048323872931603985,0.19853699503503075,247.0,0.039602372935706266,0.19433198380566802,0.15384615384615385,0.1794871794871795,0.186307519640853,0.34615384615384615,0.39316239316239315,0.6431905225576111,3.507762692905594
5,2019-08-19,logistic_quadratic@252,logistic_quadratic,252,24696.0,6237.0,312.0,0.6347711781888996,0.09685369884240275,0.04906676799238487,-0.024673114851533562,0.04488310745070063,0.18684761573862002,248.0,0.039762706429373094,0.15725806451612903,0.125,0.13675213675213677,0.16835016835016836,0.28525641025641024,0.3333333333333333,0.6347711781888996,2.761217476773725
5,2019-08-19,logistic_quadratic@756,logistic_quadratic,756,74088.0,6237.0,312.0,0.6578329546683976,0.11186159965310086,0.04878132529096897,-0.018712146278733632,0.04542600241839189,0.1928908599687633,249.0,0.03992303992303992,0.18072289156626506,0.14423076923076922,0.1623931623931624,0.16786916786916786,0.3108974358974359,0.3504273504273504,0.6578329546683976,2.9940388686034347
5,2019-08-19,logistic_quadratic@all,logistic_quadratic,all,104958.0,6237.0,312.0,0.6498566482743697,0.11752334562291634,0.04880510123604814,-0.01920866505711727,0.04661010444158562,0.19573022967161316,225.0,0.03607503607503607,0.18222222222222223,0.13141025641025642,0.1623931623931624,0.17588584255250922,0.32051282051282054,0.3504273504273504,0.6498566482743697,3.1280933873194745
5,2019-08-19,hist_gradient_boosting@252,hist_gradient_boosting,252,24696.0,6237.0,312.0,0.62907335280753,0.0970626455947543,0.04914208379937925,-0.02624595295985288,0.04575705901364458,0.1782260130838322,269.0,0.04312970979637646,0.15613382899628253,0.1346153846153846,0.15384615384615385,0.17299983966650634,0.2916666666666667,0.3162393162393162,0.62907335280753,2.568010000964671
5,2019-08-19,hist_gradient_boosting@756,hist_gradient_boosting,756,74088.0,6237.0,312.0,0.6581997187060479,0.11232807581480193,0.04891339576741576,-0.021470205796769504,0.049010404468301266,0.18159678679204974,214.0,0.034311367644700975,0.1822429906542056,0.125,0.17094017094017094,0.17861151194484529,0.3557692307692308,0.4017094017094017,0.6581997187060479,2.9019538240087783
5,2019-08-19,hist_gradient_boosting@all,hist_gradient_boosting,all,104958.0,6237.0,312.0,0.6479522341231202,0.10486836010718191,0.049046592199952214,-0.024251778926579703,0.047520134669928236,0.17655298331055336,234.0,0.03751803751803752,0.1581196581196581,0.11858974358974358,0.1623931623931624,0.18245951579284914,0.3525641025641026,0.41025641025641024,0.6479522341231202,2.984866962796209
5,2019-08-19,mlp@252,mlp,252,24696.0,6237.0,312.0,0.6473244617548415,0.10237557602549086,0.049116025245232495,-0.025701765907422125,0.04613592049811279,0.1938158101757303,275.0,0.04409171075837742,0.17454545454545456,0.15384615384615385,0.1794871794871795,0.18566618566618567,0.33974358974358976,0.36752136752136755,0.6473244617548415,3.0172961298709393
5,2019-08-19,mlp@756,mlp,756,74088.0,6237.0,312.0,0.6790960727036677,0.12209708642713007,0.04865422593681787,-0.01605789990298212,0.049048869907134036,0.18240452465574705,223.0,0.03575436908770242,0.21524663677130046,0.15384615384615385,0.17094017094017094,0.18085618085618085,0.3717948717948718,0.41025641025641024,0.6790960727036677,2.828952107436181
5,2019-08-19,mlp@all,mlp,all,104958.0,6237.0,312.0,0.6724899924267014,0.119312281452109,0.04862368277529865,-0.015420059716398704,0.048819566463875,0.17063778660990941,254.0,0.04072470739137406,0.1889763779527559,0.15384615384615385,0.20512820512820512,0.1829405162738496,0.3525641025641026,0.41025641025641024,0.6724899924267014,2.8387565433897306
6,2019-11-15,logistic@252,logistic,252,24735.0,6237.0,354.0,0.6174052210189084,0.07460958328155537,0.053774735836690714,0.0005726091164558467,0.019830711657445165,0.1116296903208024,90.0,0.01443001443001443,0.03333333333333333,0.00847457627118644,0.017543859649122806,0.09122975789642457,0.11016949152542373,0.17543859649122806,0.6174052210189084,3.791668742930354
6,2019-11-15,logistic@756,logistic,756,74127.0,6237.0,354.0,0.6630773722235187,0.08906739729631724,0.0535355122185205,0.005018686495090741,0.021605658689902538,0.11816709477929253,111.0,0.017797017797017797,0.07207207207207207,0.022598870056497175,0.03508771929824561,0.09171075837742504,0.1553672316384181,0.22807017543859648,0.6630773722235187,3.810563354633166
6,2019-11-15,logistic@all,logistic,all,111171.0,6237.0,354.0,0.6724378679927129,0.0910143010975097,0.05338315636876335,0.007850287748717877,0.020453174108804716,0.11065384854702107,107.0,0.017155683822350488,0.07476635514018691,0.022598870056497175,0.03508771929824561,0.08385441718775052,0.15819209039548024,0.24561403508771928,0.6724378679927129,3.866006587008596
6,2019-11-15,logistic_quadratic@252,logistic_quadratic,252,24735.0,6237.0,354.0,0.6014970839083408,0.07236222342649479,0.05362249345405036,0.0034021015332336146,0.01633387156957852,0.10103968905609526,80.0,0.01282667949334616,0.05,0.011299435028248588,0.017543859649122806,0.09106942440275774,0.12146892655367232,0.19883040935672514,0.6014970839083408,2.6502644464614913
6,2019-11-15,logistic_quadratic@756,logistic_quadratic,756,74127.0,6237.0,354.0,0.662092056879393,0.0913859833081127,0.053339106581621915,0.008668972641293293,0.02023021848989308,0.1082023228719146,124.0,0.019881353214686547,0.07258064516129033,0.025423728813559324,0.03508771929824561,0.08690075356742023,0.14689265536723164,0.22807017543859648,0.662092056879393,3.1845143049557443
6,2019-11-15,logistic_quadratic@all,logistic_quadratic,all,111171.0,6237.0,354.0,0.6751652515963357,0.09096204594997637,0.053326015320729774,0.008912279549514013,0.020289889093729096,0.10699131181226783,122.0,0.019560686227352894,0.09016393442622951,0.031073446327683617,0.05847953216374269,0.07696007696007696,0.12429378531073447,0.21052631578947367,0.6751652515963357,3.39422457177481
6,2019-11-15,hist_gradient_boosting@252,hist_gradient_boosting,252,24735.0,6237.0,354.0,0.5929063057300985,0.07229496986744355,0.053572975093206555,0.004322422301135664,0.015758872045746303,0.09667908153087412,100.0,0.0160333493666827,0.08,0.022598870056497175,0.04093567251461988,0.08449575116241782,0.1327683615819209,0.2046783625730994,0.5929063057300985,2.515878377558603
6,2019-11-15,hist_gradient_boosting@756,hist_gradient_boosting,756,74127.0,6237.0,354.0,0.648641446051104,0.08681562550305152,0.05334052205984375,0.008642665348768563,0.020330586578686693,0.10301072786676983,109.0,0.017476350809684144,0.08256880733944955,0.025423728813559324,0.04678362573099415,0.09411576078242745,0.16101694915254236,0.25146198830409355,0.648641446051104,3.429040261426232
6,2019-11-15,hist_gradient_boosting@all,hist_gradient_boosting,all,111171.0,6237.0,354.0,0.6513573054986551,0.08812583927643099,0.05330106210111296,0.00937604623823396,0.020629330492421164,0.1006456325435598,126.0,0.020202020202020204,0.07142857142857142,0.025423728813559324,0.04678362573099415,0.09299342632675967,0.16101694915254236,0.26900584795321636,0.6513573054986551,3.4684827562134237
6,2019-11-15,mlp@252,mlp,252,24735.0,6237.0,354.0,0.6031599235948452,0.07734836043896201,0.05354891625418877,0.004769566528496583,0.017102139481316118,0.10077454219602265,105.0,0.016835016835016835,0.0761904761904762,0.022598870056497175,0.03508771929824561,0.08593875260541928,0.1271186440677966,0.2046783625730994,0.6031599235948452,2.825707001212901
6,2019-11-15,mlp@756,mlp,756,74127.0,6237.0,354.0,0.6648703388389989,0.09110522857118544,0.053361078426381596,0.008260616130761012,0.02397397450060939,0.1071062685627672,153.0,0.024531024531024532,0.0718954248366013,0.031073446327683617,0.05263157894736842,0.08946608946608947,0.13559322033898305,0.19883040935672514,0.6648703388389989,3.9204719733171656
6,2019-11-15,mlp@all,mlp,all,111171.0,6237.0,354.0,0.6572908053560436,0.08916250296214356,0.053334069586085296,0.0087625874443924,0.021513878286608862,0.10194293287828642,134.0,0.02148468815135482,0.07462686567164178,0.02824858757062147,0.05263157894736842,0.08529741863075196,0.13559322033898305,0.23391812865497075,0.6572908053560436,3.687349932055313
7,2020-02-19,logistic@252,logistic,252,24798.0,6237.0,2549.0,0.5230413398474498,0.4301043677466452,0.3459662359169369,0.019264659823898023,0.3233555199540325,0.056030390350412886,4984.0,0.7991021324354658,0.4044943820224719,0.7908983915260887,0.8580441640378549,0.9300945967612634,0.8897606904668497,0.9542586750788643,0.5230413398474498,1.9710998981751222
7,2020-02-19,logistic@756,logistic,756,74190.0,6237.0,2549.0,0.49950525024062015,0.42213014361429524,0.34135528122021686,0.03233566431379886,0.3134696098818808,0.06217824105147145,5141.0,0.8242744909411576,0.3901964598327174,0.7869752844252648,0.8832807570977917,0.9464486131152798,0.9105531581012162,0.9716088328075709,0.49950525024062015,2.1662860921504254
7,2020-02-19,logistic@all,logistic,all,117408.0,6237.0,2549.0,0.49450711818423965,0.4201907950194113,0.3370080867530363,0.044658968734770155,0.30554428160142,0.06306490944222184,5207.0,0.8348565015231681,0.38851545995774917,0.7936445664966654,0.8958990536277602,0.9533429533429534,0.9176147508826991,0.9779179810725552,0.49450711818423965,2.424291969436004
7,2020-02-19,logistic_quadratic@252,logistic_quadratic,252,24798.0,6237.0,2549.0,0.521665912113891,0.43517771895262874,0.34716063149549387,0.01587882088231385,0.3248108403353839,0.06438939384924351,3761.0,0.6030142696809363,0.4214304706195161,0.6218124754805806,0.7870662460567823,0.7809844476511143,0.7634366418203217,0.9100946372239748,0.5216660184888123,2.3405851147496635
7,2020-02-19,logistic_quadratic@756,logistic_quadratic,756,74190.0,6237.0,2549.0,0.495322109644461,0.41252148551029977,0.35775226922867065,-0.014146055411577318,0.338523417828141,0.07221078365984253,3063.0,0.4911014911014911,0.40646425073457393,0.48842683405256965,0.6466876971608833,0.7295173961840629,0.702628481757552,0.832807570977918,0.4953222692068431,2.4490556281661853
7,2020-02-19,logistic_quadratic@all,logistic_quadratic,all,117408.0,6237.0,2549.0,0.5449630304598205,0.47543063987699025,0.34977938352668947,0.008455256390985544,0.3308368956016075,0.06859063560254479,3904.0,0.6259419592752926,0.41854508196721313,0.6410357002746175,0.7555205047318612,0.8281224947891614,0.8163985876814437,0.8974763406940063,0.544963296397124,2.469935341854883
7,2020-02-19,hist_gradient_boosting@252,hist_gradient_boosting,252,24798.0,6237.0,2549.0,0.49687459843467174,0.4185852344574204,0.3606969929013329,-0.022493675129954704,0.343811278259501,0.05506822409521273,4776.0,0.7657527657527657,0.3953098827470687,0.7406826206355434,0.8485804416403786,0.890652557319224,0.8426834052569635,0.9274447949526814,0.49687459843467174,1.440514395476732
7,2020-02-19,hist_gradient_boosting@756,hist_gradient_boosting,756,74190.0,6237.0,2549.0,0.48638385049983446,0.4251626906911565,0.3468526137307871,0.016751980965260538,0.3211102824849773,0.0684003180276726,5000.0,0.801667468334135,0.3792,0.7438211063162025,0.8596214511041009,0.929613596280263,0.8811298548450373,0.9574132492113565,0.48638385049983446,2.3041561842622182
7,2020-02-19,hist_gradient_boosting@all,hist_gradient_boosting,all,117408.0,6237.0,2549.0,0.4964114952144051,0.45894156423935983,0.3466316529301287,0.01737835441879987,0.3215003134825454,0.06708600848787989,5051.0,0.8098444765111432,0.3832904375371214,0.7595135347194979,0.8927444794952681,0.9567099567099567,0.9234994115339349,0.9779179810725552,0.4964114952144051,2.2790441489095072
7,2020-02-19,mlp@252,mlp,252,24798.0,6237.0,2549.0,0.45243743239873746,0.3863246430011532,0.3414431308222288,0.03208663073661988,0.308054439867976,0.06919836148107879,4645.0,0.7447490780824114,0.39009687836383206,0.710867006669282,0.8107255520504731,0.8996312329645663,0.8501373087485289,0.9258675078864353,0.45243743239873746,2.62572089793966
7,2020-02-19,mlp@756,mlp,756,74190.0,6237.0,2549.0,0.48266152606313223,0.41975829333680426,0.34050732436752307,0.03473942851401679,0.3105898693936202,0.07412460776491524,4751.0,0.7617444284110951,0.3843401389181225,0.7163593566104355,0.8422712933753943,0.9305755972422639,0.8870145154962731,0.9479495268138801,0.48266152606313223,2.4276908227272385
7,2020-02-19,mlp@all,mlp,all,117408.0,6237.0,2549.0,0.4818865315733532,0.4173109004101163,0.3441708187169194,0.02435425792803203,0.3174833555544181,0.06905758406446219,4810.0,0.7712041045374378,0.3823284823284823,0.7214593958415064,0.8659305993690851,0.9533429533429534,0.9211455472734406,0.973186119873817,0.4818865315733532,2.314891153287896
8,2020-05-19,logistic@252,logistic,252,24861.0,6237.0,753.0,0.6366684974180594,0.2138329273078347,0.19111598252688605,-0.766323472943909,0.29296650464986707,0.43690581499401904,1.0,0.000160333493666827,0.0,0.0,0.0,0.005932339265672599,0.025232403718459494,0.015037593984962405,0.6366684974180594,0.25019607700445273
8,2020-05-19,logistic@756,logistic,756,74253.0,6237.0,753.0,0.3637129091220821,0.08799189525110258,0.20213926696990447,-0.8682023728831212,0.3089588523666912,0.43630133789529774,422.0,0.067660734327401,0.018957345971563982,0.010624169986719787,0.022556390977443608,0.5063331729998397,0.35723771580345287,0.45112781954887216,0.6362870908779179,-0.12066069810070655
8,2020-05-19,logistic@all,logistic,all,123645.0,6237.0,753.0,0.34001727105678914,0.0844528095168896,0.20459320158630045,-0.8908820161902951,0.31225700140042334,0.44233856075998074,481.0,0.07712041045374379,0.010395010395010396,0.006640106241699867,0.011278195488721804,0.5307038640371974,0.3399734395750332,0.39097744360902253,0.6599827289432109,-0.19171713359729906
8,2020-05-19,logistic_quadratic@252,logistic_quadratic,252,24861.0,6237.0,753.0,0.38236235703914223,0.098511809154708,0.1994568862470953,-0.8434113953237035,0.3048800605564785,0.4355606692017345,43.0,0.006894340227673561,0.09302325581395349,0.005312084993359893,0.015037593984962405,0.09427609427609428,0.07171314741035857,0.12030075187969924,0.6176376429608578,-0.09353959922964741
8,2020-05-19,logistic_quadratic@756,logistic_quadratic,756,74253.0,6237.0,753.0,0.6151731513043378,0.18950320692910538,0.19932816070514697,-0.8422216939533393,0.3074131668056398,0.44493455200664367,87.0,0.013949013949013949,0.3103448275862069,0.035856573705179286,0.041353383458646614,0.12714446047779382,0.2244355909694555,0.34210526315789475,0.6151731513043378,0.24698878427744497
8,2020-05-19,logistic_quadratic@all,logistic_quadratic,all,123645.0,6237.0,753.0,0.6432156131128295,0.20359260256684558,0.1923047508399657,-0.7773102535758696,0.2970955010056036,0.47458743975865236,62.0,0.009940676607343274,0.2903225806451613,0.02390438247011952,0.03759398496240601,0.061247394580727914,0.13147410358565736,0.20300751879699247,0.6432156131128295,0.744420547416479
8,2020-05-19,hist_gradient_boosting@252,hist_gradient_boosting,252,24861.0,6237.0,753.0,0.6469025430008631,0.18780524766547463,0.1966091910496832,-0.8170925558186348,0.3012653045223979,0.42788508095430194,22.0,0.003527336860670194,0.13636363636363635,0.00398406374501992,0.011278195488721804,0.022767356100689435,0.03718459495351926,0.07142857142857142,0.6469025430008631,0.08886175368766841
8,2020-05-19,hist_gradient_boosting@756,hist_gradient_boosting,756,74253.0,6237.0,753.0,0.33737696914748005,0.08488650497794191,0.21273802766092068,-0.9661577586396395,0.32177056660762043,0.47938500010509566,321.0,0.05146705146705147,0.018691588785046728,0.00796812749003984,0.022556390977443608,0.4478114478114478,0.2549800796812749,0.3157894736842105,0.66262303085252,-0.6430153706726824
8,2020-05-19,hist_gradient_boosting@all,hist_gradient_boosting,all,123645.0,6237.0,753.0,0.3390596379374309,0.08538937195355334,0.20763602677212736,-0.9190042772316231,0.31589388810213664,0.45670523686709363,382.0,0.061247394580727914,0.034031413612565446,0.017264276228419653,0.03383458646616541,0.5101811768478435,0.31341301460823373,0.37218045112781956,0.660940362062569,-0.3925768447635908
8,2020-05-19,mlp@252,mlp,252,24861.0,6237.0,753.0,0.647194470355873,0.213147365404811,0.19583746864076207,-0.8099601779428993,0.30009734807542965,0.4302524130094329,2.0,0.000320666987333654,1.0,0.0026560424966799467,0.0037593984962406013,0.005932339265672599,0.029216467463479414,0.02631578947368421,0.647194470355873,0.10542111439167243
8,2020-05-19,mlp@756,mlp,756,74253.0,6237.0,753.0,0.34077596736806726,0.08562464413353806,0.20886325561283545,-0.9303465160091229,0.31806742538507315,0.4663532407673565,308.0,0.04938271604938271,0.022727272727272728,0.009296148738379814,0.018796992481203006,0.3682860349527016,0.21912350597609562,0.2932330827067669,0.6592240326319327,-0.45847602556084516
8,2020-05-19,mlp@all,mlp,all,123645.0,6237.0,753.0,0.33635588935287297,0.08613529457727011,0.20287219344138968,-0.8749761927039945,0.30966480059316936,0.4411088378356526,347.0,0.05563572230238897,0.0345821325648415,0.01593625498007968,0.03007518796992481,0.4708994708994709,0.28818061088977426,0.37593984962406013,0.663644110647127,-0.19153383004540928
9,2020-08-18,logistic@252,logistic,252,24924.0,6250.0,813.0,0.5858118522329236,0.18329256818445394,0.11207465296279079,0.014180654773456758,0.015466156334528688,0.1663194609519446,258.0,0.04128,0.26744186046511625,0.08487084870848709,0.1254355400696864,0.15648,0.24108241082410825,0.3519163763066202,0.5858118522329236,1.603250303490248
9,2020-08-18,logistic@756,logistic,756,74316.0,6250.0,813.0,0.602171898121409,0.18249597226923941,0.11193280465158272,0.015428366058568344,0.01816081703681569,0.18683428703557084,155.0,0.0248,0.27741935483870966,0.05289052890528905,0.08710801393728224,0.13488,0.2115621156211562,0.313588850174216,0.602171898121409,2.093866393159007
9,2020-08-18,logistic@all,logistic,all,129882.0,6250.0,813.0,0.5942248920374066,0.17497617179500358,0.11227921971515373,0.01238126609333745,0.022218472977114895,0.20665768687109645,132.0,0.02112,0.2196969696969697,0.03567035670356704,0.05574912891986063,0.12432,0.18081180811808117,0.27177700348432055,0.5942248920374066,2.558537300335585
9,2020-08-18,logistic_quadratic@252,logistic_quadratic,252,24924.0,6250.0,813.0,0.5905601928927143,0.18909773991032006,0.1119067292240324,0.015657728008256377,0.014560271485078664,0.17491769363198542,282.0,0.04512,0.25177304964539005,0.08733087330873308,0.13937282229965156,0.1736,0.25953259532595324,0.3623693379790941,0.5905601928927143,1.734607857143379
9,2020-08-18,logistic_quadratic@756,logistic_quadratic,756,74316.0,6250.0,813.0,0.5877714561585565,0.1781867548723682,0.11226925104322594,0.012468951483145307,0.01837735412932641,0.20327917827178998,230.0,0.0368,0.22608695652173913,0.06396063960639606,0.10452961672473868,0.15856,0.22140221402214022,0.3240418118466899,0.5877714561585565,2.6060748146048125
9,2020-08-18,logistic_quadratic@all,logistic_quadratic,all,129882.0,6250.0,813.0,0.5833558997719828,0.17185966753685514,0.11285753856943082,0.007294318249342013,0.028151722706713293,0.22227576726383974,203.0,0.03248,0.23645320197044334,0.05904059040590406,0.09407665505226481,0.14096,0.1992619926199262,0.2961672473867596,0.5833558997719828,3.2613178414283954
9,2020-08-18,hist_gradient_boosting@252,hist_gradient_boosting,252,24924.0,6250.0,813.0,0.585208949385797,0.1778620654484737,0.11213302784655053,0.013667183723898302,0.0163842134017636,0.20010614407731253,311.0,0.04976,0.21864951768488747,0.08364083640836409,0.12195121951219512,0.17376,0.25953259532595324,0.32752613240418116,0.585208949385797,2.0301315320635003
9,2020-08-18,hist_gradient_boosting@756,hist_gradient_boosting,756,74316.0,6250.0,813.0,0.6019479304596245,0.18329687157737068,0.11183407135113263,0.01629683359363243,0.019775064375894547,0.20009703839147477,221.0,0.03536,0.24434389140271492,0.06642066420664207,0.10104529616724739,0.14304,0.2201722017220172,0.313588850174216,0.6019479304596245,2.7738257062366958
9,2020-08-18,hist_gradient_boosting@all,hist_gradient_boosting,all,129882.0,6250.0,813.0,0.5908764623787492,0.17529221007476997,0.11221276840986993,0.012965778117533189,0.020287077403359596,0.1972723956417395,161.0,0.02576,0.2422360248447205,0.04797047970479705,0.07665505226480836,0.13952,0.2140221402214022,0.31010452961672474,0.5908764623787492,2.7892196654875203
9,2020-08-18,mlp@252,mlp,252,24924.0,6250.0,813.0,0.5923684489741716,0.18119045463183417,0.11194813406781004,0.015293527050207145,0.016641187729920213,0.18590682427193755,310.0,0.0496,0.22903225806451613,0.08733087330873308,0.13240418118466898,0.17392,0.25953259532595324,0.34843205574912894,0.5923684489741716,2.014279684310919
9,2020-08-18,mlp@756,mlp,756,74316.0,6250.0,813.0,0.6038424932713554,0.1840071727369398,0.1117194479184522,0.01730507224854183,0.01720255765686741,0.1805923483606466,249.0,0.03984,0.24497991967871485,0.07503075030750307,0.11846689895470383,0.16976,0.2656826568265683,0.37630662020905925,0.6038424932713554,2.4476787684144674
9,2020-08-18,mlp@all,mlp,all,129882.0,6250.0,813.0,0.5917037853475832,0.18031500846995863,0.11203874195522934,0.014496531423749959,0.018018005791045493,0.1803958524030703,237.0,0.03792,0.24472573839662448,0.07134071340713408,0.10104529616724739,0.15616,0.23616236162361623,0.34843205574912894,0.5917037853475832,2.571910694321416
10,2020-11-16,logistic@252,logistic,252,24948.0,6300.0,507.0,0.574756107401608,0.14058066712478554,0.07527748002540913,-0.0005878435222850253,0.04909619217677596,0.21079141762361664,199.0,0.03158730158730159,0.23115577889447236,0.09072978303747535,0.09313725490196079,0.14492063492063492,0.20710059171597633,0.2647058823529412,0.574756107401608,2.690523893763749
10,2020-11-16,logistic@756,logistic,756,74379.0,6300.0,507.0,0.6651202175243127,0.16769686766812833,0.07358203021380817,0.021948065892023805,0.04752912881531939,0.2340339382875885,221.0,0.03507936507936508,0.23529411764705882,0.10256410256410256,0.10784313725490197,0.14603174603174604,0.2958579881656805,0.3235294117647059,0.6651202175243127,3.2497462557254058
10,2020-11-16,logistic@all,logistic,all,136119.0,6300.0,507.0,0.6805813041721099,0.17633741154575064,0.07337055053567536,0.02475905259110389,0.04815058356825226,0.22498838565223309,249.0,0.039523809523809524,0.2248995983935743,0.11045364891518737,0.11764705882352941,0.15603174603174602,0.33136094674556216,0.3382352941176471,0.6805813041721099,2.8378497557796445
10,2020-11-16,logistic_quadratic@252,logistic_quadratic,252,24948.0,6300.0,507.0,0.6002241704349022,0.14205276427012342,0.07530327470560895,-0.0009307062672492261,0.04903210060887972,0.2132256060025871,227.0,0.03603174603174603,0.18061674008810572,0.08086785009861933,0.10784313725490197,0.15857142857142856,0.2583826429980276,0.3333333333333333,0.6002241704349022,2.2166112766329067
10,2020-11-16,logistic_quadratic@756,logistic_quadratic,756,74379.0,6300.0,507.0,0.6622571416022398,0.15757980229685636,0.07402822124886647,0.016017297149270027,0.045696702340833034,0.2199248928298659,213.0,0.03380952380952381,0.20187793427230047,0.08481262327416174,0.1323529411764706,0.15714285714285714,0.3057199211045365,0.35294117647058826,0.6622571416022398,2.502394917116124
10,2020-11-16,logistic_quadratic@all,logistic_quadratic,all,136119.0,6300.0,507.0,0.6684279571583878,0.15599086707085538,0.07403857317776327,0.015879699368265054,0.04656173956957622,0.21783233458205264,226.0,0.035873015873015876,0.18141592920353983,0.08086785009861933,0.11764705882352941,0.1595238095238095,0.3175542406311637,0.36764705882352944,0.6684279571583878,2.4346294223602474
10,2020-11-16,hist_gradient_boosting@252,hist_gradient_boosting,252,24948.0,6300.0,507.0,0.6002013584374258,0.14163805609422847,0.07549754512870359,-0.0035129476446014163,0.05117506894490396,0.21768452827647322,209.0,0.033174603174603176,0.21052631578947367,0.08678500986193294,0.12745098039215685,0.18428571428571427,0.3155818540433925,0.36764705882352944,0.6002013584374258,1.7651326042703057
10,2020-11-16,hist_gradient_boosting@756,hist_gradient_boosting,756,74379.0,6300.0,507.0,0.6651014912577276,0.1628046099005351,0.0740283808575475,0.016015175631574508,0.048609161519787586,0.22514294770535956,260.0,0.04126984126984127,0.2230769230769231,0.11439842209072978,0.14705882352941177,0.17444444444444446,0.35700197238658776,0.39215686274509803,0.6651014912577276,2.8944034098625178
10,2020-11-16,hist_gradient_boosting@all,hist_gradient_boosting,all,136119.0,6300.0,507.0,0.6714922553268569,0.1722594312181915,0.07377298598545838,0.019409882843134163,0.04859191828797084,0.21390775468951398,290.0,0.046031746031746035,0.23448275862068965,0.1341222879684418,0.14215686274509803,0.16206349206349208,0.33530571992110453,0.3627450980392157,0.6714922553268569,2.820284037549061
10,2020-11-16,mlp@252,mlp,252,24948.0,6300.0,507.0,0.6205707697959619,0.1474100638151732,0.07507064556814069,0.0021613989270432565,0.04868524463603818,0.20999586962484754,180.0,0.02857142857142857,0.19444444444444445,0.06903353057199212,0.08333333333333333,0.15873015873015872,0.2781065088757396,0.3627450980392157,0.6205707697959619,1.7106126671627515
10,2020-11-16,mlp@756,mlp,756,74379.0,6300.0,507.0,0.6712695829932813,0.17110839751021967,0.07383918130380114,0.018530015041907322,0.048477003220951435,0.21571770709204435,227.0,0.03603174603174603,0.2290748898678414,0.10256410256410256,0.12745098039215685,0.16317460317460317,0.2938856015779093,0.3480392156862745,0.6712695829932813,2.6247343958945013
10,2020-11-16,mlp@all,mlp,all,136119.0,6300.0,507.0,0.6770352302360428,0.17685353908134063,0.07364978564637134,0.02104746106130395,0.049113583987873626,0.21498231572225507,296.0,0.04698412698412698,0.20608108108108109,0.1203155818540434,0.1323529411764706,0.16666666666666666,0.32741617357001973,0.35294117647058826,0.6770352302360428,2.82711955885563
11,2021-02-18,logistic@252,logistic,252,24951.0,6300.0,551.0,0.6773718083694189,0.22662618862921632,0.07744496773239462,0.045413645468870056,0.014987355214473795,0.11735235861325558,286.0,0.045396825396825394,0.3321678321678322,0.1724137931034483,0.2018348623853211,0.1711111111111111,0.38294010889292196,0.41743119266055045,0.6773718083694189,2.5616597805252
11,2021-02-18,logistic@756,logistic,756,74445.0,6300.0,551.0,0.7202786628401247,0.24961970595804522,0.0751869931262141,0.07324543120071592,0.01533152833145058,0.1438250428618358,372.0,0.05904761904761905,0.34946236559139787,0.23593466424682397,0.21559633027522937,0.17761904761904762,0.4355716878402904,0.4541284403669725,0.7202786628401247,3.8533353545430282
11,2021-02-18,logistic@all,logistic,all,142359.0,6300.0,551.0,0.728107373838234,0.24845005892996286,0.0747508558608125,0.07862125734468817,0.016166362285537614,0.15731296595233088,375.0,0.05952380952380952,0.36,0.24500907441016334,0.22477064220183487,0.17365079365079364,0.4500907441016334,0.463302752293578,0.728107373838234,3.9004972891821965
11,2021-02-18,logistic_quadratic@252,logistic_quadratic,252,24951.0,6300.0,551.0,0.7110659819635642,0.22160171257374014,0.07729989794564057,0.0472017750652135,0.015567237258212444,0.12127811830156715,267.0,0.04238095238095238,0.34831460674157305,0.16878402903811252,0.1834862385321101,0.16396825396825396,0.4029038112522686,0.45871559633027525,0.7110659819635642,2.220831747408784
11,2021-02-18,logistic_quadratic@756,logistic_quadratic,756,74445.0,6300.0,551.0,0.7259221914708438,0.24388653267858465,0.07592830083384478,0.06410807543787023,0.017101792626572774,0.14590983965480056,291.0,0.04619047619047619,0.36769759450171824,0.19419237749546278,0.19724770642201836,0.16984126984126985,0.4355716878402904,0.44036697247706424,0.7259221914708438,3.160998406700969
11,2021-02-18,logistic_quadratic@all,logistic_quadratic,all,142359.0,6300.0,551.0,0.7314757494320009,0.2420208169664425,0.07590815901911327,0.06435634336361373,0.01745259471507445,0.14631252421230231,284.0,0.04507936507936508,0.38380281690140844,0.19782214156079855,0.1926605504587156,0.17126984126984127,0.44464609800362975,0.44954128440366975,0.7314757494320009,3.0207546914317875
11,2021-02-18,hist_gradient_boosting@252,hist_gradient_boosting,252,24951.0,6300.0,551.0,0.7060048950357972,0.2105908275708053,0.076971285861835,0.051252246261983325,0.015755414352291993,0.13744387809453257,257.0,0.04079365079365079,0.35019455252918286,0.16333938294010888,0.1834862385321101,0.15476190476190477,0.38475499092558985,0.42201834862385323,0.7060048950357972,2.421572623225154
11,2021-02-18,hist_gradient_boosting@756,hist_gradient_boosting,756,74445.0,6300.0,551.0,0.720740827963768,0.23410604674699628,0.07594310593073687,0.06392558787432001,0.019451510319975728,0.1540623839656097,253.0,0.04015873015873016,0.37549407114624506,0.1724137931034483,0.1834862385321101,0.15603174603174602,0.42286751361161523,0.44954128440366975,0.720740827963768,3.674554206174091
11,2021-02-18,hist_gradient_boosting@all,hist_gradient_boosting,all,142359.0,6300.0,551.0,0.7330761224472402,0.24627238808428312,0.07583826006547775,0.06521791757934625,0.02021033597316851,0.15234564005557116,226.0,0.035873015873015876,0.38495575221238937,0.15789473684210525,0.16972477064220184,0.15396825396825398,0.426497277676951,0.44495412844036697,0.7330761224472402,3.688940460259895
11,2021-02-18,mlp@252,mlp,252,24951.0,6300.0,551.0,0.7136492450829451,0.2235107626384568,0.076369436257182,0.058670642019689856,0.015716384668564978,0.1389243535294941,320.0,0.050793650793650794,0.321875,0.1869328493647913,0.21100917431192662,0.1715873015873016,0.4101633393829401,0.4541284403669725,0.7136492450829451,2.8840820119687725
11,2021-02-18,mlp@756,mlp,756,74445.0,6300.0,551.0,0.7213276892785585,0.24594342167364927,0.07570787665287204,0.06682502298819193,0.019172226712044663,0.15402176416468458,243.0,0.03857142857142857,0.345679012345679,0.15245009074410162,0.1743119266055046,0.16587301587301587,0.4301270417422868,0.481651376146789,0.7213276892785585,3.6797055052713583
11,2021-02-18,mlp@all,mlp,all,142359.0,6300.0,551.0,0.7339622546207831,0.2506251961064705,0.07539768030502149,0.07064850189913574,0.019292270322067397,0.153608188539577,263.0,0.041746031746031746,0.3650190114068441,0.17422867513611615,0.1926605504587156,0.17714285714285713,0.4573502722323049,0.47706422018348627,0.7339622546207831,3.8551315812529445
12,2021-05-19,logistic@252,logistic,252,25014.0,6300.0,377.0,0.6446313006304156,0.08875764619549467,0.05686696785052685,0.0589959189460878,0.019404151625639913,0.1997976142211588,144.0,0.022857142857142857,0.08333333333333333,0.03183023872679045,0.05673758865248227,0.11888888888888889,0.1883289124668435,0.2978723404255319,0.6446313006304156,5.551809305830585
12,2021-05-19,logistic@756,logistic,756,74571.0,6300.0,377.0,0.700106718806469,0.10134356841302769,0.05612609041812606,0.07125556129737998,0.008250083901935476,0.2433728044423017,83.0,0.013174603174603174,0.0963855421686747,0.021220159151193633,0.03546099290780142,0.09682539682539683,0.16180371352785147,0.24113475177304963,0.700106718806469,5.663878869716046
12,2021-05-19,logistic@all,logistic,all,148659.0,6300.0,377.0,0.7125927743799627,0.10430923029739048,0.0559408184177292,0.07432134298169124,0.011669968358831039,0.2626670939366217,63.0,0.01,0.12698412698412698,0.021220159151193633,0.03546099290780142,0.08904761904761904,0.15384615384615385,0.18439716312056736,0.7125927743799627,5.271937818267875
12,2021-05-19,logistic_quadratic@252,logistic_quadratic,252,25014.0,6300.0,377.0,0.6756496165870494,0.09753780742682874,0.056339043786926724,0.06773172317676268,0.012436923493193279,0.2245213430031962,90.0,0.014285714285714285,0.1,0.023872679045092837,0.028368794326241134,0.10174603174603175,0.1724137931034483,0.2695035460992908,0.6756496165870494,5.297998960012059
12,2021-05-19,logistic_quadratic@756,logistic_quadratic,756,74571.0,6300.0,377.0,0.7050812572129239,0.10567306485096423,0.05592912487261596,0.0745148414939113,0.011732595701858226,0.2575737807281685,72.0,0.011428571428571429,0.125,0.023872679045092837,0.028368794326241134,0.0826984126984127,0.15119363395225463,0.19148936170212766,0.7050812572129239,5.2015781352554855
12,2021-05-19,logistic_quadratic@all,logistic_quadratic,all,148659.0,6300.0,377.0,0.7179981289501745,0.10984801805217667,0.055610273036587436,0.07979103064721782,0.014521116381496047,0.2566599694147483,75.0,0.011904761904761904,0.14666666666666667,0.029177718832891247,0.03546099290780142,0.0773015873015873,0.14588859416445624,0.16312056737588654,0.7179981289501745,5.006336900271354
12,2021-05-19,hist_gradient_boosting@252,hist_gradient_boosting,252,25014.0,6300.0,377.0,0.5585305407011556,0.0705034460988414,0.05909108866006135,0.022192360788564014,0.02814285751754289,0.23430489297371557,172.0,0.027301587301587302,0.06976744186046512,0.03183023872679045,0.0425531914893617,0.16238095238095238,0.13262599469496023,0.19858156028368795,0.5585305407011556,4.335256586404542
12,2021-05-19,hist_gradient_boosting@756,hist_gradient_boosting,756,74571.0,6300.0,377.0,0.6995529722508712,0.11014601378331146,0.05553682608214059,0.08100639145310995,0.010699511558494834,0.24281854886634988,67.0,0.010634920634920634,0.11940298507462686,0.021220159151193633,0.03546099290780142,0.07761904761904762,0.14588859416445624,0.19858156028368795,0.6995529722508712,5.3243317910296115
12,2021-05-19,hist_gradient_boosting@all,hist_gradient_boosting,all,148659.0,6300.0,377.0,0.7131552536956368,0.11038809315776969,0.05540392879790385,0.08320550442773633,0.013334708360482157,0.24155091393734027,53.0,0.008412698412698413,0.1509433962264151,0.021220159151193633,0.03546099290780142,0.07587301587301587,0.1273209549071618,0.16312056737588654,0.7131552536956368,5.586515836867127
12,2021-05-19,mlp@252,mlp,252,25014.0,6300.0,377.0,0.6227071466669293,0.08831193431385784,0.05662804164793722,0.0629495415886474,0.013208094250909245,0.23340928693616378,88.0,0.013968253968253968,0.1590909090909091,0.03713527851458886,0.03546099290780142,0.09492063492063492,0.13262599469496023,0.1773049645390071,0.6227071466669293,4.8387419627864245
12,2021-05-19,mlp@756,mlp,756,74571.0,6300.0,377.0,0.7050125147169399,0.10544875155710273,0.055569281896348334,0.08046933004861079,0.009198783858045548,0.23616605772042384,64.0,0.010158730158730159,0.109375,0.01856763925729443,0.02127659574468085,0.08904761904761904,0.16180371352785147,0.20567375886524822,0.7050125147169399,4.939540083547813
12,2021-05-19,mlp@all,mlp,all,148659.0,6300.0,377.0,0.7070996443751397,0.10517556929130184,0.05547603341409231,0.08201235591532563,0.01137231475567875,0.23857032194940858,62.0,0.009841269841269842,0.0967741935483871,0.015915119363395226,0.028368794326241134,0.07761904761904762,0.14058355437665782,0.19148936170212766,0.7070996443751397,5.2939895727879716
13,2021-08-18,logistic@252,logistic,252,25077.0,6300.0,339.0,0.6171595211549605,0.09125904764440863,0.0503092017219354,0.09006505370282414,0.0021041237420648244,0.09255121633274374,243.0,0.03857142857142857,0.1522633744855967,0.10914454277286136,0.15503875968992248,0.19111111111111112,0.3008849557522124,0.4108527131782946,0.6171595211549605,3.4441054145402434
13,2021-08-18,logistic@756,logistic,756,74697.0,6300.0,339.0,0.5932613116030996,0.08491394183736442,0.0504788500315609,0.08699665030493875,0.001422580783502971,0.09362370157335256,215.0,0.034126984126984124,0.14883720930232558,0.0943952802359882,0.12403100775193798,0.19142857142857142,0.27728613569321536,0.3953488372093023,0.5932613116030996,3.3871242478521415
13,2021-08-18,logistic@all,logistic,all,154959.0,6300.0,339.0,0.5915604823684332,0.08780335794181743,0.05042819110329447,0.08791291070251706,0.0019376022027132614,0.09791771426156166,201.0,0.03190476190476191,0.16417910447761194,0.09734513274336283,0.11627906976744186,0.18,0.26548672566371684,0.35658914728682173,0.5915604823684332,3.3834245536620684
13,2021-08-18,logistic_quadratic@252,logistic_quadratic,252,25077.0,6300.0,339.0,0.6089641667891441,0.08061835481075355,0.05056871075821878,0.08537135289041009,0.004326377975460532,0.0993372519176164,283.0,0.04492063492063492,0.0989399293286219,0.08259587020648967,0.10852713178294573,0.20444444444444446,0.31563421828908556,0.40310077519379844,0.6089641667891441,3.210670686044961
13,2021-08-18,logistic_quadratic@756,logistic_quadratic,756,74697.0,6300.0,339.0,0.604083375767464,0.08394669310665054,0.05048681053596541,0.08685266986200002,0.002222789690845029,0.10086704936765198,206.0,0.0326984126984127,0.14563106796116504,0.08849557522123894,0.11627906976744186,0.19333333333333333,0.3008849557522124,0.3875968992248062,0.604083375767464,3.0735133910996226
13,2021-08-18,logistic_quadratic@all,logistic_quadratic,all,154959.0,6300.0,339.0,0.5997444549849341,0.08904375648795174,0.050421444051355124,0.0880349436136737,0.0026218483017974655,0.10825657230484634,221.0,0.03507936507936508,0.15384615384615385,0.10029498525073746,0.11627906976744186,0.18428571428571427,0.28023598820059,0.3643410852713178,0.5997444549849341,3.2818391227577104
13,2021-08-18,hist_gradient_boosting@252,hist_gradient_boosting,252,25077.0,6300.0,339.0,0.5871777665939719,0.08697784875027574,0.05058833367357139,0.08501643617902477,0.0012889019388356623,0.09856337577405765,280.0,0.044444444444444446,0.12142857142857143,0.10029498525073746,0.13953488372093023,0.2026984126984127,0.2861356932153392,0.3643410852713178,0.5871777665939719,2.7770600802308993
13,2021-08-18,hist_gradient_boosting@756,hist_gradient_boosting,756,74697.0,6300.0,339.0,0.5796437908351185,0.08966483988062211,0.05053247293492003,0.08602678093674487,0.003926551156558746,0.10544184596702841,245.0,0.03888888888888889,0.12653061224489795,0.09144542772861357,0.12403100775193798,0.20714285714285716,0.2861356932153392,0.3798449612403101,0.5796437908351185,3.325277692389926
13,2021-08-18,hist_gradient_boosting@all,hist_gradient_boosting,all,154959.0,6300.0,339.0,0.5947213920968102,0.0984980771942854,0.05042928200295763,0.08789317976478717,0.0029173436481977288,0.10730343111973129,240.0,0.0380952380952381,0.12916666666666668,0.09144542772861357,0.11627906976744186,0.2011111111111111,0.2920353982300885,0.3875968992248062,0.5947213920968102,3.451142787995502
13,2021-08-18,mlp@252,mlp,252,25077.0,6300.0,339.0,0.6076307701139017,0.08631943831206969,0.05053383299252879,0.08600218177983476,0.0038833506321549116,0.1147447247206839,247.0,0.0392063492063492,0.13765182186234817,0.10029498525073746,0.13178294573643412,0.19984126984126985,0.2949852507374631,0.3643410852713178,0.6076307701139017,3.29533856832581
13,2021-08-18,mlp@756,mlp,756,74697.0,6300.0,339.0,0.5920889914236045,0.08144260375978755,0.05056809635574634,0.08538246549529405,0.0016715949438382994,0.1038733342240583,213.0,0.03380952380952381,0.14084507042253522,0.08849557522123894,0.12403100775193798,0.19634920634920636,0.27728613569321536,0.37209302325581395,0.5920889914236045,3.0756868194292717
13,2021-08-18,mlp@all,mlp,all,154959.0,6300.0,339.0,0.6138169982962016,0.09204551284165538,0.05039940921857787,0.0884334843118676,0.0019535114802878934,0.10912988156215249,203.0,0.03222222222222222,0.14285714285714285,0.0855457227138643,0.11627906976744186,0.19507936507936507,0.30678466076696165,0.3798449612403101,0.6138169982962016,3.3452710498090905
14,2021-11-16,logistic@252,logistic,252,25140.0,6300.0,1102.0,0.6354049337697243,0.2934862452767274,0.14632646829970328,0.006157955165225548,0.08908238487213134,0.10523644493364052,1348.0,0.21396825396825397,0.2922848664688427,0.35753176043557167,0.4075067024128686,0.4792063492063492,0.6079854809437386,0.707774798927614,0.6354049337697243,3.468037512438304
14,2021-11-16,logistic@756,logistic,756,74823.0,6300.0,1102.0,0.6445973566546955,0.28368654588023445,0.1499311505681819,-0.01832486628404828,0.09873186262866636,0.0889455580730035,1422.0,0.2257142857142857,0.2883263009845288,0.3720508166969147,0.42359249329758714,0.4873015873015873,0.6415607985480943,0.7319034852546917,0.6445973566546955,2.950788302873567
14,2021-11-16,logistic@all,logistic,all,161259.0,6300.0,1102.0,0.6444482695773678,0.28863307383314873,0.1485760924267529,-0.00912137924717471,0.09480823245931379,0.09192233457074506,1570.0,0.2492063492063492,0.2789808917197452,0.397459165154265,0.46380697050938335,0.5103174603174603,0.6542649727767695,0.7533512064343163,0.6444482695773678,2.908596312488882
14,2021-11-16,logistic_quadratic@252,logistic_quadratic,252,25140.0,6300.0,1102.0,0.6324165583719551,0.2950840964748573,0.1487587454980989,-0.010361949760706368,0.09486552780940216,0.1072581469311967,1196.0,0.18984126984126984,0.2968227424749164,0.3221415607985481,0.3806970509383378,0.45031746031746034,0.5898366606170599,0.6863270777479893,0.6324165583719551,2.7985541439691923
14,2021-11-16,logistic_quadratic@756,logistic_quadratic,756,74823.0,6300.0,1102.0,0.6425378950021962,0.27951780425670003,0.14846767773307876,-0.008385032077019794,0.09248378768910698,0.09839632895450638,1568.0,0.24888888888888888,0.27869897959183676,0.39655172413793105,0.45576407506702415,0.503968253968254,0.6588021778584392,0.7453083109919572,0.6425378950021962,2.846408800308788
14,2021-11-16,logistic_quadratic@all,logistic_quadratic,all,161259.0,6300.0,1102.0,0.6493236264960207,0.2824574550268529,0.1483805649467315,-0.007793366394654555,0.09244263339253798,0.10050691708204434,1572.0,0.24952380952380954,0.2767175572519084,0.39473684210526316,0.44235924932975873,0.5107936507936508,0.6724137931034483,0.7667560321715817,0.6493236264960207,2.72685088312073
14,2021-11-16,hist_gradient_boosting@252,hist_gradient_boosting,252,25140.0,6300.0,1102.0,0.638617987233677,0.2827349623495845,0.1501180115320932,-0.019594016593157182,0.09789725352971076,0.10363312139896094,1181.0,0.18746031746031747,0.29974597798475866,0.32123411978221417,0.4155495978552279,0.43603174603174605,0.5789473684210527,0.707774798927614,0.638617987233677,2.493057218382721
14,2021-11-16,hist_gradient_boosting@756,hist_gradient_boosting,756,74823.0,6300.0,1102.0,0.6411826690287832,0.2748641950501351,0.14959857347693994,-0.01606601933540097,0.09584692259889654,0.09514687290115634,1519.0,0.2411111111111111,0.27320605661619485,0.3765880217785844,0.4289544235924933,0.4953968253968254,0.6560798548094374,0.7345844504021448,0.6411826690287832,2.639743828879318
14,2021-11-16,hist_gradient_boosting@all,hist_gradient_boosting,all,161259.0,6300.0,1102.0,0.6560246890993254,0.2911238530426839,0.14868054927103455,-0.009830844902460223,0.09410431453540338,0.10016088451127882,1542.0,0.24476190476190476,0.2918287937743191,0.40834845735027225,0.4772117962466488,0.5152380952380953,0.6814882032667876,0.7828418230563002,0.6560246890993254,2.8346364701305973
14,2021-11-16,mlp@252,mlp,252,25140.0,6300.0,1102.0,0.641238009313927,0.2930141970119578,0.14904880920104685,-0.012332047905081023,0.09416403091421602,0.11095845452244874,1172.0,0.18603174603174602,0.3165529010238908,0.3366606170598911,0.38605898123324395,0.4507936507936508,0.5798548094373865,0.675603217158177,0.641238009313927,2.7286879296252806
14,2021-11-16,mlp@756,mlp,756,74823.0,6300.0,1102.0,0.6427211987857957,0.2644179520390829,0.14958945293592155,-0.01600407307754992,0.09497005907359878,0.0998610936105338,1379.0,0.21888888888888888,0.27846265409717186,0.3484573502722323,0.38873994638069703,0.4915873015873016,0.6533575317604355,0.7184986595174263,0.6427211987857957,2.7193962073046585
14,2021-11-16,mlp@all,mlp,all,161259.0,6300.0,1102.0,0.6561301324186533,0.2767286878872134,0.14852838504909124,-0.008797353127225849,0.09266812719909993,0.10464856062746077,1506.0,0.23904761904761904,0.2948207171314741,0.4029038112522686,0.46648793565683644,0.49952380952380954,0.677858439201452,0.7721179624664879,0.6561301324186533,2.876595269762729
15,2022-02-16,logistic@252,logistic,252,25200.0,6300.0,1518.0,0.6404107079193,0.350148769729665,0.17901691119065563,0.0994629219766957,0.062227474106804556,0.31704998637557646,449.0,0.07126984126984127,0.44320712694877507,0.1310935441370224,0.162,0.30428571428571427,0.44466403162055335,0.456,0.6404107079193,3.0859211883274034
15,2022-02-16,logistic@756,logistic,756,74949.0,6300.0,1518.0,0.6556153978825955,0.36735471299024225,0.1764510266270913,0.11237049686472633,0.061017556014129615,0.33363502055083416,449.0,0.07126984126984127,0.45657015590200445,0.13504611330698288,0.162,0.31857142857142856,0.4762845849802372,0.494,0.6556153978825955,3.7180476058728282
15,2022-02-16,logistic@all,logistic,all,167559.0,6300.0,1518.0,0.6501525814029224,0.35956769783508047,0.17704546577510946,0.10938019561408752,0.05802606700782249,0.3318434786172647,453.0,0.0719047619047619,0.4481236203090508,0.13372859025032938,0.162,0.336031746031746,0.48287220026350464,0.506,0.6501525814029224,3.3860403743441116
15,2022-02-16,logistic_quadratic@252,logistic_quadratic,252,25200.0,6300.0,1518.0,0.6077858945132962,0.3168562254226261,0.18233247718894194,0.08278410601326835,0.06224857184085195,0.2996438286948297,454.0,0.07206349206349207,0.3590308370044053,0.10737812911725955,0.174,0.3073015873015873,0.41040843214756256,0.452,0.6077858945132962,2.783310812652417
15,2022-02-16,logistic_quadratic@756,logistic_quadratic,756,74949.0,6300.0,1518.0,0.638593396735342,0.3433502738987482,0.17861743560056564,0.10147246721043146,0.057970913456969746,0.3208641201823004,477.0,0.07571428571428572,0.4192872117400419,0.13175230566534915,0.152,0.31476190476190474,0.45652173913043476,0.478,0.638593396735342,3.1081990481815707
15,2022-02-16,logistic_quadratic@all,logistic_quadratic,all,167559.0,6300.0,1518.0,0.6385126702076133,0.34018142636611826,0.17840863127982998,0.10252284860525773,0.05575462725216671,0.3150213740294595,492.0,0.07809523809523809,0.39634146341463417,0.12845849802371542,0.164,0.319047619047619,0.45718050065876153,0.486,0.6385126702076133,3.156551634169679
15,2022-02-16,hist_gradient_boosting@252,hist_gradient_boosting,252,25200.0,6300.0,1518.0,0.6170688252885077,0.337007554624668,0.17939346273809423,0.09756869517990796,0.05348590639955175,0.3241015069800403,541.0,0.08587301587301588,0.4121996303142329,0.1469038208168643,0.2,0.3323809523809524,0.4552042160737813,0.506,0.6170688252885077,3.130847914011662
15,2022-02-16,hist_gradient_boosting@756,hist_gradient_boosting,756,74949.0,6300.0,1518.0,0.6350608534750154,0.34125027889978626,0.17851451078627367,0.10199022618025233,0.05315750432767333,0.3171986014419388,559.0,0.08873015873015873,0.3935599284436494,0.14492753623188406,0.202,0.336031746031746,0.4756258234519104,0.508,0.6350608534750154,3.066420759474417
15,2022-02-16,hist_gradient_boosting@all,hist_gradient_boosting,all,167559.0,6300.0,1518.0,0.639821514473743,0.35354650042881275,0.1771343415783359,0.1089331096063344,0.04847232057508864,0.3175746420111689,581.0,0.09222222222222222,0.423407917383821,0.16205533596837945,0.214,0.3387301587301587,0.48155467720685113,0.5,0.639821514473743,3.7092138057460184
15,2022-02-16,mlp@252,mlp,252,25200.0,6300.0,1518.0,0.6367625852105695,0.3395583779180451,0.17893580544687926,0.0998709210256431,0.05878782070414785,0.29591321031003376,493.0,0.07825396825396826,0.41379310344827586,0.13438735177865613,0.15,0.3084126984126984,0.4420289855072464,0.48,0.6367625852105695,3.63018379913118
15,2022-02-16,mlp@756,mlp,756,74949.0,6300.0,1518.0,0.6220594742361149,0.32051350933167255,0.18003716713339238,0.09433056716509058,0.05261621493596993,0.30686499014869517,554.0,0.08793650793650794,0.36101083032490977,0.13175230566534915,0.186,0.35777777777777775,0.4914361001317523,0.538,0.6220594742361149,3.1055202195943914
15,2022-02-16,mlp@all,mlp,all,167559.0,6300.0,1518.0,0.6299982256694929,0.3299972261093363,0.17857685197955822,0.10167662141706224,0.04870016018835316,0.3017490973590346,546.0,0.08666666666666667,0.37362637362637363,0.13438735177865613,0.176,0.3426984126984127,0.4782608695652174,0.508,0.6299982256694929,3.4006697846157716
16,2022-05-18,logistic@252,logistic,252,25200.0,6300.0,1055.0,0.6273464685392091,0.25120030176091684,0.1452153773138963,-0.019885681798841315,0.08722812956402466,0.4784887641157217,330.0,0.05238095238095238,0.33636363636363636,0.1052132701421801,0.12052117263843648,0.2346031746031746,0.35639810426540286,0.42671009771986973,0.6273464685392091,3.4153379162385833
16,2022-05-18,logistic@756,logistic,756,75075.0,6300.0,1055.0,0.5991356245397331,0.23622539363466036,0.14407755877523418,-0.011894483776070164,0.0673615900141576,0.4869720713160832,224.0,0.035555555555555556,0.33035714285714285,0.07014218009478673,0.10423452768729642,0.17492063492063492,0.2672985781990521,0.36807817589576547,0.5991356245397331,4.29452469626442
16,2022-05-18,logistic@all,logistic,all,173859.0,6300.0,1055.0,0.6263470965351791,0.24344030201546812,0.14283156413928214,-0.003143536649728551,0.07170519611541881,0.4737914686281785,263.0,0.041746031746031746,0.3269961977186312,0.08151658767772511,0.10423452768729642,0.18698412698412697,0.2862559241706161,0.3713355048859935,0.6263470965351791,3.8291889302200026
16,2022-05-18,logistic_quadratic@252,logistic_quadratic,252,25200.0,6300.0,1055.0,0.5984794365204505,0.21508902263368276,0.14613010819977704,-0.026310076724954,0.08950935207424222,0.38125747206697747,492.0,0.07809523809523809,0.23983739837398374,0.11184834123222749,0.18892508143322476,0.25126984126984125,0.3412322274881517,0.4527687296416938,0.5984794365204505,2.206994152919989
16,2022-05-18,logistic_quadratic@756,logistic_quadratic,756,75075.0,6300.0,1055.0,0.6097098116463886,0.23222388176882974,0.1445931873479038,-0.015515878480402145,0.07549088786754934,0.4540145015991248,249.0,0.039523809523809524,0.2891566265060241,0.06824644549763033,0.14332247557003258,0.2007936507936508,0.2881516587677725,0.40390879478827363,0.6097098116463886,3.561201602191253
16,2022-05-18,logistic_quadratic@all,logistic_quadratic,all,173859.0,6300.0,1055.0,0.6192293269600025,0.23226746821419458,0.1440866125827444,-0.011958071040836682,0.07747671443085077,0.4345352409121373,309.0,0.04904761904761905,0.255663430420712,0.07488151658767772,0.1237785016286645,0.21079365079365078,0.3023696682464455,0.4201954397394137,0.6192293269600025,3.395383308410445
16,2022-05-18,hist_gradient_boosting@252,hist_gradient_boosting,252,25200.0,6300.0,1055.0,0.6300233578357181,0.23119691850272167,0.1435540724134949,-0.008217901758170054,0.08107847244577318,0.4469996419209003,248.0,0.03936507936507937,0.2217741935483871,0.052132701421800945,0.08794788273615635,0.21936507936507937,0.34786729857819904,0.41368078175895767,0.6300233578357181,3.414533343970646
16,2022-05-18,hist_gradient_boosting@756,hist_gradient_boosting,756,75075.0,6300.0,1055.0,0.6199359353751486,0.23472263481978903,0.14289978402708048,-0.003622662814370514,0.07436134580471823,0.45882995271914023,175.0,0.027777777777777776,0.2742857142857143,0.04549763033175355,0.10423452768729642,0.18444444444444444,0.2976303317535545,0.4169381107491857,0.6199359353751486,3.463690678225686
16,2022-05-18,hist_gradient_boosting@all,hist_gradient_boosting,all,173859.0,6300.0,1055.0,0.6211814456557587,0.23193121047563217,0.1428035744558021,-0.0029469577615459652,0.07208653620999586,0.44250152402131715,215.0,0.034126984126984124,0.2651162790697674,0.05402843601895735,0.11074918566775244,0.18857142857142858,0.2938388625592417,0.36156351791530944,0.6211814456557587,4.010949270253375
16,2022-05-18,mlp@252,mlp,252,25200.0,6300.0,1055.0,0.6284371032669345,0.2548393996305126,0.14310076596646482,-0.005034211687980239,0.07907500394516594,0.4539821847377567,299.0,0.04746031746031746,0.34782608695652173,0.0985781990521327,0.1270358306188925,0.21571428571428572,0.33744075829383885,0.40390879478827363,0.6284371032669345,3.7062464618903155
16,2022-05-18,mlp@756,mlp,756,75075.0,6300.0,1055.0,0.625968491770542,0.22927165138431416,0.1419176461360771,0.00327514918815075,0.07015021656455263,0.4348666912461395,202.0,0.032063492063492065,0.2871287128712871,0.054976303317535544,0.1237785016286645,0.1653968253968254,0.24454976303317535,0.40716612377850164,0.625968491770542,3.375528862775377
16,2022-05-18,mlp@all,mlp,all,173859.0,6300.0,1055.0,0.6286026411974392,0.23539435477711432,0.14201538699092772,0.0025886895291750145,0.07256463464729297,0.42297705982041855,242.0,0.03841269841269841,0.29338842975206614,0.06729857819905213,0.14332247557003258,0.1746031746031746,0.25971563981042656,0.38762214983713356,0.6286026411974392,3.5827093843004527
17,2022-08-18,logistic@252,logistic,252,25200.0,6300.0,1254.0,0.5835278752858076,0.2558277112494785,0.15920209240728922,0.03243763495610863,0.047698994524258964,0.29368886478892453,156.0,0.024761904761904763,0.30128205128205127,0.037480063795853266,0.05980861244019139,0.12825396825396826,0.20334928229665072,0.21052631578947367,0.5835278752858076,2.410539088881971
17,2022-08-18,logistic@756,logistic,756,75201.0,6300.0,1254.0,0.5807914870590883,0.2565909478256403,0.15858384221706026,0.03619509572312163,0.038157777268815404,0.2700353332655511,196.0,0.03111111111111111,0.2857142857142857,0.044657097288676235,0.06698564593301436,0.14936507936507937,0.22567783094098884,0.2703349282296651,0.5807914870590883,2.4510447920502396
17,2022-08-18,logistic@all,logistic,all,180159.0,6300.0,1254.0,0.5883242589231701,0.2645080725301001,0.15832321841294272,0.037779055961870034,0.04158843426920366,0.28444711641653964,192.0,0.030476190476190476,0.3020833333333333,0.046251993620414676,0.05980861244019139,0.1415873015873016,0.22727272727272727,0.24880382775119617,0.5883242589231701,2.5249174036807633
17,2022-08-18,logistic_quadratic@252,logistic_quadratic,252,25200.0,6300.0,1254.0,0.579428429106131,0.256173926286548,0.15910824651947522,0.0330079902057786,0.04321823559065801,0.2542092845282243,137.0,0.021746031746031746,0.3722627737226277,0.04066985645933014,0.06937799043062201,0.12968253968253968,0.1850079744816587,0.22248803827751196,0.579428429106131,1.9036023600637062
17,2022-08-18,logistic_quadratic@756,logistic_quadratic,756,75201.0,6300.0,1254.0,0.5649444567712294,0.24703365371317476,0.15947380882291912,0.03078625855927375,0.041287265439163695,0.264382641993778,228.0,0.03619047619047619,0.3508771929824561,0.06379585326953748,0.09090909090909091,0.1373015873015873,0.20494417862838915,0.24162679425837322,0.5649444567712294,2.2318344047786893
17,2022-08-18,logistic_quadratic@all,logistic_quadratic,all,180159.0,6300.0,1254.0,0.574459154407837,0.257503356563957,0.15903662158447746,0.03344329598885376,0.042246373086304835,0.264376827334985,258.0,0.040952380952380955,0.32558139534883723,0.06698564593301436,0.10287081339712918,0.13380952380952382,0.20813397129186603,0.23684210526315788,0.574459154407837,2.339492106824847
17,2022-08-18,hist_gradient_boosting@252,hist_gradient_boosting,252,25200.0,6300.0,1254.0,0.6029269950901467,0.2720042447826278,0.15799442386276427,0.03977732889769503,0.04487471421062425,0.2671095276366819,109.0,0.0173015873015873,0.3302752293577982,0.028708133971291867,0.050239234449760764,0.11888888888888889,0.20813397129186603,0.22488038277511962,0.6029269950901467,2.4351336985518888
17,2022-08-18,hist_gradient_boosting@756,hist_gradient_boosting,756,75201.0,6300.0,1254.0,0.5797170023028964,0.26221980401570577,0.158684537063663,0.03558311542529091,0.0414089409055869,0.2719079607941856,208.0,0.03301587301587302,0.3605769230769231,0.05980861244019139,0.09330143540669857,0.14682539682539683,0.22727272727272727,0.23923444976076555,0.5797170023028964,2.514590002162687
17,2022-08-18,hist_gradient_boosting@all,hist_gradient_boosting,all,180159.0,6300.0,1254.0,0.590924657426003,0.2752776443173381,0.1580104507432528,0.03967992435887735,0.041066431795586146,0.2649422760217178,209.0,0.033174603174603176,0.4354066985645933,0.07256778309409888,0.1076555023923445,0.1484126984126984,0.24003189792663476,0.2535885167464115,0.590924657426003,2.7638320868339292
17,2022-08-18,mlp@252,mlp,252,25200.0,6300.0,1254.0,0.5973394056972503,0.2727247166392648,0.15834100907826928,0.037670931891647164,0.045460102018406084,0.2663819823990869,113.0,0.017936507936507938,0.3185840707964602,0.028708133971291867,0.0430622009569378,0.11444444444444445,0.1937799043062201,0.22966507177033493,0.5973394056972503,2.3020304731215733
17,2022-08-18,mlp@756,mlp,756,75201.0,6300.0,1254.0,0.5542569761701122,0.24401629482898102,0.16036082779076596,0.025395335881115644,0.04276824724504405,0.2714952050286949,228.0,0.03619047619047619,0.3157894736842105,0.05741626794258373,0.08851674641148326,0.14412698412698413,0.19138755980861244,0.24641148325358853,0.5542569761701122,2.676026002038542
17,2022-08-18,mlp@all,mlp,all,180159.0,6300.0,1254.0,0.5587645495571524,0.24640258205871013,0.16041641629615339,0.025057492672344805,0.042525789618218075,0.2713145348083789,234.0,0.037142857142857144,0.3418803418803419,0.06379585326953748,0.09808612440191387,0.1526984126984127,0.2113237639553429,0.2679425837320574,0.5587645495571524,3.2499691491725127
18,2022-11-16,logistic@252,logistic,252,25200.0,6300.0,659.0,0.6890936964598288,0.2305606079762212,0.09965696339210657,-0.05346525663489654,0.1037816492060431,0.2895069678805842,280.0,0.044444444444444446,0.3392857142857143,0.1441578148710167,0.14624505928853754,0.16428571428571428,0.37784522003034904,0.391304347826087,0.6890936964598288,1.5529860669591409
18,2022-11-16,logistic@756,logistic,756,75288.0,6300.0,659.0,0.703343906081074,0.2411277445232223,0.09798204347313011,-0.03575982108650422,0.09660812426391607,0.2964697856285593,209.0,0.033174603174603176,0.35406698564593303,0.11229135053110774,0.1225296442687747,0.1407936507936508,0.3626707132018209,0.39920948616600793,0.703343906081074,2.062650020317726
18,2022-11-16,logistic@all,logistic,all,186459.0,6300.0,659.0,0.6980641676388913,0.22384580137689983,0.0974622468378401,-0.03026509520729781,0.09153583799815097,0.32079874963306215,151.0,0.02396825396825397,0.3509933774834437,0.08042488619119878,0.07905138339920949,0.13825396825396824,0.3292867981790592,0.3794466403162055,0.6980641676388913,2.1766047855849453
18,2022-11-16,logistic_quadratic@252,logistic_quadratic,252,25200.0,6300.0,659.0,0.6816213076868656,0.2067874868312375,0.10049188534221597,-0.06229114532850866,0.101240189014281,0.28309794731295834,252.0,0.04,0.2976190476190476,0.11380880121396054,0.14624505928853754,0.16777777777777778,0.3626707132018209,0.4189723320158103,0.6816213076868656,1.3095706643809653
18,2022-11-16,logistic_quadratic@756,logistic_quadratic,756,75288.0,6300.0,659.0,0.707359057453572,0.23354966862579082,0.09840785420284748,-0.04026102997739378,0.09617705862644756,0.29258036159131984,139.0,0.022063492063492063,0.3381294964028777,0.07132018209408195,0.08695652173913043,0.13714285714285715,0.34597875569044007,0.3794466403162055,0.707359057453572,1.582738847242951
18,2022-11-16,logistic_quadratic@all,logistic_quadratic,all,186459.0,6300.0,659.0,0.6977039714920487,0.2201435793372318,0.09781174965490602,-0.03395965966463832,0.09250231108609853,0.3036432379167889,144.0,0.022857142857142857,0.3541666666666667,0.07738998482549317,0.09090909090909091,0.1253968253968254,0.3141122913505311,0.35968379446640314,0.6977039714920487,1.786330273591102
18,2022-11-16,hist_gradient_boosting@252,hist_gradient_boosting,252,25200.0,6300.0,659.0,0.6710479771045449,0.20303522934785673,0.09969967850557389,-0.05391679445462705,0.0989609724315598,0.31330608753727157,295.0,0.046825396825396826,0.3288135593220339,0.1471927162367223,0.16205533596837945,0.17476190476190476,0.3535660091047041,0.4150197628458498,0.6710479771045449,2.1897488480052294
18,2022-11-16,hist_gradient_boosting@756,hist_gradient_boosting,756,75288.0,6300.0,659.0,0.6822700104561794,0.2233145001571729,0.09797455667483763,-0.03568067878057701,0.09509638521499165,0.30395368559406843,183.0,0.029047619047619048,0.3825136612021858,0.1062215477996965,0.09881422924901186,0.1292063492063492,0.30197268588770865,0.3438735177865613,0.6822700104561794,1.920195865238913
18,2022-11-16,hist_gradient_boosting@all,hist_gradient_boosting,all,186459.0,6300.0,659.0,0.6817194940898511,0.21877914622763733,0.09756157841234625,-0.03131512080578336,0.09095480122373506,0.3077769335436947,183.0,0.029047619047619048,0.366120218579235,0.10166919575113809,0.11067193675889328,0.1303174603174603,0.2959028831562974,0.3359683794466403,0.6817194940898511,2.353225703462189
18,2022-11-16,mlp@252,mlp,252,25200.0,6300.0,659.0,0.6734591930584095,0.1861522413300576,0.1004276781986298,-0.061612417092232086,0.10100351390796843,0.31004205644587624,409.0,0.06492063492063492,0.22249388753056235,0.13808801213960548,0.15810276679841898,0.18761904761904763,0.37177541729893776,0.4031620553359684,0.6734591930584095,2.2358090001889708
18,2022-11-16,mlp@756,mlp,756,75288.0,6300.0,659.0,0.6964783899797146,0.22539662279572045,0.09937360579031716,-0.05046990760430203,0.09824519290250056,0.2820051519413774,162.0,0.025714285714285714,0.32098765432098764,0.07890743550834597,0.10276679841897234,0.12571428571428572,0.3201820940819423,0.3715415019762846,0.6964783899797146,1.4793487218362704
18,2022-11-16,mlp@all,mlp,all,186459.0,6300.0,659.0,0.6872465815664041,0.2220471235257448,0.09909403128259532,-0.047514549338297574,0.09674537859315471,0.27842903074482833,150.0,0.023809523809523808,0.3333333333333333,0.07587253414264036,0.09486166007905138,0.11968253968253968,0.3110773899848255,0.34782608695652173,0.6872465815664041,1.7298487108212468
19,2023-02-17,logistic@252,logistic,252,25200.0,6300.0,589.0,0.5915706709626286,0.16106566375549866,0.08329277835464832,0.04985756757315041,0.01612793852209817,0.2228432065771588,126.0,0.02,0.30952380952380953,0.06621392190152801,0.06167400881057269,0.11412698412698413,0.21222410865874364,0.24669603524229075,0.5915706709626286,4.569168826875367
19,2023-02-17,logistic@756,logistic,756,75351.0,6300.0,589.0,0.6132394547917684,0.16859179099336086,0.08297618366743705,0.05346904568857036,0.016456602923560572,0.22563204219464575,185.0,0.029365079365079365,0.3027027027027027,0.09507640067911714,0.1013215859030837,0.13158730158730159,0.24787775891341257,0.30837004405286345,0.6132394547917684,5.4182706180249
19,2023-02-17,logistic@all,logistic,all,192759.0,6300.0,589.0,0.614251411879318,0.1712356523874639,0.08287963894866052,0.054570356459423985,0.020107550514520265,0.2221673826852863,223.0,0.0353968253968254,0.2556053811659193,0.0967741935483871,0.0881057268722467,0.13523809523809524,0.2631578947368421,0.3039647577092511,0.614251411879318,4.60276306795098
19,2023-02-17,logistic_quadratic@252,logistic_quadratic,252,25200.0,6300.0,589.0,0.5793825932084123,0.13494187618130393,0.08412150703450937,0.04040404351909155,0.013111047210658758,0.18292101037189817,132.0,0.02095238095238095,0.25,0.05602716468590832,0.07048458149779736,0.11444444444444445,0.17826825127334464,0.2599118942731278,0.5793825932084123,3.222842074488977
19,2023-02-17,logistic_quadratic@756,logistic_quadratic,756,75351.0,6300.0,589.0,0.6125122964380241,0.1600166228385751,0.08328617495406004,0.049932894284795415,0.019997974262432164,0.2141980272800139,219.0,0.034761904761904765,0.2694063926940639,0.100169779286927,0.1277533039647577,0.13126984126984126,0.2495755517826825,0.31277533039647576,0.6125122964380241,4.423342442706356
19,2023-02-17,logistic_quadratic@all,logistic_quadratic,all,192759.0,6300.0,589.0,0.610006186494416,0.15402393300756856,0.0835697546246071,0.04669802706961934,0.019049693563552354,0.21635062565280935,206.0,0.0326984126984127,0.2524271844660194,0.08828522920203735,0.10572687224669604,0.13873015873015873,0.2614601018675722,0.31277533039647576,0.610006186494416,4.116511963759313
19,2023-02-17,hist_gradient_boosting@252,hist_gradient_boosting,252,25200.0,6300.0,589.0,0.5944907498382028,0.1521234761294028,0.08384923631915903,0.04350990653473119,0.01563939485972787,0.17977229760425173,108.0,0.017142857142857144,0.25,0.04584040747028863,0.048458149779735685,0.11888888888888889,0.20882852292020374,0.2643171806167401,0.5944907498382028,3.294801438498679
19,2023-02-17,hist_gradient_boosting@756,hist_gradient_boosting,756,75351.0,6300.0,589.0,0.6006766496847742,0.15457256136618816,0.08351690206408731,0.04730093000315394,0.016375855894226018,0.21577068331663746,172.0,0.027301587301587302,0.2558139534883721,0.07470288624787776,0.0881057268722467,0.12571428571428572,0.24108658743633277,0.3039647577092511,0.6006766496847742,4.243129073654587
19,2023-02-17,hist_gradient_boosting@all,hist_gradient_boosting,all,192759.0,6300.0,589.0,0.6096399317553263,0.155960044975591,0.08349714254794226,0.047526331954013235,0.017030048741506525,0.2076068542518209,154.0,0.024444444444444446,0.2727272727272727,0.07130730050933787,0.07929515418502203,0.12476190476190477,0.24108658743633277,0.28634361233480177,0.6096399317553263,4.3678903407514085
19,2023-02-17,mlp@252,mlp,252,25200.0,6300.0,589.0,0.5980990427730241,0.150495892871652,0.08377883153454238,0.04431303226341465,0.013544017607126995,0.18100269993118967,99.0,0.015714285714285715,0.30303030303030304,0.050933786078098474,0.05286343612334802,0.11936507936507937,0.19864176570458403,0.2555066079295154,0.5980990427730241,3.0357635522578272
19,2023-02-17,mlp@756,mlp,756,75351.0,6300.0,589.0,0.6008741953618237,0.15273187978732602,0.08362374814832377,0.046082108871513205,0.015667207917233413,0.1935060865366836,212.0,0.03365079365079365,0.23113207547169812,0.0831918505942275,0.1277533039647577,0.1265079365079365,0.23599320882852293,0.30837004405286345,0.6008741953618237,4.1055420279758605
19,2023-02-17,mlp@all,mlp,all,192759.0,6300.0,589.0,0.6149931371829125,0.15699601739837848,0.08342971152063575,0.048295535257969036,0.01835782027349233,0.1994516517912349,179.0,0.028412698412698414,0.2569832402234637,0.07809847198641766,0.0881057268722467,0.12746031746031747,0.24787775891341257,0.29955947136563876,0.6149931371829125,4.149693590532712
20,2023-05-19,logistic@252,logistic,252,25200.0,6300.0,366.0,0.6567667843546774,0.13477513561317148,0.0548674201130677,0.13619852006106792,0.04279023775964425,0.2043595991397421,233.0,0.03698412698412699,0.2317596566523605,0.14754098360655737,0.152317880794702,0.14904761904761904,0.3251366120218579,0.33112582781456956,0.6567667843546774,4.135294715092374
20,2023-05-19,logistic@756,logistic,756,75414.0,6300.0,366.0,0.6660335641049725,0.12639281055249285,0.05492664220841484,0.13526616104909828,0.04180411690757398,0.20281615232419592,217.0,0.034444444444444444,0.2350230414746544,0.13934426229508196,0.13245033112582782,0.13746031746031745,0.2814207650273224,0.31788079470198677,0.6660335641049725,4.153231650847788
20,2023-05-19,logistic@all,logistic,all,199059.0,6300.0,366.0,0.6747487388596971,0.13640134810546325,0.05435701903117325,0.14423398462262926,0.038623395289712495,0.21852838499484017,175.0,0.027777777777777776,0.24,0.11475409836065574,0.09933774834437085,0.12174603174603174,0.2978142076502732,0.32450331125827814,0.6747487388596971,3.5916791581493968
20,2023-05-19,logistic_quadratic@252,logistic_quadratic,252,25200.0,6300.0,366.0,0.6404985809293853,0.11382709163576632,0.05543919314921754,0.12719685033069583,0.04225655392853914,0.18901292256705793,219.0,0.034761904761904765,0.1963470319634703,0.11748633879781421,0.152317880794702,0.14126984126984127,0.3005464480874317,0.33774834437086093,0.6404985809293853,2.9129124337536796
20,2023-05-19,logistic_quadratic@756,logistic_quadratic,756,75414.0,6300.0,366.0,0.6719704545998699,0.12628210095441808,0.054730416338020026,0.13835542963326075,0.039717593557193634,0.21436229406089835,188.0,0.029841269841269842,0.21808510638297873,0.11202185792349727,0.11920529801324503,0.1288888888888889,0.31420765027322406,0.3576158940397351,0.6719704545998699,3.5126920841151685
20,2023-05-19,logistic_quadratic@all,logistic_quadratic,all,199059.0,6300.0,366.0,0.6773852081457047,0.13443978358194408,0.05437789609033268,0.14390530806809976,0.038119833851704296,0.21283310413564271,184.0,0.029206349206349208,0.2391304347826087,0.12021857923497267,0.09933774834437085,0.12095238095238095,0.31420765027322406,0.33774834437086093,0.6773852081457047,3.1230570571657217
20,2023-05-19,hist_gradient_boosting@252,hist_gradient_boosting,252,25200.0,6300.0,366.0,0.6365786400864887,0.12382712109126695,0.05534035415851652,0.12875291522799315,0.0420803344952324,0.20419035952581394,220.0,0.03492063492063492,0.20454545454545456,0.12295081967213115,0.11920529801324503,0.13285714285714287,0.28415300546448086,0.32450331125827814,0.6365786400864887,3.1593108333211193
20,2023-05-19,hist_gradient_boosting@756,hist_gradient_boosting,756,75414.0,6300.0,366.0,0.665797129075569,0.13215142043372693,0.054770679601872846,0.13772154768963063,0.039426625125513655,0.1963387082215341,225.0,0.03571428571428571,0.2222222222222222,0.1366120218579235,0.12582781456953643,0.12825396825396826,0.2978142076502732,0.33774834437086093,0.665797129075569,3.2217647995847933
20,2023-05-19,hist_gradient_boosting@all,hist_gradient_boosting,all,199059.0,6300.0,366.0,0.6679425409928152,0.13764876367850623,0.05459630739798422,0.14046676456822305,0.038407656991051836,0.1979387206425203,201.0,0.03190476190476191,0.24378109452736318,0.13387978142076504,0.12582781456953643,0.11857142857142858,0.30327868852459017,0.33112582781456956,0.6679425409928152,3.334390165529562
20,2023-05-19,mlp@252,mlp,252,25200.0,6300.0,366.0,0.6543761890817205,0.12762731676344163,0.05495724018753613,0.13478444385529464,0.03994058544651398,0.2030335511384704,198.0,0.03142857142857143,0.24242424242424243,0.13114754098360656,0.11920529801324503,0.13126984126984126,0.3251366120218579,0.3443708609271523,0.6543761890817205,3.460562445504308
20,2023-05-19,mlp@756,mlp,756,75414.0,6300.0,366.0,0.6761033481226092,0.12958069848687487,0.05473281155490316,0.13831772069990533,0.04100478175164064,0.19451608761382574,189.0,0.03,0.23809523809523808,0.12295081967213115,0.10596026490066225,0.13428571428571429,0.3005464480874317,0.3576158940397351,0.6761033481226092,3.3523600588625793
20,2023-05-19,mlp@all,mlp,all,199059.0,6300.0,366.0,0.6647010558769415,0.12904382042813786,0.054804029801483585,0.13719650110058657,0.038131547876868024,0.20566906191263912,206.0,0.0326984126984127,0.22330097087378642,0.12568306010928962,0.11258278145695365,0.13317460317460317,0.31420765027322406,0.3576158940397351,0.6647010558769415,3.3311481852954405
21,2023-08-21,logistic@252,logistic,252,25200.0,6300.0,577.0,0.619936096586155,0.13845692447092006,0.08362378603951666,0.010390980948340123,0.038893574164015905,0.10615553218242181,273.0,0.043333333333333335,0.1978021978021978,0.09358752166377816,0.10810810810810811,0.18174603174603174,0.29809358752166376,0.33783783783783783,0.619936096586155,4.267362609499507
21,2023-08-21,logistic@756,logistic,756,75477.0,6300.0,577.0,0.6280540892643052,0.150342224351325,0.08313968436522691,0.016119869888967076,0.03791461560518392,0.11103746927405836,301.0,0.04777777777777778,0.2425249169435216,0.1265164644714038,0.13513513513513514,0.19444444444444445,0.3483535528596187,0.38288288288288286,0.6280540892643052,4.137043009251153
21,2023-08-21,logistic@all,logistic,all,205359.0,6300.0,577.0,0.6420146019088655,0.1595932785751788,0.08272567076617368,0.02101933224336827,0.03657193707740411,0.11301078834217396,333.0,0.05285714285714286,0.2222222222222222,0.12824956672443674,0.13963963963963963,0.20682539682539683,0.3708838821490468,0.4144144144144144,0.6420146019088655,3.9461699539113915
21,2023-08-21,logistic_quadratic@252,logistic_quadratic,252,25200.0,6300.0,577.0,0.6331013748228058,0.15269086739007792,0.08314756121249206,0.01602665479474019,0.03723962414563555,0.10061191396436239,291.0,0.04619047619047619,0.2268041237113402,0.11438474870017332,0.13963963963963963,0.19396825396825396,0.3240901213171577,0.38738738738738737,0.6331013748228058,3.319050902874336
21,2023-08-21,logistic_quadratic@756,logistic_quadratic,756,75477.0,6300.0,577.0,0.6396697808805177,0.1639210123128684,0.0826720053744636,0.021654411784279404,0.03715737131718312,0.11505281972935402,312.0,0.049523809523809526,0.24358974358974358,0.1317157712305026,0.13063063063063063,0.20682539682539683,0.36741767764298094,0.4144144144144144,0.6396697808805177,3.6195689694737285
21,2023-08-21,logistic_quadratic@all,logistic_quadratic,all,205359.0,6300.0,577.0,0.6475930531762286,0.163448748451751,0.08251143431943767,0.0235546195095937,0.036425933158501185,0.11694753299313498,375.0,0.05952380952380952,0.21066666666666667,0.1369150779896014,0.13513513513513514,0.20936507936507937,0.38128249566724437,0.4189189189189189,0.6475930531762286,3.6185917664791827
21,2023-08-21,hist_gradient_boosting@252,hist_gradient_boosting,252,25200.0,6300.0,577.0,0.6155897135551127,0.1401643510120622,0.08332420845944662,0.01393620042695698,0.036462002615792244,0.10907769703871577,345.0,0.05476190476190476,0.19130434782608696,0.11438474870017332,0.14414414414414414,0.21301587301587302,0.3431542461005199,0.42342342342342343,0.6155897135551127,3.407481475334076
21,2023-08-21,hist_gradient_boosting@756,hist_gradient_boosting,756,75477.0,6300.0,577.0,0.6296200287628957,0.1476935015560254,0.08306064419590989,0.01705523610626003,0.036621641973919726,0.10277138933730758,320.0,0.050793650793650794,0.221875,0.12305025996533796,0.13513513513513514,0.2057142857142857,0.35181975736568455,0.3963963963963964,0.6296200287628957,3.2530029831655716
21,2023-08-21,hist_gradient_boosting@all,hist_gradient_boosting,all,205359.0,6300.0,577.0,0.6447786925631652,0.15495142192888314,0.08276255217447662,0.02058287539274606,0.03631757104060778,0.10735690670214797,335.0,0.05317460317460317,0.208955223880597,0.12131715771230503,0.12612612612612611,0.21158730158730157,0.37608318890814557,0.4189189189189189,0.6447786925631652,3.4744111659826684
21,2023-08-21,mlp@252,mlp,252,25200.0,6300.0,577.0,0.6320560019453869,0.14838832987282075,0.08310529186694274,0.01652687282559151,0.03691360796439875,0.10939770858418776,339.0,0.05380952380952381,0.2153392330383481,0.1265164644714038,0.13963963963963963,0.21555555555555556,0.36741767764298094,0.4594594594594595,0.6320560019453869,3.6291080285908444
21,2023-08-21,mlp@756,mlp,756,75477.0,6300.0,577.0,0.6426120876235664,0.1586623676922394,0.08271002632770026,0.02120446948893595,0.03696882083489413,0.11363516047341093,310.0,0.049206349206349205,0.24838709677419354,0.13344887348353554,0.13513513513513514,0.206984126984127,0.37608318890814557,0.45045045045045046,0.6426120876235664,3.4003253931749375
21,2023-08-21,mlp@all,mlp,all,205359.0,6300.0,577.0,0.6540687929244126,0.1577625152139564,0.08271135381000817,0.02118875998178782,0.03732852531077443,0.11259671080969957,319.0,0.05063492063492064,0.219435736677116,0.12131715771230503,0.14414414414414414,0.1961904761904762,0.36915077989601386,0.4189189189189189,0.6540687929244126,3.2499407668573763
22,2023-11-17,logistic@252,logistic,252,25200.0,6300.0,304.0,0.6706702494645553,0.11352563411749517,0.04627415384128228,0.09511545228254714,0.039722987035788464,0.16343771605805724,188.0,0.029841269841269842,0.22872340425531915,0.14144736842105263,0.17699115044247787,0.11174603174603175,0.29605263157894735,0.3274336283185841,0.6706702494645553,2.8333560490748826
22,2023-11-17,logistic@756,logistic,756,75540.0,6300.0,304.0,0.6884501948667533,0.12655570956628073,0.04588210669490735,0.10278187890048573,0.03966426637508307,0.18682659518854253,141.0,0.02238095238095238,0.23404255319148937,0.10855263157894737,0.12389380530973451,0.12063492063492064,0.3157894736842105,0.3274336283185841,0.6884501948667533,3.6077760702292534
22,2023-11-17,logistic@all,logistic,all,211659.0,6300.0,304.0,0.6887716811207473,0.11802110960969396,0.04587115970434509,0.10299594575598736,0.03673898195404284,0.19056045587556308,140.0,0.022222222222222223,0.2,0.09210526315789473,0.11504424778761062,0.11317460317460318,0.3190789473684211,0.336283185840708,0.6887716811207473,3.723920687094702
22,2023-11-17,logistic_quadratic@252,logistic_quadratic,252,25200.0,6300.0,304.0,0.6640413784628348,0.11023407166612019,0.0462159083135737,0.0962544353567254,0.03744078789024211,0.1670331153306144,174.0,0.02761904761904762,0.19540229885057472,0.1118421052631579,0.1504424778761062,0.10444444444444445,0.28289473684210525,0.3185840707964602,0.6640413784628348,2.7728658611565855
22,2023-11-17,logistic_quadratic@756,logistic_quadratic,756,75540.0,6300.0,304.0,0.687989361328605,0.11903895959598872,0.04585482485300335,0.10331537146864544,0.03624705015590664,0.2073025964921993,135.0,0.02142857142857143,0.23703703703703705,0.10526315789473684,0.12389380530973451,0.11317460317460318,0.2993421052631579,0.3185840707964602,0.687989361328605,3.5670087931569263
22,2023-11-17,logistic_quadratic@all,logistic_quadratic,all,211659.0,6300.0,304.0,0.6982643033952458,0.12414622233382741,0.04569771436313094,0.10638764492517339,0.03610296589459066,0.20505425126416554,138.0,0.021904761904761906,0.2028985507246377,0.09210526315789473,0.10619469026548672,0.11666666666666667,0.3125,0.336283185840708,0.6982643033952458,3.4873758430211566
22,2023-11-17,hist_gradient_boosting@252,hist_gradient_boosting,252,25200.0,6300.0,304.0,0.6747277790456796,0.11461474521121079,0.0464066105264154,0.09252528049831654,0.04050464253958252,0.15780644906410007,143.0,0.022698412698412697,0.22377622377622378,0.10526315789473684,0.11504424778761062,0.09619047619047619,0.23684210526315788,0.26548672566371684,0.6747277790456796,2.0741987952760415
22,2023-11-17,hist_gradient_boosting@756,hist_gradient_boosting,756,75540.0,6300.0,304.0,0.7019767564341138,0.1262498200518878,0.045690235932223794,0.10653388458613533,0.036087007155532064,0.18429331717138817,138.0,0.021904761904761906,0.1956521739130435,0.08881578947368421,0.09734513274336283,0.10793650793650794,0.27960526315789475,0.2920353982300885,0.7019767564341138,3.2699653341718555
22,2023-11-17,hist_gradient_boosting@all,hist_gradient_boosting,all,211659.0,6300.0,304.0,0.694436093360486,0.12214059351554858,0.04570632103092796,0.10621934275105749,0.03422088287852257,0.18243509784991532,152.0,0.02412698412698413,0.19736842105263158,0.09868421052631579,0.11504424778761062,0.11190476190476191,0.3092105263157895,0.336283185840708,0.694436093360486,3.441698461842276
22,2023-11-17,mlp@252,mlp,252,25200.0,6300.0,304.0,0.6646695384642394,0.11209260691000437,0.04636827473538751,0.09327493148155541,0.03911941516595947,0.16390309845359233,158.0,0.02507936507936508,0.2468354430379747,0.12828947368421054,0.13274336283185842,0.09285714285714286,0.24013157894736842,0.2831858407079646,0.6646695384642394,2.4142922202840094
22,2023-11-17,mlp@756,mlp,756,75540.0,6300.0,304.0,0.6952573645588286,0.12246193578359849,0.04582925391580614,0.10381540753672303,0.036351934435401106,0.19647192888123757,137.0,0.021746031746031746,0.24087591240875914,0.10855263157894737,0.1415929203539823,0.11206349206349206,0.28289473684210525,0.3008849557522124,0.6952573645588286,3.188238269118846
22,2023-11-17,mlp@all,mlp,all,211659.0,6300.0,304.0,0.6943834266704119,0.1165785566060117,0.04584204038128284,0.10356537000887378,0.03413876234048384,0.2033906944057643,132.0,0.02095238095238095,0.20454545454545456,0.08881578947368421,0.11504424778761062,0.12666666666666668,0.3125,0.35398230088495575,0.6943834266704119,3.7329466984911033
23,2024-02-21,logistic@252,logistic,252,25200.0,6318.0,449.0,0.6371915249844318,0.14517713726563886,0.06460909764717554,0.052971976188673,0.02119616139460714,0.08912275226346847,530.0,0.08388730610952833,0.21509433962264152,0.25389755011135856,0.26436781609195403,0.23646723646723647,0.4365256124721604,0.4482758620689655,0.6371915249844318,4.184239404362844
23,2024-02-21,logistic@756,logistic,756,75600.0,6318.0,449.0,0.6675568016011044,0.14677959093394782,0.06433891683581783,0.05693223579869122,0.019985442725150498,0.08598448005297772,627.0,0.09924026590693258,0.2025518341307815,0.2828507795100223,0.27011494252873564,0.24200696422918644,0.46993318485523383,0.46551724137931033,0.6675568016011044,4.383501226262299
23,2024-02-21,logistic@all,logistic,all,217959.0,6318.0,449.0,0.6668862594258231,0.14787832051237781,0.0642762165035619,0.0578512854977431,0.02034823492369622,0.08818827974335249,573.0,0.09069325735992402,0.21291448516579406,0.2717149220489978,0.25862068965517243,0.2492877492877493,0.48775055679287305,0.4885057471264368,0.6668862594258231,4.282246224714662
23,2024-02-21,logistic_quadratic@252,logistic_quadratic,252,25200.0,6318.0,449.0,0.6294911051650722,0.15565802118969257,0.06445625281496226,0.05521234704466571,0.020829177590710932,0.089569946547253,502.0,0.07945552389996835,0.2290836653386454,0.2561247216035635,0.25287356321839083,0.2334599556821779,0.41648106904231624,0.43103448275862066,0.6294911051650722,3.824275001053245
23,2024-02-21,logistic_quadratic@756,logistic_quadratic,756,75600.0,6318.0,449.0,0.6738220258874057,0.16004148514101352,0.06403757556584215,0.06134923956116889,0.01933988099796,0.08944038504523782,629.0,0.099556821779044,0.20508744038155802,0.2873051224944321,0.25862068965517243,0.2526115859449193,0.47216035634743875,0.4540229885057471,0.6738220258874057,3.8142511278418003
23,2024-02-21,logistic_quadratic@all,logistic_quadratic,all,217959.0,6318.0,449.0,0.664417738288186,0.15496102367853748,0.06404037541953168,0.061308199831423105,0.01928906960331373,0.09543435174032379,572.0,0.09053497942386832,0.22202797202797203,0.2828507795100223,0.25862068965517243,0.24564735675846788,0.47438752783964366,0.45977011494252873,0.664417738288186,3.8507653525438155
23,2024-02-21,hist_gradient_boosting@252,hist_gradient_boosting,252,25200.0,6318.0,449.0,0.629494899970818,0.14538261827636587,0.06479282392517886,0.0502789508978716,0.020651335655617182,0.08782081962211173,516.0,0.08167141500474834,0.22674418604651161,0.26057906458797325,0.25862068965517243,0.24169040835707503,0.42538975501113585,0.4540229885057471,0.629494899970818,3.4761802131915154
23,2024-02-21,hist_gradient_boosting@756,hist_gradient_boosting,756,75600.0,6318.0,449.0,0.6596302113592957,0.15314020614847235,0.06432251886260804,0.05717259421149845,0.01936010003964378,0.09489024061000113,616.0,0.09749920861031972,0.20454545454545456,0.2806236080178174,0.25287356321839083,0.2496043051598607,0.45657015590200445,0.4425287356321839,0.6596302113592957,3.6805519566850236
23,2024-02-21,hist_gradient_boosting@all,hist_gradient_boosting,all,217959.0,6318.0,449.0,0.6699591033784776,0.14892510250024452,0.06437791200579109,0.056360651918049065,0.019687552164326345,0.09466846361769404,592.0,0.0937005381449826,0.21283783783783783,0.2806236080178174,0.25862068965517243,0.2526115859449193,0.46993318485523383,0.46551724137931033,0.6699591033784776,3.736420559915962
23,2024-02-21,mlp@252,mlp,252,25200.0,6318.0,449.0,0.6387219701417094,0.14991377799691954,0.06454006540318234,0.05398383786123728,0.02073118120639427,0.09125616735765271,505.0,0.07993035770813549,0.22376237623762377,0.2516703786191537,0.25862068965517243,0.23694207027540362,0.44097995545657015,0.4482758620689655,0.6387219701417094,3.918764120878203
23,2024-02-21,mlp@756,mlp,756,75600.0,6318.0,449.0,0.6626588458250117,0.1509014108703639,0.06429891303200325,0.0575186040448219,0.019445301955336686,0.09834080948628905,581.0,0.09195948084836973,0.2134251290877797,0.27616926503340755,0.2413793103448276,0.25150364039252926,0.46547884187082406,0.45977011494252873,0.6626588458250117,3.6382462888709877
23,2024-02-21,mlp@all,mlp,all,217959.0,6318.0,449.0,0.6621822182233402,0.1499870327897378,0.06438544778768414,0.05625019384180374,0.02025317463211796,0.09750987085429626,545.0,0.08626147515036404,0.23302752293577983,0.2828507795100223,0.27011494252873564,0.23409306742640076,0.44988864142538976,0.43103448275862066,0.6621822182233402,3.555240753622563
24,2024-05-21,logistic@252,logistic,252,25200.0,6363.0,620.0,0.6826459139597715,0.1864422879525601,0.08486744618628624,0.038479075209968405,0.01913984248668606,0.16018532517772505,539.0,0.0847084708470847,0.2523191094619666,0.21935483870967742,0.22926829268292684,0.28822882288228824,0.5209677419354839,0.5073170731707317,0.6826459139597715,4.036030500811026
24,2024-05-21,logistic@756,logistic,756,75600.0,6363.0,620.0,0.6981245050074987,0.1992126063063533,0.08413465290674765,0.0467813878573321,0.021889651389903838,0.17505399306393418,515.0,0.08093666509508093,0.2854368932038835,0.23709677419354838,0.24390243902439024,0.2992299229922992,0.5467741935483871,0.5317073170731708,0.6981245050074987,4.232461638471333
24,2024-05-21,logistic@all,logistic,all,224259.0,6363.0,620.0,0.7015154493829796,0.20434855370295715,0.0839081092318798,0.04934805497826955,0.021707043157994387,0.17738979378439218,516.0,0.0810938236680811,0.29651162790697677,0.2467741935483871,0.24878048780487805,0.2907433600502907,0.5483870967741935,0.5609756097560976,0.7015154493829796,4.601633554350221
24,2024-05-21,logistic_quadratic@252,logistic_quadratic,252,25200.0,6363.0,620.0,0.6761325147584999,0.18024917723832948,0.08517414670390294,0.03500425678919161,0.01966401016076263,0.1452910443007997,595.0,0.09350935093509351,0.23529411764705882,0.22580645161290322,0.28780487804878047,0.2794279427942794,0.49193548387096775,0.5365853658536586,0.6761325147584999,3.3694670741695245
24,2024-05-21,logistic_quadratic@756,logistic_quadratic,756,75600.0,6363.0,620.0,0.7068638960192772,0.21045382413003533,0.0834506647389178,0.05453075425435561,0.017934246277213742,0.1731195474953845,538.0,0.08455131227408455,0.29182156133828996,0.2532258064516129,0.2682926829268293,0.29325789721829326,0.5629032258064516,0.5609756097560976,0.7068638960192772,3.9388506909994803
24,2024-05-21,logistic_quadratic@all,logistic_quadratic,all,224259.0,6363.0,620.0,0.7022616593552881,0.20275830779878198,0.08368511598394196,0.05187449690169543,0.0197852418883614,0.18895452812911367,525.0,0.08250825082508251,0.2857142857142857,0.24193548387096775,0.25853658536585367,0.2824139556812824,0.5451612903225806,0.5609756097560976,0.7022616593552881,4.2842315589033415
24,2024-05-21,hist_gradient_boosting@252,hist_gradient_boosting,252,25200.0,6363.0,620.0,0.668313177893986,0.18101591443823326,0.08517006343033043,0.03505051896813116,0.019225957553562933,0.15435682723644578,572.0,0.08989470375608989,0.243006993006993,0.22419354838709676,0.2731707317073171,0.2798994185132799,0.49838709677419357,0.526829268292683,0.668313177893986,3.642003330828571
24,2024-05-21,hist_gradient_boosting@756,hist_gradient_boosting,756,75600.0,6363.0,620.0,0.7016982806558335,0.20237747401083575,0.08376741681229621,0.05094205493311699,0.01773015811738966,0.1676745825852435,516.0,0.0810938236680811,0.29069767441860467,0.24193548387096775,0.25365853658536586,0.2844570171302845,0.5338709677419354,0.5317073170731708,0.7016982806558335,3.9873266653609103
24,2024-05-21,hist_gradient_boosting@all,hist_gradient_boosting,all,224259.0,6363.0,620.0,0.6988530216308212,0.21589597537779948,0.08352777986210755,0.05365706466079867,0.017131996066450595,0.1691517200634634,546.0,0.0858085808580858,0.2802197802197802,0.2467741935483871,0.25853658536585367,0.2907433600502907,0.5548387096774193,0.5707317073170731,0.6988530216308212,4.27708555982994
24,2024-05-21,mlp@252,mlp,252,25200.0,6363.0,620.0,0.6848448040531812,0.1831689850855884,0.0849435972811841,0.03761630774752778,0.01878838333964056,0.14872736740907624,558.0,0.0876944837340877,0.24193548387096775,0.21774193548387097,0.2926829268292683,0.2905862014772906,0.5064516129032258,0.5756097560975609,0.6848448040531812,3.897990819382802
24,2024-05-21,mlp@756,mlp,756,75600.0,6363.0,620.0,0.7014883476658822,0.20348272936504208,0.08397930807593346,0.04854139492833498,0.017781773841264552,0.16559024018074617,532.0,0.08360836083608361,0.2819548872180451,0.24193548387096775,0.25365853658536586,0.2898004086122898,0.5370967741935484,0.5317073170731708,0.7014883476658822,3.386283649171985
24,2024-05-21,mlp@all,mlp,all,224259.0,6363.0,620.0,0.6981935933225862,0.20881570661072507,0.08378252028468869,0.05077093743877792,0.01665886384021318,0.1679302334037578,576.0,0.09052333804809053,0.2708333333333333,0.25161290322580643,0.2682926829268293,0.2816281628162816,0.5403225806451613,0.551219512195122,0.6981935933225862,4.178779411612431
25,2024-08-21,logistic@252,logistic,252,25208.0,6363.0,483.0,0.6742792355037253,0.1556735235955279,0.06796882841837751,0.050840265297691145,0.019238645052454727,0.24477824190020336,182.0,0.028602860286028604,0.24725274725274726,0.09316770186335403,0.10497237569060773,0.16045890303316046,0.37060041407867494,0.4198895027624309,0.6742792355037253,3.534948031337401
25,2024-08-21,logistic@756,logistic,756,75608.0,6363.0,483.0,0.6762070252531655,0.15470091493604726,0.06802836327580858,0.050008882871367955,0.01828266933371246,0.2526071100139419,200.0,0.031431714600031434,0.245,0.10144927536231885,0.11602209944751381,0.16533081879616532,0.38923395445134573,0.425414364640884,0.6762070252531655,3.786439960681637
25,2024-08-21,logistic@all,logistic,all,230567.0,6363.0,483.0,0.6883188264954014,0.1532313754691221,0.06805480493709656,0.049639634779305664,0.01847828958416564,0.24896360804547576,173.0,0.02718843312902719,0.2138728323699422,0.07660455486542443,0.09944751381215469,0.1669024045261669,0.39337474120082816,0.4696132596685083,0.6883188264954014,4.052656733637623
25,2024-08-21,logistic_quadratic@252,logistic_quadratic,252,25208.0,6363.0,483.0,0.6355656962577991,0.1456168074814222,0.06879939155098636,0.039241756084791746,0.021214165357872093,0.21750372075945235,252.0,0.039603960396039604,0.24603174603174602,0.12836438923395446,0.15469613259668508,0.16155901304416156,0.34575569358178054,0.39226519337016574,0.6355656962577991,2.950185994394401
25,2024-08-21,logistic_quadratic@756,logistic_quadratic,756,75608.0,6363.0,483.0,0.6715944141631808,0.1596687390110118,0.06810976513774393,0.04887213575542182,0.018673820931854216,0.2615624099086756,227.0,0.03567499607103568,0.2511013215859031,0.11801242236024845,0.13259668508287292,0.16014458588716016,0.36645962732919257,0.40331491712707185,0.6715944141631808,3.8391920527783587
25,2024-08-21,logistic_quadratic@all,logistic_quadratic,all,230567.0,6363.0,483.0,0.6823396853565442,0.15692914532634636,0.06798176180928828,0.050659655242003554,0.01861218347552242,0.2563078687840431,175.0,0.027502750275027504,0.2,0.07246376811594203,0.09392265193370165,0.16234480590916234,0.39544513457556935,0.425414364640884,0.6823396853565442,3.7854231944652565
25,2024-08-21,hist_gradient_boosting@252,hist_gradient_boosting,252,25208.0,6363.0,483.0,0.6478391149420432,0.1450720339743949,0.06869378240038253,0.040716549099499066,0.021159011905112365,0.22227462252211505,222.0,0.03488920320603489,0.23873873873873874,0.10973084886128365,0.14917127071823205,0.16265912305516267,0.35610766045548653,0.430939226519337,0.6478391149420432,3.30294144254407
25,2024-08-21,hist_gradient_boosting@756,hist_gradient_boosting,756,75608.0,6363.0,483.0,0.6712868480725623,0.15723362303392455,0.06806565612776144,0.049488101885590385,0.01900348715261059,0.24634124656327455,212.0,0.03331761747603332,0.22169811320754718,0.09730848861283643,0.11049723756906077,0.16485934307716485,0.38923395445134573,0.4198895027624309,0.6712868480725623,3.832894573884142
25,2024-08-21,hist_gradient_boosting@all,hist_gradient_boosting,all,230567.0,6363.0,483.0,0.6765508584386135,0.15137032092258976,0.06815854330830037,0.048190966512079325,0.018473113205261297,0.24227039191546293,192.0,0.030174446016030174,0.18229166666666666,0.07246376811594203,0.09392265193370165,0.1551155115511551,0.37888198757763975,0.4088397790055249,0.6765508584386135,3.999116421114756
25,2024-08-21,mlp@252,mlp,252,25208.0,6363.0,483.0,0.6714923029253109,0.15944794905978235,0.06796819427140992,0.05084912092727201,0.02213733701402979,0.23441626032602733,220.0,0.034574886060034574,0.25,0.11387163561076605,0.15469613259668508,0.16093037875216093,0.36438923395445133,0.4143646408839779,0.6714923029253109,3.6146440614530166
25,2024-08-21,mlp@756,mlp,756,75608.0,6363.0,483.0,0.6846815537809325,0.1678403675552344,0.06753905375607472,0.056841910668744666,0.019419072541514138,0.24156248454196924,235.0,0.036932264655036934,0.25957446808510637,0.12629399585921325,0.14917127071823205,0.1610875373251611,0.40372670807453415,0.43646408839779005,0.6846815537809325,3.814575678247806
25,2024-08-21,mlp@all,mlp,all,230567.0,6363.0,483.0,0.6769964507542147,0.15393216159755987,0.0680465403352035,0.04975504691046606,0.01892722911699407,0.24243509984782263,170.0,0.026716957410026717,0.21764705882352942,0.07660455486542443,0.08839779005524862,0.15951595159515952,0.37060041407867494,0.4088397790055249,0.6769964507542147,3.7350757926590923
26,2024-11-19,logistic@252,logistic,252,25271.0,6363.0,683.0,0.6513463283360486,0.20870386649407835,0.09316361505481219,0.028765504641364847,0.03057292539313397,0.16885018253487843,413.0,0.06490649064906491,0.3075060532687651,0.18594436310395315,0.17982456140350878,0.2424956781392425,0.4333821376281113,0.42105263157894735,0.6513463283360486,3.38861778514068
26,2024-11-19,logistic@756,logistic,756,75671.0,6363.0,683.0,0.6559356505062587,0.21374370049832495,0.09278274708520419,0.03273606879393509,0.030846634854364736,0.16838218011293676,394.0,0.06192047776206192,0.33756345177664976,0.19472913616398244,0.19736842105263158,0.23526638378123527,0.4377745241581259,0.43859649122807015,0.6559356505062587,3.8362741053822917
26,2024-11-19,logistic@all,logistic,all,236930.0,6363.0,683.0,0.6526833769822449,0.21090961316258838,0.09287633234512527,0.031760438633609334,0.030092675920185028,0.16410435300837423,422.0,0.06632091780606632,0.3080568720379147,0.1903367496339678,0.19736842105263158,0.24453873958824454,0.4612005856515373,0.4692982456140351,0.6526833769822449,4.107066974866837
26,2024-11-19,logistic_quadratic@252,logistic_quadratic,252,25271.0,6363.0,683.0,0.6495880848782298,0.18976184658210982,0.09412140450240994,0.018780510496921976,0.03135626481813903,0.14545201489890788,419.0,0.06584944208706585,0.2577565632458234,0.1581259150805271,0.2149122807017544,0.2556969982712557,0.4407027818448023,0.4649122807017544,0.6495880848782298,2.6294342001265574
26,2024-11-19,logistic_quadratic@756,logistic_quadratic,756,75671.0,6363.0,683.0,0.6498819417235477,0.19354839853343703,0.0935841145898756,0.024381779798832937,0.03138717401727573,0.16571491990061993,381.0,0.05987741631305988,0.28608923884514437,0.1595900439238653,0.18421052631578946,0.23950966525223952,0.4289897510980966,0.43859649122807015,0.6498819417235477,3.463129264532047
26,2024-11-19,logistic_quadratic@all,logistic_quadratic,all,236930.0,6363.0,683.0,0.6578044769348154,0.20573539250587222,0.09305283465990778,0.029920394786807414,0.03090797815354949,0.16792699143253667,382.0,0.06003457488606003,0.29842931937172773,0.16691068814055637,0.18859649122807018,0.2501964482162502,0.4494875549048316,0.4649122807017544,0.6578044769348154,3.6807278611389904
26,2024-11-19,hist_gradient_boosting@252,hist_gradient_boosting,252,25271.0,6363.0,683.0,0.6481603014868126,0.1867647670787282,0.09393296442560274,0.020745006000831956,0.0307041684157137,0.15305902318327025,403.0,0.06333490491906334,0.27543424317617865,0.16251830161054173,0.18859649122807018,0.24532453245324531,0.43045387994143486,0.4824561403508772,0.6481603014868126,3.035346527343298
26,2024-11-19,hist_gradient_boosting@756,hist_gradient_boosting,756,75671.0,6363.0,683.0,0.6597457364980512,0.2061561809211067,0.09315661216593898,0.02883851004413729,0.03068560436732151,0.15817868409771751,412.0,0.06474933207606474,0.30097087378640774,0.1815519765739385,0.18421052631578946,0.23715228665723714,0.43484626647144947,0.43859649122807015,0.6597457364980512,3.5250702093883213
26,2024-11-19,hist_gradient_boosting@all,hist_gradient_boosting,all,236930.0,6363.0,683.0,0.6628807250531006,0.2076168863467272,0.09312810906629994,0.029135656023045464,0.030214307906929926,0.15529139046858237,392.0,0.061606160616061605,0.29336734693877553,0.1683748169838946,0.17982456140350878,0.24328147100424327,0.445095168374817,0.4517543859649123,0.6628807250531006,3.71455094099233
26,2024-11-19,mlp@252,mlp,252,25271.0,6363.0,683.0,0.6524073062091436,0.20797168981137265,0.09340533098257502,0.026245606213392114,0.03062151102046537,0.15666478405999612,366.0,0.05752003771805752,0.3005464480874317,0.16105417276720352,0.17105263157894737,0.24721043532924722,0.43045387994143486,0.4298245614035088,0.6524073062091436,3.234411813316082
26,2024-11-19,mlp@756,mlp,756,75671.0,6363.0,683.0,0.6515342420555543,0.20205915070660274,0.09324219966435553,0.02794625687443486,0.029786238330322366,0.16700192379995704,356.0,0.055948451988055946,0.31179775280898875,0.16251830161054173,0.20175438596491227,0.24752475247524752,0.4407027818448023,0.4517543859649123,0.6515342420555543,3.607375139411855
26,2024-11-19,mlp@all,mlp,all,236930.0,6363.0,683.0,0.6620303445858166,0.2075874145937877,0.09313115750042282,0.029103875972698257,0.03075069439067424,0.16493822318149443,371.0,0.058305830583058306,0.31536388140161725,0.17130307467057102,0.19736842105263158,0.24721043532924722,0.43484626647144947,0.43859649122807015,0.6620303445858166,3.6227422637108657
27,2025-02-24,logistic@252,logistic,252,25334.0,6363.0,1330.0,0.5191174339584308,0.2334671196899804,0.17371195898592148,-0.00022534570309784563,0.08938394179549576,0.21141576603216908,1424.0,0.22379380795222378,0.20997191011235955,0.22481203007518796,0.3546666666666667,0.5365393682225366,0.5338345864661654,0.7013333333333334,0.5191174339584308,3.275617445856283
27,2025-02-24,logistic@756,logistic,756,75734.0,6363.0,1330.0,0.5183749658270453,0.23659630766393902,0.17395617829563745,-0.0016315490808849198,0.09233017953934092,0.2099725182429995,1405.0,0.2208077950652208,0.21708185053380782,0.22932330827067668,0.3466666666666667,0.545025931164545,0.5511278195488721,0.6986666666666667,0.5183749658270453,3.4651859805172176
27,2025-02-24,logistic@all,logistic,all,243293.0,6363.0,1330.0,0.5272750224458425,0.2376060584009196,0.17319171444933026,0.002770198037815641,0.0879950619584706,0.20260679096643863,1483.0,0.23306616375923306,0.22117329737019556,0.24661654135338346,0.384,0.542982869715543,0.5601503759398496,0.7226666666666667,0.5272750224458425,3.5863563321468
27,2025-02-24,logistic_quadratic@252,logistic_quadratic,252,25334.0,6363.0,1330.0,0.5359019942066571,0.23952363992255318,0.1753176113747359,-0.009470617157385286,0.09760256181175166,0.18871501594470758,574.0,0.09020902090209021,0.27177700348432055,0.11729323308270677,0.2,0.37356592802137356,0.41654135338345866,0.5333333333333333,0.5359019942066571,2.9495517426749456
27,2025-02-24,logistic_quadratic@756,logistic_quadratic,756,75734.0,6363.0,1330.0,0.5206981291894548,0.23385973158000378,0.1726689838602244,0.005780056352984286,0.07905102583180684,0.2026665122049957,903.0,0.1419141914191419,0.23255813953488372,0.15789473684210525,0.2773333333333333,0.5164230708785165,0.5278195488721804,0.6693333333333333,0.5206981291894548,3.1653766605171376
27,2025-02-24,logistic_quadratic@all,logistic_quadratic,all,243293.0,6363.0,1330.0,0.5195378173229617,0.23044483805325833,0.17267721998431268,0.005732633135195675,0.07897653865929244,0.20879385478457002,1333.0,0.20949237780920948,0.21680420105026257,0.21729323308270676,0.37333333333333335,0.5365393682225366,0.5496240601503759,0.6986666666666667,0.5195378173229617,3.3841282393234806
27,2025-02-24,hist_gradient_boosting@252,hist_gradient_boosting,252,25334.0,6363.0,1330.0,0.5300865416073465,0.21533103551756325,0.17290466889182124,0.004422992949968285,0.08627709579935158,0.1975161513099539,1081.0,0.1698884174131699,0.19518963922294172,0.1586466165413534,0.24,0.49866415212949866,0.5300751879699248,0.6826666666666666,0.5300865416073465,3.1593180437296025
27,2025-02-24,hist_gradient_boosting@756,hist_gradient_boosting,756,75734.0,6363.0,1330.0,0.5437646869010396,0.23834200235985342,0.1706425678074452,0.01744806533038379,0.07205654798406737,0.2084589788421068,1230.0,0.1933050447901933,0.22357723577235772,0.20676691729323307,0.3333333333333333,0.5583844098695584,0.6150375939849624,0.7146666666666667,0.5437646869010396,3.364913984146403
27,2025-02-24,hist_gradient_boosting@all,hist_gradient_boosting,all,243293.0,6363.0,1330.0,0.5380581395869966,0.2459387621161952,0.17072207811153803,0.016990248713367406,0.07810693760696266,0.20161817743388127,1309.0,0.20572057205720573,0.2215431627196333,0.21804511278195488,0.34933333333333333,0.5377966368065378,0.5804511278195489,0.7093333333333334,0.5380581395869966,3.5706269894544054
27,2025-02-24,mlp@252,mlp,252,25334.0,6363.0,1330.0,0.5369154557365,0.24672657146165358,0.17133511923554315,0.013460386556681136,0.07666270481793028,0.20188115508117718,1275.0,0.20037718057520038,0.23137254901960785,0.22180451127819548,0.3546666666666667,0.5154801194405155,0.5383458646616541,0.6906666666666667,0.5369154557365,3.1503908480055416
27,2025-02-24,mlp@756,mlp,756,75734.0,6363.0,1330.0,0.5521438207081384,0.25219320360606945,0.16984356447881443,0.02204868917495384,0.06983042141494576,0.19105570174305309,1259.0,0.19786264340719786,0.26052422557585386,0.24661654135338346,0.38666666666666666,0.5154801194405155,0.5646616541353383,0.688,0.5521438207081384,3.10395258601107
27,2025-02-24,mlp@all,mlp,all,243293.0,6363.0,1330.0,0.5405725968009633,0.25753083530165677,0.17022955688568908,0.019826162925991042,0.07762673106639681,0.20183572876683037,1274.0,0.2002200220022002,0.23783359497645212,0.22781954887218045,0.38666666666666666,0.5165802294515166,0.5616541353383459,0.6853333333333333,0.5405725968009633,3.3808912541883287
28,2025-05-23,logistic@252,logistic,252,25397.0,6363.0,427.0,0.605989256203564,0.1115274697577486,0.08599269918552115,-0.3280542569428915,0.15321052855823394,0.22684172100511404,6.0,0.000942951438000943,0.3333333333333333,0.00468384074941452,0.006329113924050633,0.019016187333019016,0.05620608899297424,0.06962025316455696,0.605989256203564,0.0757687049581622
28,2025-05-23,logistic@756,logistic,756,75797.0,6363.0,427.0,0.5960392508379783,0.10630838199744849,0.08491850501515498,-0.31146461440055995,0.1499786747299086,0.23427356650643852,7.0,0.0011001100110011,0.42857142857142855,0.00702576112412178,0.006329113924050633,0.016815967311016818,0.05152224824355972,0.05063291139240506,0.5960392508379783,0.1918097767515004
28,2025-05-23,logistic@all,logistic,all,249656.0,6363.0,427.0,0.6059805765795337,0.1051085666430186,0.08333115153189664,-0.28694984081302155,0.14511139105971788,0.24467893748451133,9.0,0.0014144271570014145,0.2222222222222222,0.00468384074941452,0.006329113924050633,0.01775891874901776,0.053864168618266976,0.06329113924050633,0.6059805765795337,0.3817665021056878
28,2025-05-23,logistic_quadratic@252,logistic_quadratic,252,25397.0,6363.0,427.0,0.6047263709071629,0.1033756752302635,0.08379436302028892,-0.29410358752467025,0.1472620315139933,0.24969794285382374,90.0,0.014144271570014143,0.13333333333333333,0.02810304449648712,0.056962025316455694,0.07323589501807323,0.16393442622950818,0.1962025316455696,0.6047263709071629,0.520725262716925
28,2025-05-23,logistic_quadratic@756,logistic_quadratic,756,75797.0,6363.0,427.0,0.601672721361975,0.10914344115615299,0.0850100772359909,-0.3128788376875449,0.15042371701256219,0.23114731512191156,52.0,0.008172245796008172,0.2692307692307692,0.03278688524590164,0.04430379746835443,0.036303630363036306,0.09133489461358314,0.10126582278481013,0.601672721361975,0.1958595019264801
28,2025-05-23,logistic_quadratic@all,logistic_quadratic,all,249656.0,6363.0,427.0,0.6101917723476648,0.10615216313950548,0.08457050654892832,-0.3060901948410013,0.14905229364621958,0.23365655917241465,13.0,0.002043061449002043,0.07692307692307693,0.00234192037470726,0.006329113924050633,0.021059248782021058,0.06088992974238876,0.06962025316455696,0.6101917723476648,0.22326967544050802
28,2025-05-23,hist_gradient_boosting@252,hist_gradient_boosting,252,25397.0,6363.0,427.0,0.6202628979213091,0.1142615980300283,0.08508339893947571,-0.3140112035902507,0.15082176822905227,0.23029775392922472,65.0,0.010215307245010215,0.24615384615384617,0.03747072599531616,0.05063291139240506,0.0352035203520352,0.10304449648711944,0.13291139240506328,0.6202628979213091,0.18764776025482088
28,2025-05-23,hist_gradient_boosting@756,hist_gradient_boosting,756,75797.0,6363.0,427.0,0.6027602388001287,0.10998958897806554,0.08068531524246061,-0.24608806788763893,0.13671384669445363,0.253574859693026,23.0,0.003614647179003615,0.2608695652173913,0.01405152224824356,0.012658227848101266,0.02263083451202263,0.07259953161592506,0.06962025316455696,0.6027602388001287,0.7232814552934241
28,2025-05-23,hist_gradient_boosting@all,hist_gradient_boosting,all,249656.0,6363.0,427.0,0.6140905016507067,0.10913253652039957,0.08073382495557017,-0.24683724231300763,0.13696446441981713,0.25261906102159865,11.0,0.0017287443030017287,0.09090909090909091,0.00234192037470726,0.006329113924050633,0.017916077322017915,0.04449648711943794,0.056962025316455694,0.6140905016507067,0.710536910542622
28,2025-05-23,mlp@252,mlp,252,25397.0,6363.0,427.0,0.6227046339723641,0.11394787455122528,0.08291098186248581,-0.2804608234500998,0.1443258524430393,0.24318859246679372,22.0,0.0034574886060034574,0.18181818181818182,0.00936768149882904,0.0189873417721519,0.03206034889203206,0.08899297423887588,0.10759493670886076,0.6227046339723641,0.44260272157211705
28,2025-05-23,mlp@756,mlp,756,75797.0,6363.0,427.0,0.6116521190907541,0.1175963321613078,0.08011627348003861,-0.23729989933239404,0.13498971196306497,0.25979832000337416,18.0,0.002828854314002829,0.3333333333333333,0.01405152224824356,0.012658227848101266,0.03048876316203049,0.07728337236533958,0.06962025316455696,0.6116521190907541,0.7891813674069122
28,2025-05-23,mlp@all,mlp,all,249656.0,6363.0,427.0,0.618490676505678,0.10602531790575645,0.08056973901486852,-0.24430313146269955,0.13646089301547215,0.260360406312398,5.0,0.0007857928650007858,0.0,0.0,0.0,0.023888103096023888,0.06088992974238876,0.06962025316455696,0.618490676505678,0.7721672725483988
29,2025-08-25,logistic@252,logistic,252,25452.0,6363.0,543.0,0.671436210944669,0.1816095892197584,0.07556142505037611,0.041446132329601926,0.012778844776292425,0.11811741932423017,522.0,0.08203677510608204,0.2547892720306513,0.24493554327808473,0.2559241706161137,0.2608832311802609,0.48066298342541436,0.5308056872037915,0.671436210944669,3.4597070683455367
29,2025-08-25,logistic@756,logistic,756,75860.0,6363.0,543.0,0.6808477783473511,0.18259250914735442,0.0752617175908886,0.0452481482956838,0.01249239821479709,0.12097562359534528,575.0,0.09036617947509036,0.25217391304347825,0.26703499079189685,0.26540284360189575,0.2629262926292629,0.4990791896869245,0.5402843601895735,0.6808477783473511,3.206354421139003
29,2025-08-25,logistic@all,logistic,all,256019.0,6363.0,543.0,0.6760168467151436,0.17817560527392867,0.07552488656763813,0.041909650638367935,0.013955982379319543,0.11825247685757083,590.0,0.09272355807009272,0.24745762711864408,0.26887661141804786,0.25118483412322273,0.2703127455602703,0.4972375690607735,0.5260663507109005,0.6760168467151436,2.9027192595584372
29,2025-08-25,logistic_quadratic@252,logistic_quadratic,252,25452.0,6363.0,543.0,0.6669574655249884,0.18844324551126918,0.0753508738191678,0.04411713405942541,0.010255476408573718,0.1261919788441263,592.0,0.09303787521609304,0.23648648648648649,0.2578268876611418,0.26066350710900477,0.26308345120226306,0.4732965009208103,0.5071090047393365,0.6669574655249884,2.925634523902224
29,2025-08-25,logistic_quadratic@756,logistic_quadratic,756,75860.0,6363.0,543.0,0.6708682197034421,0.17581740665679646,0.0754628516329439,0.04269661073794495,0.010236122589716666,0.1275678514345081,565.0,0.0887945937450888,0.24778761061946902,0.2578268876611418,0.26540284360189575,0.2599402797422599,0.4732965009208103,0.5213270142180095,0.6708682197034421,2.913551183647393
29,2025-08-25,logistic_quadratic@all,logistic_quadratic,all,256019.0,6363.0,543.0,0.6729996898989324,0.19532635321436892,0.07538624653663188,0.0436684043655029,0.011323370622254228,0.1265423255690348,550.0,0.08643721515008644,0.2545454545454545,0.2578268876611418,0.24644549763033174,0.26308345120226306,0.4843462246777164,0.5023696682464455,0.6729996898989324,2.7466043988049886
29,2025-08-25,hist_gradient_boosting@252,hist_gradient_boosting,252,25452.0,6363.0,543.0,0.6614862384740497,0.15251798205956715,0.07631441430520483,0.031893893709841636,0.009306863759299133,0.12242441532240592,573.0,0.09005186232909006,0.18324607329842932,0.19337016574585636,0.2559241706161137,0.24611032531824611,0.43830570902394106,0.4928909952606635,0.6614862384740497,2.614798710352332
29,2025-08-25,hist_gradient_boosting@756,hist_gradient_boosting,756,75860.0,6363.0,543.0,0.6757023156322581,0.17860693032224417,0.07565267393014843,0.04028857122526808,0.011299329091544016,0.12533692462470214,564.0,0.08863743517208864,0.25177304964539005,0.26151012891344383,0.27488151658767773,0.24658180103724658,0.46408839779005523,0.4834123222748815,0.6757023156322581,2.860874060337241
29,2025-08-25,hist_gradient_boosting@all,hist_gradient_boosting,all,256019.0,6363.0,543.0,0.6781438868953821,0.18745762504365826,0.0755706079778807,0.041329639943834984,0.01403888151864039,0.12071081149397457,591.0,0.09288071664309289,0.24534686971235195,0.26703499079189685,0.27488151658767773,0.27345591702027344,0.49171270718232046,0.5023696682464455,0.6781438868953821,2.8105711658947556
29,2025-08-25,mlp@252,mlp,252,25452.0,6363.0,543.0,0.6660603874364768,0.1645546851665161,0.07609906371017734,0.03462577900225239,0.009605070924655774,0.12110980907842538,571.0,0.08973754518308974,0.2136602451838879,0.22467771639042358,0.2796208530805687,0.2710985384252711,0.4714548802946593,0.5165876777251185,0.6660603874364768,2.6404323276483552
29,2025-08-25,mlp@756,mlp,756,75860.0,6363.0,543.0,0.6745736110320038,0.17557697716736267,0.07571835231003857,0.03945539126573128,0.013243014997419915,0.1291178504823055,510.0,0.08015087223008015,0.22549019607843138,0.21178637200736647,0.24644549763033174,0.25035360678925034,0.4953959484346225,0.5165876777251185,0.6745736110320038,2.7335583726194033
29,2025-08-25,mlp@all,mlp,all,256019.0,6363.0,543.0,0.680264123837912,0.18688455937164727,0.07542596500362966,0.04316454554953586,0.013400449165938348,0.12839416596642114,575.0,0.09036617947509036,0.2382608695652174,0.2523020257826888,0.2843601895734597,0.2608832311802609,0.4953959484346225,0.5497630331753555,0.680264123837912,2.944396013136342
30,2025-11-21,logistic@252,logistic,252,25452.0,6363.0,718.0,0.6889618095733893,0.2276186452993399,0.0956894949794878,0.04502486102916747,0.02186862102234532,0.1615644816850937,596.0,0.09366650950809367,0.29697986577181207,0.24651810584958217,0.350210970464135,0.28257111425428255,0.5153203342618384,0.6286919831223629,0.6889618095733893,4.521450182156919
30,2025-11-21,logistic@756,logistic,756,75923.0,6363.0,718.0,0.7145231686285346,0.22505968743579594,0.09512648380367493,0.05064367713828455,0.020488315375606247,0.18516271073035367,574.0,0.09020902090209021,0.2961672473867596,0.23676880222841226,0.28270042194092826,0.3012729844413013,0.5738161559888579,0.6329113924050633,0.7145231686285346,4.413997779265214
30,2025-11-21,logistic@all,logistic,all,262382.0,6363.0,718.0,0.7128839335719978,0.21969466270062418,0.0954087618036346,0.04782656046003608,0.022482787152352336,0.18049806979679753,582.0,0.09146628948609146,0.2766323024054983,0.22423398328690808,0.270042194092827,0.30017287443030016,0.5626740947075209,0.6160337552742616,0.7128839335719978,4.102099536400673
30,2025-11-21,logistic_quadratic@252,logistic_quadratic,252,25452.0,6363.0,718.0,0.6575086785209382,0.19049738689004891,0.09769135594694524,0.025046414533993144,0.024780125249983954,0.1670953412257865,516.0,0.0810938236680811,0.24806201550387597,0.17827298050139276,0.2616033755274262,0.2641835612132642,0.45403899721448465,0.5949367088607594,0.6575086785209382,3.7035556327099615
30,2025-11-21,logistic_quadratic@756,logistic_quadratic,756,75923.0,6363.0,718.0,0.7070096789872469,0.2200015314807901,0.09562324793173657,0.045686002397362535,0.020397037762069532,0.18114913647794562,496.0,0.07795065220807795,0.2560483870967742,0.17688022284122562,0.25738396624472576,0.29451516580229453,0.5598885793871866,0.6371308016877637,0.7070096789872469,3.797890666173176
30,2025-11-21,logistic_quadratic@all,logistic_quadratic,all,262382.0,6363.0,718.0,0.7073726101684878,0.21569926108710097,0.0953719500295845,0.04819393964880481,0.019998356069535646,0.18753639867904207,551.0,0.08659437372308659,0.26678765880217786,0.20473537604456823,0.24472573839662448,0.3026874115983027,0.5557103064066853,0.6160337552742616,0.7073726101684878,3.876695787618313
30,2025-11-21,hist_gradient_boosting@252,hist_gradient_boosting,252,25452.0,6363.0,718.0,0.665734337336021,0.19349388949074708,0.09767915093139752,0.025168219821201765,0.025838874415781726,0.1523935425828063,404.0,0.06349206349206349,0.2599009900990099,0.14623955431754876,0.2320675105485232,0.2690554769762691,0.4610027855153203,0.569620253164557,0.665734337336021,3.4319233722375113
30,2025-11-21,hist_gradient_boosting@756,hist_gradient_boosting,756,75923.0,6363.0,718.0,0.7083160832052424,0.2325962930294203,0.09510086614127003,0.050899339797184306,0.01903033952867264,0.1809220866678407,520.0,0.08172245796008172,0.2903846153846154,0.21030640668523676,0.270042194092827,0.30913091309130913,0.5807799442896936,0.6413502109704642,0.7083160832052424,4.1918742828636955
30,2025-11-21,hist_gradient_boosting@all,hist_gradient_boosting,all,262382.0,6363.0,718.0,0.7040726750569316,0.22815742251905402,0.09521255376252283,0.04978470436463156,0.019608138806776244,0.17808154356046174,553.0,0.08690869086908691,0.28028933092224234,0.21587743732590528,0.25316455696202533,0.30284457017130284,0.5571030640668524,0.620253164556962,0.7040726750569316,4.15059001418266
30,2025-11-21,mlp@252,mlp,252,25452.0,6363.0,718.0,0.6491172210968861,0.19048593353287177,0.09778000153973784,0.024161737095634628,0.0238648157107736,0.16548714260073266,463.0,0.07276441929907276,0.23758099352051837,0.1532033426183844,0.22362869198312235,0.26104038975326105,0.4275766016713092,0.5611814345991561,0.6491172210968861,3.9283493472657294
30,2025-11-21,mlp@756,mlp,756,75923.0,6363.0,718.0,0.6935429830426513,0.21173512511823261,0.09605595764511826,0.041367586684547986,0.020716464134547093,0.1757761810581145,527.0,0.08282256797108282,0.25616698292220114,0.18802228412256267,0.24472573839662448,0.2923149457802923,0.541782729805014,0.6075949367088608,0.6935429830426513,3.7108019228740905
30,2025-11-21,mlp@all,mlp,all,262382.0,6363.0,718.0,0.6923039345095494,0.21592880634874664,0.09587086516122005,0.043214798027559564,0.020020066896387745,0.17480396107376914,561.0,0.08816595945308817,0.27807486631016043,0.21727019498607242,0.2911392405063291,0.2982869715542983,0.5376044568245125,0.6286919831223629,0.6923039345095494,3.864070566123901
