fold_id,test_start,variant,model_family,train_window,train_rows,rows,positives,auc,pr_auc,brier_score,brier_skill_score,ece,alert_threshold,alerts,alert_rate,alert_precision,alert_recall,alert_episode_recall,watch_rate,watch_recall,watch_episode_recall,raw_auc,calibration_slope
0,2018-05-17,logistic@252,logistic,252,94914.0,23851.0,1433.0,0.6397612401110488,0.10098283416324516,0.055883647422551676,0.015573103703878877,0.012289295893545263,0.11727191489090012,507.0,0.021256970357636996,0.13806706114398423,0.04884856943475227,0.06390977443609022,0.0715693262337009,0.15701325889741802,0.18796992481203006,0.6397612401110488,1.7053329161796207
0,2018-05-17,logistic@756,logistic,756,280361.0,23851.0,1433.0,0.6438746416575205,0.10034801269039118,0.05584042669055075,0.016334465086352834,0.009607252047344288,0.12567854300611858,476.0,0.019957234497505347,0.13445378151260504,0.044661549197487785,0.06015037593984962,0.07094042178525009,0.15631542219120725,0.18421052631578946,0.6438746416575205,2.4018308618482824
0,2018-05-17,logistic@all,logistic,all,280361.0,23851.0,1433.0,0.6438746416575205,0.10034801269039118,0.05584042669055075,0.016334465086352834,0.009607252047344288,0.12567854300611858,476.0,0.019957234497505347,0.13445378151260504,0.044661549197487785,0.06015037593984962,0.07094042178525009,0.15631542219120725,0.18421052631578946,0.6438746416575205,2.4018308618482824
0,2018-05-17,logistic_quadratic@252,logistic_quadratic,252,94914.0,23851.0,1433.0,0.6410601664236887,0.10557358833552194,0.05589343826711672,0.015400631591340974,0.013777894749692519,0.10890538731967768,493.0,0.020669992872416252,0.16024340770791076,0.05512909979064899,0.06578947368421052,0.0691375623663578,0.16468946266573622,0.19548872180451127,0.6410601664236887,1.5173672649287073
0,2018-05-17,logistic_quadratic@756,logistic_quadratic,756,280361.0,23851.0,1433.0,0.6482638409208731,0.1038230305268673,0.05570408955581101,0.018736132632977243,0.00834095929665484,0.12512077426772344,425.0,0.01781895937277263,0.15294117647058825,0.045359385903698535,0.06390977443609022,0.06616074797702402,0.14933705512909978,0.17669172932330826,0.6482638409208731,2.3493912063133577
0,2018-05-17,logistic_quadratic@all,logistic_quadratic,all,280361.0,23851.0,1433.0,0.6482638409208731,0.1038230305268673,0.05570408955581101,0.018736132632977243,0.00834095929665484,0.12512077426772344,425.0,0.01781895937277263,0.15294117647058825,0.045359385903698535,0.06390977443609022,0.06616074797702402,0.14933705512909978,0.17669172932330826,0.6482638409208731,2.3493912063133577
0,2018-05-17,hist_gradient_boosting@252,hist_gradient_boosting,252,94914.0,23851.0,1433.0,0.6302755418413463,0.09834843656980477,0.056257821385596075,0.008981785311050206,0.015295858824973363,0.09785819621691749,418.0,0.017525470630162257,0.13875598086124402,0.040474528960223306,0.04887218045112782,0.06846673095467695,0.14096301465457084,0.18796992481203006,0.6302755418413463,1.0174194567304438
0,2018-05-17,hist_gradient_boosting@756,hist_gradient_boosting,756,280361.0,23851.0,1433.0,0.6338845697527602,0.09867341267700849,0.055904109716501164,0.015212647050584893,0.011691900556110257,0.11231206810976466,394.0,0.016519223512640978,0.13705583756345177,0.03768318213538032,0.05263157894736842,0.06377091107291098,0.14863921842288905,0.18045112781954886,0.6338845697527602,1.9409132683823729
0,2018-05-17,hist_gradient_boosting@all,hist_gradient_boosting,all,280361.0,23851.0,1433.0,0.6338845697527602,0.09867341267700849,0.055904109716501164,0.015212647050584893,0.011691900556110257,0.11231206810976466,394.0,0.016519223512640978,0.13705583756345177,0.03768318213538032,0.05263157894736842,0.06377091107291098,0.14863921842288905,0.18045112781954886,0.6338845697527602,1.9409132683823729
0,2018-05-17,mlp@252,mlp,252,94914.0,23851.0,1433.0,0.6457176925854057,0.10359143948699237,0.055881141592780806,0.015617245529578438,0.011960714861563493,0.10610522939067717,505.0,0.02117311643117689,0.14455445544554454,0.050942079553384506,0.07330827067669173,0.07366567439520355,0.17236566643405443,0.2274436090225564,0.6457176925854057,1.5730251653849496
0,2018-05-17,mlp@756,mlp,756,280361.0,23851.0,1433.0,0.6414954349874743,0.1020790879237396,0.05580063856286251,0.017035358905136633,0.009864556285163605,0.11584041628607114,385.0,0.0161418808435705,0.14285714285714285,0.03838101884159107,0.05451127819548872,0.06171648987463838,0.13189113747383113,0.16917293233082706,0.6414954349874743,2.135005502325668
0,2018-05-17,mlp@all,mlp,all,280361.0,23851.0,1433.0,0.6414954349874743,0.1020790879237396,0.05580063856286251,0.017035358905136633,0.009864556285163605,0.11584041628607114,385.0,0.0161418808435705,0.14285714285714285,0.03838101884159107,0.05451127819548872,0.06171648987463838,0.13189113747383113,0.16917293233082706,0.6414954349874743,2.135005502325668
1,2018-08-16,logistic@252,logistic,252,95138.0,23907.0,3721.0,0.6133367369568894,0.24106042651476,0.13595984296271885,0.005534265548341466,0.08847799721356304,0.11359619794114985,2568.0,0.10741623792194754,0.29595015576323985,0.2042461703843053,0.2800734618916437,0.2870707324214665,0.41494221983337815,0.5390266299357208,0.6133367369568894,3.3752403319570843
1,2018-08-16,logistic@756,logistic,756,281339.0,23907.0,3721.0,0.6376939823788192,0.2469008242693671,0.13519166199691784,0.01115305438848857,0.08629048361258494,0.10903231773656653,2929.0,0.12251641778558581,0.27825196312734723,0.21902714324106423,0.2874196510560147,0.31593257205002717,0.45901639344262296,0.5693296602387512,0.6376939823788192,3.6985482414358675
1,2018-08-16,logistic@all,logistic,all,304220.0,23907.0,3721.0,0.638435434096336,0.24718615088593704,0.1351464188850373,0.011483980958457374,0.08613038764953129,0.10978138229964621,2953.0,0.1235203078596227,0.2770064341347782,0.21983337812416018,0.2837465564738292,0.3177312084326766,0.4598226283257189,0.5730027548209367,0.638435434096336,3.6752182690741164
1,2018-08-16,logistic_quadratic@252,logistic_quadratic,252,95138.0,23907.0,3721.0,0.6001003353573924,0.22281952083087295,0.1375179275252691,-0.0058622003129731315,0.09156935175387178,0.11691304542909493,2007.0,0.08395030744133518,0.28699551569506726,0.15479709755442086,0.2497704315886134,0.2744384489898356,0.3848427841977963,0.5252525252525253,0.6001003353573924,3.1977191888064054
1,2018-08-16,logistic_quadratic@756,logistic_quadratic,756,281339.0,23907.0,3721.0,0.6336046016337232,0.24042555932275272,0.13552022205127487,0.008749832167518234,0.08649028520599479,0.11615799812343859,2961.0,0.12385493788430167,0.2735562310030395,0.21768341843590433,0.29843893480257117,0.31865144100054377,0.458747648481591,0.5711662075298439,0.6336046016337232,3.5912827124456674
1,2018-08-16,logistic_quadratic@all,logistic_quadratic,all,304220.0,23907.0,3721.0,0.6348231002869232,0.2409572922453443,0.13552045623222797,0.008748119272530719,0.0865930683370211,0.11608771467216063,2922.0,0.12222361651399172,0.2737850787132101,0.21499596882558453,0.2910927456382002,0.31768937967959177,0.458747648481591,0.5702479338842975,0.6348231002869232,3.560137717193358
1,2018-08-16,hist_gradient_boosting@252,hist_gradient_boosting,252,95138.0,23907.0,3721.0,0.62494637016302,0.2363518382421783,0.13738661293133866,-0.004901711824228272,0.09311841411888228,0.10144959820382275,2247.0,0.0939892081817041,0.29283489096573206,0.17683418435904327,0.2497704315886134,0.2582507215459907,0.3808116097823166,0.5445362718089991,0.62494637016302,3.17364623305532
1,2018-08-16,hist_gradient_boosting@756,hist_gradient_boosting,756,281339.0,23907.0,3721.0,0.6458907170037278,0.2462803741223588,0.13561863553442613,0.00802999581974606,0.08785963734458987,0.10921760954757337,3047.0,0.12745221064960052,0.2743682310469314,0.22467078742273583,0.3140495867768595,0.32371272012381314,0.4732598763773179,0.6051423324150597,0.6458907170037278,3.448641516835685
1,2018-08-16,hist_gradient_boosting@all,hist_gradient_boosting,all,304220.0,23907.0,3721.0,0.6471617904043325,0.2457157196199317,0.13547299602375829,0.009095262591061748,0.08740660962836191,0.11078107645005585,3116.0,0.1303383946124566,0.26765083440308085,0.22413329750067187,0.3140495867768595,0.3276864516668758,0.4832034399355012,0.6143250688705234,0.6471617904043325,3.5072694548830103
1,2018-08-16,mlp@252,mlp,252,95138.0,23907.0,3721.0,0.6109144043970755,0.22777902708691838,0.1377924511990426,-0.007870178410876782,0.09400066780035506,0.10750364726288524,1901.0,0.0795164596143389,0.2945817990531299,0.15049717817790917,0.2396694214876033,0.23407370226293553,0.3367374361730718,0.4793388429752066,0.6109144043970755,3.130291525587441
1,2018-08-16,mlp@756,mlp,756,281339.0,23907.0,3721.0,0.6252678296625047,0.23457159308400133,0.1362721519130777,0.0032499105290464403,0.08886721678928443,0.11349290221993548,2894.0,0.12105241142761534,0.26641326883206634,0.20720236495565708,0.3122130394857668,0.305977328815828,0.4334856221445848,0.5794306703397613,0.6252678296625047,3.6720103480635564
1,2018-08-16,mlp@all,mlp,all,304220.0,23907.0,3721.0,0.6248692454449354,0.23821643785805371,0.13633494249513667,0.0027906346065150744,0.08946581109914842,0.11393830909679108,2712.0,0.1134395783661689,0.2728613569321534,0.19887127116366568,0.3011937557392103,0.30049776216171,0.42407954850846546,0.5684113865932048,0.6248692454449354,3.637032342187182
2,2018-11-14,logistic@252,logistic,252,95236.0,23967.0,3705.0,0.6162454171540405,0.22168664240331357,0.12811639905846708,0.05634123316717177,0.01588729794698616,0.20771092789502127,3956.0,0.16506029123377977,0.24494438827098078,0.26153846153846155,0.3606870229007634,0.4843743480619185,0.6283400809716599,0.7366412213740458,0.6162454171540405,2.005348445855921
2,2018-11-14,logistic@756,logistic,756,282269.0,23967.0,3705.0,0.6425372825167099,0.23506226296309088,0.12725370050707183,0.06269555671311067,0.026700164102831384,0.23745017589800432,3895.0,0.16251512496349146,0.2636713735558408,0.2771929824561403,0.3501908396946565,0.49651604289231027,0.6674763832658569,0.7471374045801527,0.6425372825167099,2.9675495259698503
2,2018-11-14,logistic@all,logistic,all,328068.0,23967.0,3705.0,0.6396936301788007,0.23326750296538842,0.12741880617845702,0.061479448428757744,0.027307333075611225,0.23960624194828714,3842.0,0.16030375099094588,0.25923997917751174,0.2688259109311741,0.34541984732824427,0.49972879375808404,0.6620782726045884,0.7442748091603053,0.6396936301788007,2.8764042677550896
2,2018-11-14,logistic_quadratic@252,logistic_quadratic,252,95236.0,23967.0,3705.0,0.6077870983237005,0.2186904168601895,0.12881320261103898,0.05120883180421543,0.01676831756508247,0.1859051867752695,4153.0,0.1732799265656945,0.23934505176980497,0.26828609986504726,0.4083969465648855,0.48637710184837485,0.6167341430499326,0.7433206106870229,0.6077870117386661,1.3616757713786323
2,2018-11-14,logistic_quadratic@756,logistic_quadratic,756,282269.0,23967.0,3705.0,0.6342333514629075,0.22724193796341963,0.12775488591605536,0.05900400739958234,0.027257623014345214,0.23368586959277127,4274.0,0.17832853506905327,0.24941506785212916,0.28771929824561404,0.3883587786259542,0.5064463637501565,0.6628879892037787,0.7547709923664122,0.634233391425231,2.631206287503405
2,2018-11-14,logistic_quadratic@all,logistic_quadratic,all,328068.0,23967.0,3705.0,0.6337803252426945,0.22754642599132827,0.12779489239171046,0.05870933426047231,0.028168373984351434,0.23501129756550673,4288.0,0.17891267159010305,0.2502332089552239,0.289608636977058,0.383587786259542,0.5080736012016522,0.6647773279352227,0.7585877862595419,0.633780365205018,2.585542605558557
2,2018-11-14,hist_gradient_boosting@252,hist_gradient_boosting,252,95236.0,23967.0,3705.0,0.629363556039366,0.230860616734385,0.127702126755229,0.059392612176257464,0.02028271756425692,0.20859074410815392,3720.0,0.15521341845036926,0.25564516129032255,0.25668016194331983,0.36736641221374045,0.42875620645053614,0.5802968960863698,0.7213740458015268,0.629363556039366,2.306472797077275
2,2018-11-14,hist_gradient_boosting@756,hist_gradient_boosting,756,282269.0,23967.0,3705.0,0.6506595781497204,0.23889393866941455,0.1269351542474715,0.06504185252475347,0.03022472561672161,0.24874627519388018,3783.0,0.15784203279509326,0.2624900872323553,0.2680161943319838,0.35400763358778625,0.46705887261651435,0.6442645074224022,0.7633587786259542,0.6506595781497204,3.1570288607873884
2,2018-11-14,hist_gradient_boosting@all,hist_gradient_boosting,all,328068.0,23967.0,3705.0,0.6503133245975694,0.23935831633151464,0.12700941199008692,0.06449489701914124,0.031054092235159807,0.24811726914460458,3846.0,0.16047064713981724,0.2628705148205928,0.2728744939271255,0.3616412213740458,0.47928401552134187,0.6539811066126856,0.7604961832061069,0.6503133245975694,3.0886479861549114
2,2018-11-14,mlp@252,mlp,252,95236.0,23967.0,3705.0,0.6208611254642457,0.22853020617202274,0.12817866139154108,0.05588263148244976,0.02299443170167359,0.19544530530196205,3828.0,0.1597196144698961,0.2549634273772205,0.26342780026990553,0.38645038167938933,0.4705219677055952,0.6070175438596491,0.7318702290076335,0.6208611254642457,1.7762575021497033
2,2018-11-14,mlp@756,mlp,756,282269.0,23967.0,3705.0,0.6354482593810555,0.23111034489996513,0.12755556266387702,0.060472149930390406,0.026067251488389266,0.22959099932225693,4089.0,0.17060958818375266,0.24749327463927612,0.2731443994601889,0.37595419847328243,0.4817040096799766,0.6369770580296896,0.7366412213740458,0.6354482593810555,2.4596138389590108
2,2018-11-14,mlp@all,mlp,all,328068.0,23967.0,3705.0,0.6352146796000729,0.22839017171829742,0.12764892461059207,0.05978447981045498,0.02550961068433376,0.22960098078357236,3830.0,0.1598030625443318,0.24934725848563968,0.25775978407557354,0.3568702290076336,0.4883798556348312,0.6491228070175439,0.7452290076335878,0.6352146796000729,2.5503136132013258
3,2019-02-19,logistic@252,logistic,252,95377.0,24076.0,1957.0,0.6890719066096767,0.17892414826033062,0.07284772112395795,0.02449764272407029,0.03671191629094493,0.33890729736283287,213.0,0.008846984548928393,0.3286384976525822,0.03576903423607562,0.04460431654676259,0.04228277122445589,0.14409810935104753,0.1553956834532374,0.6890719066096767,4.151242780483266
3,2019-02-19,logistic@756,logistic,756,283075.0,24076.0,1957.0,0.6975093355647713,0.1828438219503561,0.07214031430470794,0.03397051310469912,0.029068131123051302,0.3356242639392719,213.0,0.008846984548928393,0.3145539906103286,0.0342360756259581,0.03597122302158273,0.034266489450074766,0.12263668880940215,0.12949640287769784,0.6975093355647713,3.781645473252731
3,2019-02-19,logistic@all,logistic,all,351966.0,24076.0,1957.0,0.696573855872228,0.1810729477173691,0.07226531668932365,0.03229660870554507,0.029758777094331425,0.3287547560356446,221.0,0.0091792656587473,0.2986425339366516,0.03372508942258559,0.03741007194244604,0.03526333277953148,0.12365866121614716,0.13237410071942446,0.696573855872228,3.71720616418756
3,2019-02-19,logistic_quadratic@252,logistic_quadratic,252,95377.0,24076.0,1957.0,0.6805366651140022,0.17456897945220176,0.0733789472808519,0.01738400402266338,0.041121436910557904,0.3044222866119528,247.0,0.010259179265658747,0.3319838056680162,0.04190086867654573,0.053237410071942444,0.04485794982555242,0.1430761369443025,0.17266187050359713,0.6805366651140022,3.560153090820839
3,2019-02-19,logistic_quadratic@756,logistic_quadratic,756,283075.0,24076.0,1957.0,0.6995104729532038,0.18638166499044864,0.07176272016320813,0.039026868601391485,0.025677379006282666,0.3164456619203172,196.0,0.008140887190563216,0.37244897959183676,0.03730199284619315,0.04460431654676259,0.034308024588802125,0.11905978538579458,0.13381294964028778,0.6995104729532038,3.775565192241358
3,2019-02-19,logistic_quadratic@all,logistic_quadratic,all,351966.0,24076.0,1957.0,0.6991751288721806,0.18303037514183432,0.07194811727415203,0.03654421964590571,0.027092551210000353,0.30669987018997363,177.0,0.0073517195547433125,0.3502824858757062,0.03168114460909555,0.04028776978417266,0.035554078750623025,0.11548288196218702,0.12949640287769784,0.6991751288721806,3.654188739368494
3,2019-02-19,hist_gradient_boosting@252,hist_gradient_boosting,252,95377.0,24076.0,1957.0,0.6802014827447844,0.16712166211991536,0.07292617323273097,0.023447092125361335,0.025188901651958594,0.33308362819669624,219.0,0.009096195381292574,0.3013698630136986,0.03372508942258559,0.04460431654676259,0.04581325801628178,0.13592233009708737,0.19280575539568345,0.6802014827447844,5.922814728807385
3,2019-02-19,hist_gradient_boosting@756,hist_gradient_boosting,756,283075.0,24076.0,1957.0,0.7009477443778984,0.18181230167973506,0.07141646067058778,0.043663622449951256,0.013790829858554659,0.3292426822063068,183.0,0.007600930387107493,0.3333333333333333,0.031170158405723045,0.034532374100719423,0.03621864097026084,0.12161471640265713,0.14676258992805755,0.7009477443778984,5.295198834352566
3,2019-02-19,hist_gradient_boosting@all,hist_gradient_boosting,all,351966.0,24076.0,1957.0,0.6987686431476252,0.1813894813085892,0.07146407341504532,0.04302604115381603,0.014164085851200115,0.31750917358395303,198.0,0.008223957468017943,0.32323232323232326,0.032703117015840576,0.03884892086330935,0.03443263000498421,0.11292795094532447,0.13237410071942446,0.6987686431476252,5.174321404798019
3,2019-02-19,mlp@252,mlp,252,95377.0,24076.0,1957.0,0.6838845153161063,0.17396785694234954,0.07250850898863086,0.029040025553934035,0.02690648705185226,0.30782358392288683,205.0,0.008514703439109487,0.35609756097560974,0.03730199284619315,0.04316546762589928,0.03879381957135737,0.11752682677567705,0.1553956834532374,0.6838845153161063,4.618592702763482
3,2019-02-19,mlp@756,mlp,756,283075.0,24076.0,1957.0,0.7015490119720562,0.1799050289979275,0.07181567092348731,0.03831780604356627,0.02353598208062479,0.29968591452166277,232.0,0.009636152184748297,0.33620689655172414,0.0398569238630557,0.05611510791366906,0.03837846818408373,0.11752682677567705,0.14244604316546763,0.7015490119720562,4.495269416131129
3,2019-02-19,mlp@all,mlp,all,351966.0,24076.0,1957.0,0.6992760370387492,0.179191357565624,0.0718093461542678,0.038402500900010184,0.022869155337398757,0.2899988217286177,192.0,0.007974746635653764,0.296875,0.02912621359223301,0.033093525179856115,0.03634324638644293,0.11343893714869699,0.14244604316546763,0.6992760370387492,4.143841871976181
4,2019-05-20,logistic@252,logistic,252,95561.0,24251.0,2524.0,0.6593004118167985,0.19362027143426808,0.0903311381307584,0.03657726816105,0.017058347590870052,0.1636812358462099,2247.0,0.0926559729495691,0.24388072986203826,0.21711568938193343,0.28741092636579574,0.29582285266586944,0.508716323296355,0.6342042755344418,0.6593004118167985,5.522534081990547
4,2019-05-20,logistic@756,logistic,756,283817.0,24251.0,2524.0,0.6720771157025113,0.20156727273307334,0.0896596006705424,0.043739521043516305,0.014781876907162228,0.17183959596420062,2178.0,0.08981072945445549,0.2571166207529844,0.2218700475435816,0.2838479809976247,0.2980083295534205,0.5206022187004754,0.6211401425178147,0.6720771157025113,4.980733166044498
4,2019-05-20,logistic@all,logistic,all,375922.0,24251.0,2524.0,0.6661112281001452,0.19584249395243875,0.0900205730358164,0.039889586353584305,0.016386801885174784,0.169006310275523,2147.0,0.088532431652303,0.24359571495109456,0.2072107765451664,0.2672209026128266,0.2965238546864047,0.5114896988906498,0.6116389548693587,0.6661112281001452,4.927132779104971
4,2019-05-20,logistic_quadratic@252,logistic_quadratic,252,95561.0,24251.0,2524.0,0.6440104029712606,0.18059836775893,0.09081283002066527,0.03143980475605024,0.014982141243567256,0.16868942734988238,2332.0,0.09616098305224527,0.22427101200686106,0.2072107765451664,0.29453681710213775,0.30394622902148366,0.49881141045958793,0.6247030878859857,0.6440104029712606,4.669549857656133
4,2019-05-20,logistic_quadratic@756,logistic_quadratic,756,283817.0,24251.0,2524.0,0.6671175384327213,0.19556729839401915,0.08977221163147875,0.042538473853528935,0.011124914347882046,0.1837625950819476,2240.0,0.09236732505876047,0.24241071428571428,0.21513470681458002,0.2814726840855107,0.30617294132200734,0.526148969889065,0.6425178147268409,0.6671175384327213,4.777919845939908
4,2019-05-20,logistic_quadratic@all,logistic_quadratic,all,375922.0,24251.0,2524.0,0.6620061529991422,0.19218495742546338,0.0900099346875966,0.040003049182861794,0.01242912824506034,0.18445974949269603,2182.0,0.08997567110634613,0.24335472043996334,0.21038034865293184,0.2589073634204275,0.3055956455403901,0.5174326465927099,0.6235154394299287,0.6620061529991422,4.829719034302323
4,2019-05-20,hist_gradient_boosting@252,hist_gradient_boosting,252,95561.0,24251.0,2524.0,0.6433222880205507,0.17768342644732882,0.09087693763988577,0.030756067797575337,0.014900416607151624,0.17205186179901066,2018.0,0.08321306337882974,0.21655104063429137,0.1731378763866878,0.24703087885985747,0.28567894107459485,0.4706814580031696,0.5902612826603325,0.6433222880205507,4.483209648931445
4,2019-05-20,hist_gradient_boosting@756,hist_gradient_boosting,756,283817.0,24251.0,2524.0,0.6670821712334817,0.19642268590336498,0.0897895656644296,0.042353385187760995,0.010521110097203789,0.18344241712795306,2166.0,0.08931590449878356,0.2409972299168975,0.20681458003169573,0.27672209026128264,0.30374005195662035,0.5182250396196514,0.6247030878859857,0.6670821712334817,4.90782313189343
4,2019-05-20,hist_gradient_boosting@all,hist_gradient_boosting,all,375922.0,24251.0,2524.0,0.6627388986382452,0.19553398188134774,0.0899490903721618,0.04065198152010541,0.010782483073510197,0.18422857648990332,2163.0,0.08919219825986557,0.23763291724456773,0.20364500792393028,0.2755344418052256,0.3006473959836708,0.5158478605388273,0.6318289786223278,0.6627388986382452,4.857466303792453
4,2019-05-20,mlp@252,mlp,252,95561.0,24251.0,2524.0,0.6393372097509966,0.17183135920760723,0.09125455652561063,0.026728590384942796,0.01691252084712838,0.17526290383844984,2056.0,0.08478000907179085,0.20865758754863814,0.16996830427892234,0.24346793349168647,0.28440064327244235,0.45800316957210774,0.5902612826603325,0.6393372097509966,4.386370811389251
4,2019-05-20,mlp@756,mlp,756,283817.0,24251.0,2524.0,0.6593873026156519,0.1917391501020863,0.09013645409174995,0.03865366211100174,0.011758119443396836,0.181934768384204,2051.0,0.08457383200692754,0.2257435397367138,0.18343898573692552,0.24465558194774348,0.2907096614572595,0.5047543581616482,0.6258907363420427,0.6593873026156519,4.393588849258723
4,2019-05-20,mlp@all,mlp,all,375922.0,24251.0,2524.0,0.6531721943316637,0.1853810029136474,0.09041468666292553,0.03568618501112808,0.011447931077646025,0.18796501012985042,1951.0,0.08045029070966146,0.23218862121988723,0.1794770206022187,0.24465558194774348,0.29879180239990105,0.5007923930269413,0.6104513064133017,0.6531721943316637,4.414854422348531
5,2019-08-19,logistic@252,logistic,252,95752.0,24333.0,1852.0,0.6632615514151954,0.1778132181858956,0.06852426178999864,0.025693744057118106,0.03263386606555911,0.24249419194101635,1154.0,0.04742530719598899,0.26776429809358754,0.16684665226781858,0.16374269005847952,0.21098919163276209,0.4298056155507559,0.43859649122807015,0.6632615514151954,4.492972348395316
5,2019-08-19,logistic@756,logistic,756,284599.0,24333.0,1852.0,0.6751124035338505,0.19339472571715693,0.06809322841157248,0.031822354656497076,0.03638200529063138,0.23919221680503538,1408.0,0.05786380635351169,0.28480113636363635,0.21652267818574514,0.2134502923976608,0.21797558870669462,0.46706263498920086,0.47953216374269003,0.6751124035338505,4.718298464401327
5,2019-08-19,logistic@all,logistic,all,399972.0,24333.0,1852.0,0.6720348587139051,0.19116601020871504,0.06826731592852074,0.029347106439098325,0.03723139199839855,0.23377879600239335,1461.0,0.0600419183824436,0.2778918548939083,0.21922246220302377,0.2134502923976608,0.2253318538610118,0.4681425485961123,0.4780701754385965,0.6720348587139051,4.766870302548584
5,2019-08-19,logistic_quadratic@252,logistic_quadratic,252,95752.0,24333.0,1852.0,0.6405824289539244,0.16510450206121471,0.06934615809057845,0.014007682996798887,0.033851915435304455,0.22971890614471588,1162.0,0.04775407882299758,0.26247848537005164,0.16468682505399568,0.1783625730994152,0.21000287675173632,0.39470842332613393,0.42105263157894735,0.6405824289539244,3.753915417958823
5,2019-08-19,logistic_quadratic@756,logistic_quadratic,756,284599.0,24333.0,1852.0,0.6590360009311438,0.18720560513309742,0.06878726409993366,0.021954268589546966,0.03657373102603555,0.23748775893243784,1342.0,0.05515144043069083,0.2719821162444113,0.1970842332613391,0.20175438596491227,0.21489335470348908,0.43412526997840173,0.44883040935672514,0.6590360009311438,4.373026678717521
5,2019-08-19,logistic_quadratic@all,logistic_quadratic,all,399972.0,24333.0,1852.0,0.6598520968462641,0.18453737470635942,0.06887659286350258,0.020684155334659726,0.038130177408327755,0.23696013545601646,1396.0,0.057370648912998805,0.26432664756446994,0.199244060475162,0.19736842105263158,0.22446882834011425,0.4519438444924406,0.45321637426900585,0.6598520968462641,4.418442726796244
5,2019-08-19,hist_gradient_boosting@252,hist_gradient_boosting,252,95752.0,24333.0,1852.0,0.6351916516399786,0.15811853083373173,0.07017792553158715,0.0021812699848945405,0.03667382295049287,0.23155757219428924,1368.0,0.05621994821846875,0.21125730994152048,0.1560475161987041,0.15935672514619884,0.21275633912793326,0.3898488120950324,0.4283625730994152,0.6351916516399786,3.727087202528055
5,2019-08-19,hist_gradient_boosting@756,hist_gradient_boosting,756,284599.0,24333.0,1852.0,0.6543688008006378,0.17753222350304285,0.06938902864130803,0.01339813180017968,0.038594712539812503,0.22947209065531,1467.0,0.06028849710270004,0.25698704839809133,0.20356371490280778,0.20175438596491227,0.21727694899930136,0.4287257019438445,0.46345029239766083,0.6543688008006378,4.732983708120937
5,2019-08-19,hist_gradient_boosting@all,hist_gradient_boosting,all,399972.0,24333.0,1852.0,0.6569917020401101,0.18142818027305482,0.06945999555111478,0.012389094965874925,0.03978122211921964,0.2298197284341726,1509.0,0.06201454814449513,0.24188204108681247,0.1970842332613391,0.195906432748538,0.22434553897998602,0.43412526997840173,0.4605263157894737,0.6569917020401101,4.615250139460358
5,2019-08-19,mlp@252,mlp,252,95752.0,24333.0,1852.0,0.6429351476355891,0.1439169866037532,0.07017791533840788,0.002181414915727431,0.036328539362933475,0.2140858446038853,1461.0,0.0600419183824436,0.19164955509924708,0.1511879049676026,0.16666666666666666,0.22841408786421732,0.4136069114470842,0.4692982456140351,0.6429351476355891,3.226185084990398
5,2019-08-19,mlp@756,mlp,756,284599.0,24333.0,1852.0,0.657921596955932,0.17692057606464684,0.06922269374197212,0.015763150098388468,0.039593652480922434,0.21331551122450548,1564.0,0.06427485308017918,0.22762148337595908,0.19222462203023757,0.1827485380116959,0.23133193605391855,0.4454643628509719,0.47953216374269003,0.657921596955932,4.06265237560346
5,2019-08-19,mlp@all,mlp,all,399972.0,24333.0,1852.0,0.6594908726860589,0.17843047674222615,0.06939651515345747,0.01329168547836801,0.04156577624179418,0.2126079493264771,1687.0,0.06932971684543623,0.22465915826911678,0.20464362850971923,0.19883040935672514,0.2357703530185345,0.44330453563714906,0.4605263157894737,0.6594908726860589,4.095446305699831
6,2019-11-15,logistic@252,logistic,252,96131.0,24366.0,1654.0,0.6924535149773005,0.14255479978955865,0.0615548752685555,0.030167463857220023,0.007116042962869286,0.1717671085161277,545.0,0.022367233029631454,0.1908256880733945,0.06287787182587666,0.07058823529411765,0.09451694984814905,0.22853688029020555,0.2691176470588235,0.6924535149773005,3.892691921569439
6,2019-11-15,logistic@756,logistic,756,285582.0,24366.0,1654.0,0.7075964455611148,0.15264163641546713,0.06117441774659757,0.03616179138700937,0.010977325872522545,0.18046415587669418,552.0,0.02265451859147993,0.22282608695652173,0.0743651753325272,0.0838235294117647,0.09344988918985471,0.2370012091898428,0.2676470588235294,0.7075964455611148,4.22804114999625
6,2019-11-15,logistic@all,logistic,all,424199.0,24366.0,1654.0,0.7081470283701748,0.15373163148638774,0.061142119732552666,0.03667066521279305,0.011272357676176114,0.17864055819034774,556.0,0.02281868176967906,0.22841726618705036,0.07678355501813784,0.08823529411764706,0.09024870721497168,0.23821039903264812,0.2647058823529412,0.7081470283701748,4.484898643216584
6,2019-11-15,logistic_quadratic@252,logistic_quadratic,252,96131.0,24366.0,1654.0,0.6776357751102816,0.13010212843964275,0.06174470171285611,0.02717663882346233,0.004317867542585734,0.1552367154388918,592.0,0.024296150373471232,0.17736486486486486,0.06348246674727932,0.08529411764705883,0.09562505130099319,0.2279322853688029,0.2735294117647059,0.6776357751102816,3.077784660620604
6,2019-11-15,logistic_quadratic@756,logistic_quadratic,756,285582.0,24366.0,1654.0,0.7053313974512033,0.14767640832526663,0.06119025335250516,0.03591229228930659,0.009247402426192059,0.16831747603474814,544.0,0.02232619223508167,0.23897058823529413,0.07859733978234583,0.08970588235294118,0.09250595091520972,0.2418379685610641,0.2867647058823529,0.7053313974512033,3.8090716565810587
6,2019-11-15,logistic_quadratic@all,logistic_quadratic,all,424199.0,24366.0,1654.0,0.7121805805133457,0.15712678020267648,0.06099511119992794,0.03898686937059592,0.01045690980689829,0.17292830886122776,542.0,0.022244110645982106,0.24538745387453875,0.0804111245465538,0.09117647058823529,0.08778625954198473,0.24123337363966144,0.275,0.7121805805133457,4.14367265620863
6,2019-11-15,hist_gradient_boosting@252,hist_gradient_boosting,252,96131.0,24366.0,1654.0,0.6858923077807682,0.14204551555870615,0.06150942207079797,0.03088360518420119,0.005231953441859932,0.1481837001130124,488.0,0.02002790774029385,0.22336065573770492,0.06590084643288996,0.06764705882352941,0.09537880653369449,0.24062877871825877,0.26176470588235295,0.6858923077807682,2.887574844430606
6,2019-11-15,hist_gradient_boosting@756,hist_gradient_boosting,756,285582.0,24366.0,1654.0,0.7085122689751019,0.15816238009679293,0.061024606111992695,0.03852216003203801,0.010365082818945711,0.16158624134283184,527.0,0.021628498727735368,0.22011385199240988,0.07013301088270858,0.075,0.09061807436591972,0.25332527206771466,0.2852941176470588,0.7085122689751019,3.9597361448976027
6,2019-11-15,hist_gradient_boosting@all,hist_gradient_boosting,all,424199.0,24366.0,1654.0,0.7097314147223016,0.16113234771427318,0.06100818620737621,0.03878086509265177,0.011025118259614835,0.16239487804566163,499.0,0.020479356480341458,0.24048096192384769,0.07255139056831923,0.07794117647058824,0.08992038085857343,0.23941958887545345,0.275,0.7097314147223016,4.136237070687613
6,2019-11-15,mlp@252,mlp,252,96131.0,24366.0,1654.0,0.6746014470454497,0.13344832621739267,0.061687365220636184,0.02808000830346824,0.005318422786444537,0.14924084520825834,513.0,0.021053927604038413,0.21832358674463936,0.06771463119709795,0.07941176470588235,0.0967741935483871,0.21946795646916567,0.24558823529411763,0.6746014470454497,3.0467097735815707
6,2019-11-15,mlp@756,mlp,756,285582.0,24366.0,1654.0,0.695820966538365,0.15010097113916618,0.06117426310950428,0.03616422778353712,0.010665004806508852,0.16024122018876258,531.0,0.0217926619059345,0.2504708097928437,0.0804111245465538,0.08823529411764706,0.08992038085857343,0.23821039903264812,0.2691176470588235,0.695820966538365,4.280448920494757
6,2019-11-15,mlp@all,mlp,all,424199.0,24366.0,1654.0,0.7011613243035232,0.15173586489086638,0.061132185572393236,0.03682718363151838,0.011364838145704274,0.1656343254172896,494.0,0.020274152507592548,0.25303643724696356,0.07557436517533253,0.07647058823529412,0.08347697611425757,0.22551390568319227,0.26029411764705884,0.7011613243035232,4.268745974105733
7,2020-02-19,logistic@252,logistic,252,96559.0,24425.0,11178.0,0.5023161916511938,0.46735791126041537,0.30511646851904717,0.2141577120418816,0.20359961438861113,0.11518042554018383,19809.0,0.8110133060388945,0.4466656570245848,0.7915548398640186,0.8402777777777778,0.9463664278403275,0.9093755591340132,0.9641203703703703,0.5023161916511938,4.41136255241832
7,2020-02-19,logistic@756,logistic,756,286586.0,24425.0,11178.0,0.48656300214851983,0.4597601728673972,0.3056155117022017,0.21287240207895652,0.1982820125967245,0.12041896334302617,20059.0,0.8212487205731832,0.4380078767635475,0.7860082304526749,0.8580246913580247,0.9477584442169907,0.9108069422079084,0.9610339506172839,0.48656300214851983,4.602997257963687
7,2020-02-19,logistic@all,logistic,all,448525.0,24425.0,11178.0,0.46894005702489916,0.4493466932312029,0.30734749148862417,0.20841160399530767,0.18441993935977877,0.1164029704426397,20252.0,0.829150460593654,0.4326486272960695,0.7838611558418321,0.8753858024691358,0.9451791197543501,0.9064233315441045,0.9594907407407407,0.46894005702489916,4.846158969477984
7,2020-02-19,logistic_quadratic@252,logistic_quadratic,252,96559.0,24425.0,11178.0,0.49673142926806413,0.45602125499876495,0.34113545186959726,0.1213890705342382,0.2900869927150073,0.12169301098175418,15604.0,0.6388536335721596,0.45699820558831067,0.6379495437466451,0.7044753086419753,0.8559672466734902,0.8259974950796207,0.902391975308642,0.4967314258913961,3.871728948932286
7,2020-02-19,logistic_quadratic@756,logistic_quadratic,756,286586.0,24425.0,11178.0,0.4480214569152763,0.42833094059631827,0.3353794383221055,0.13621396306669908,0.263772746054559,0.12832692199291007,17930.0,0.7340839303991812,0.4302844394868935,0.6901950259438182,0.8020833333333334,0.891381780962129,0.8455895509035606,0.9135802469135802,0.4480214906819563,4.3794556844976205
7,2020-02-19,logistic_quadratic@all,logistic_quadratic,all,448525.0,24425.0,11178.0,0.43374157857311274,0.4204938357858032,0.341948128475979,0.1192959824527301,0.2728781749364579,0.126165814250652,17516.0,0.7171340839303992,0.4233272436629367,0.6633565933082841,0.7966820987654321,0.8711975435005118,0.8301127214170693,0.9143518518518519,0.43374158870311674,4.661329462908445
7,2020-02-19,hist_gradient_boosting@252,hist_gradient_boosting,252,96559.0,24425.0,11178.0,0.47898062323377466,0.4569292687286061,0.32599265622859136,0.16039007638085456,0.2605791322488648,0.1381869586800928,19344.0,0.7919754350051177,0.4394127377998346,0.7604222580067991,0.8379629629629629,0.9286386898669396,0.886920737162283,0.9471450617283951,0.47898062323377466,4.21422600313424
7,2020-02-19,hist_gradient_boosting@756,hist_gradient_boosting,756,286586.0,24425.0,11178.0,0.4553987302620755,0.43361298146399596,0.3237455797719894,0.1661775309631779,0.2532694343406421,0.1338181279886896,19933.0,0.8160900716479017,0.4357597953143029,0.7770620862408302,0.8668981481481481,0.9423541453428864,0.9033816425120773,0.9552469135802469,0.4553987302620755,4.783915768779411
7,2020-02-19,hist_gradient_boosting@all,hist_gradient_boosting,all,448525.0,24425.0,11178.0,0.47080992069922206,0.45277540768654034,0.3196602931862805,0.17669938503765803,0.24430231706619296,0.13457681696155954,20154.0,0.8251381780962129,0.43182494790116105,0.7785829307568438,0.8753858024691358,0.947021494370522,0.9114331723027376,0.964891975308642,0.47080992069922206,4.988109432153267
7,2020-02-19,mlp@252,mlp,252,96559.0,24425.0,11178.0,0.4303481116450164,0.4165454409343585,0.3367425303189691,0.13270325340650957,0.2694232314000616,0.1323889174686121,18500.0,0.7574206755373593,0.43486486486486486,0.7197173018429057,0.816358024691358,0.9229477993858751,0.8772589014134908,0.9448302469135802,0.4303481116450164,3.8305015725200793
7,2020-02-19,mlp@756,mlp,756,286586.0,24425.0,11178.0,0.4261575552210493,0.41495640273831597,0.33018172567736914,0.1496009245005211,0.2462609041154509,0.12973242196022977,18991.0,0.7775230296827021,0.4332052024643252,0.7359992843084631,0.8333333333333334,0.9342067553735927,0.8939881910896403,0.9483024691358025,0.4261575552210493,4.474062076191867
7,2020-02-19,mlp@all,mlp,all,448525.0,24425.0,11178.0,0.42222630326317284,0.4177384230261053,0.33022550220422453,0.14948817592883668,0.2503071518012208,0.12821898890472067,19401.0,0.7943091095189355,0.4280707180042266,0.742977276793702,0.8595679012345679,0.9426407369498465,0.9099123277867239,0.9614197530864198,0.42222630326317284,4.551898371392411
8,2020-05-19,logistic@252,logistic,252,96967.0,24505.0,4000.0,0.6477170811997074,0.2775781954839778,0.22879678360201197,-0.6006520838060236,0.3043216290362948,0.4735961719857954,13.0,0.0005305039787798408,0.38461538461538464,0.00125,0.0007558578987150416,0.00665170373393185,0.023,0.021164021164021163,0.6477170811997074,0.07128658990837396
8,2020-05-19,logistic@756,logistic,756,287442.0,24505.0,4000.0,0.3557063155327969,0.11973237004842455,0.23105202936621866,-0.6164296824905027,0.3072997536690891,0.4708770087837069,865.0,0.03529891858804326,0.05433526011560694,0.01175,0.021164021164021163,0.4867986125280555,0.3265,0.42101284958427815,0.6442936844672031,-0.0056225581339634356
8,2020-05-19,logistic@all,logistic,all,472889.0,24505.0,4000.0,0.33923783223604,0.11599209844671855,0.2390652027135784,-0.6724894854930719,0.317482051714751,0.4960607881569334,851.0,0.03472760661089574,0.041128084606345476,0.00875,0.01436130007558579,0.47990206080391756,0.29875,0.38095238095238093,0.66076216776396,-0.2654926911494059
8,2020-05-19,logistic_quadratic@252,logistic_quadratic,252,96967.0,24505.0,4000.0,0.6350984394050232,0.2570184106876944,0.2288154314666121,-0.6007825434342615,0.30472317175697267,0.47826034221612135,135.0,0.005509079779636809,0.45925925925925926,0.0155,0.026455026455026454,0.03431952662721893,0.07775,0.10355253212396069,0.6350984394050232,0.13255246680130034
8,2020-05-19,logistic_quadratic@756,logistic_quadratic,756,287442.0,24505.0,4000.0,0.3580817727383565,0.11998725943625213,0.23429837606758067,-0.6391409790851732,0.31068411595716877,0.4941619559842892,70.0,0.0028565598857376046,0.1,0.00175,0.003779289493575208,0.30679453172821874,0.17575,0.25170068027210885,0.6419182272616434,-0.2194415898631452
8,2020-05-19,logistic_quadratic@all,logistic_quadratic,all,472889.0,24505.0,4000.0,0.3465035601072909,0.11827354442660679,0.23617053627118406,-0.6522385282899257,0.311717557226022,0.5171298722168646,45.0,0.001836359926545603,0.2222222222222222,0.0025,0.005291005291005291,0.2443991022240359,0.1165,0.17913832199546487,0.653496439892709,-0.42310157332417925
8,2020-05-19,hist_gradient_boosting@252,hist_gradient_boosting,252,96967.0,24505.0,4000.0,0.6425323823457694,0.26948859581682694,0.2308791698780351,-0.6152203652282113,0.3070723492168991,0.4703259371046934,55.0,0.0022444399102224035,0.34545454545454546,0.00475,0.009070294784580499,0.014364415425423382,0.03925,0.049886621315192746,0.6425323823457694,0.0003426099524931024
8,2020-05-19,hist_gradient_boosting@756,hist_gradient_boosting,756,287442.0,24505.0,4000.0,0.34424075835162155,0.11753297591138592,0.2373426073100453,-0.6604382849525252,0.314831820491123,0.49744353012996856,856.0,0.03493164660273414,0.05023364485981308,0.01075,0.02040816326530612,0.4935727402570904,0.32825,0.41345427059712775,0.6557592416483785,-0.3219972860539455
8,2020-05-19,hist_gradient_boosting@all,hist_gradient_boosting,all,472889.0,24505.0,4000.0,0.33772372592050715,0.1159520964735114,0.23641321419619227,-0.6539362922193077,0.3137914659285978,0.49290200806440404,848.0,0.03460518261579269,0.045990566037735846,0.00975,0.017384731670445956,0.4867986125280555,0.30975,0.399848828420257,0.6622762740794927,-0.27652099426019294
8,2020-05-19,mlp@252,mlp,252,96967.0,24505.0,4000.0,0.638172049500122,0.2835857319403832,0.22747827389825642,-0.5914278487813482,0.3025538248089145,0.47808521332424414,14.0,0.0005713119771475209,0.5,0.00175,0.0022675736961451248,0.007018975719240971,0.025,0.02343159486016629,0.638172049500122,0.1479678006949579
8,2020-05-19,mlp@756,mlp,756,287442.0,24505.0,4000.0,0.36560710802243357,0.12163813826311633,0.23979298408286837,-0.6775810114619665,0.31796333017371353,0.5082172325232452,707.0,0.028851254845949807,0.04384724186704385,0.00775,0.01436130007558579,0.3983676800652928,0.2645,0.36432350718065004,0.6343928919775664,-0.39436861910130333
8,2020-05-19,mlp@all,mlp,all,472889.0,24505.0,4000.0,0.3449531882467691,0.11776969680581909,0.24274770031978268,-0.6982520743467457,0.32086756975894154,0.5208097408384005,726.0,0.029626606814935726,0.03581267217630854,0.0065,0.011337868480725623,0.36323199347072027,0.21325,0.30612244897959184,0.6550468117532309,-0.5531624048827001
9,2020-08-18,logistic@252,logistic,252,97321.0,24507.0,3737.0,0.5424696804805205,0.18100164626938448,0.12932832406666964,0.00872257597310011,0.01563579135390802,0.28221724679462223,690.0,0.028155220957277512,0.2536231884057971,0.04682900722504683,0.07792207792207792,0.11613008528175624,0.16055659620016055,0.22536287242169595,0.5424696804805205,2.881082046484805
9,2020-08-18,logistic@756,logistic,756,288211.0,24507.0,3737.0,0.5571337980653588,0.18893170841030085,0.1286854158613859,0.013650347164899435,0.01418372156941768,0.2861151335739247,464.0,0.018933365977067778,0.2629310344827586,0.032646507894032645,0.05500381970970206,0.10119557677398294,0.15547230398715547,0.19862490450725745,0.5571337980653588,2.99582274087499
9,2020-08-18,logistic@all,logistic,all,497293.0,24507.0,3737.0,0.5573773643028137,0.1917243608901441,0.12876895862115734,0.013010007530871226,0.020363712727914898,0.30038878502672994,278.0,0.011343697719019056,0.2589928057553957,0.019266791544019266,0.03666921313980138,0.08173175011221284,0.13486754080813487,0.16806722689075632,0.5573773643028137,3.2429777257141676
9,2020-08-18,logistic_quadratic@252,logistic_quadratic,252,97321.0,24507.0,3737.0,0.5478981219310235,0.18153917658504604,0.12956626689404016,0.006898788688421975,0.02213950158042447,0.2730219112210597,866.0,0.03533684253478598,0.23441108545034642,0.05432164838105432,0.09167303284950344,0.12698412698412698,0.16376772812416376,0.22459893048128343,0.5478981219310235,2.6492879666546703
9,2020-08-18,logistic_quadratic@756,logistic_quadratic,756,288211.0,24507.0,3737.0,0.5521174931062574,0.1887470493005144,0.12914885231389067,0.01009819340311191,0.01798733708409876,0.27553423160151685,514.0,0.020973599379769045,0.2704280155642023,0.037195611453037195,0.06493506493506493,0.10237891214754968,0.15252876639015253,0.19938884644766997,0.5521174931062574,2.9146812929763626
9,2020-08-18,logistic_quadratic@all,logistic_quadratic,all,497293.0,24507.0,3737.0,0.5531454701768892,0.1922805777741733,0.12928768087903322,0.009034098407456392,0.022516997824517108,0.28639603056086227,383.0,0.01562818786469172,0.2793733681462141,0.02863259298902863,0.054239877769289534,0.08413922552740033,0.1362055124431362,0.17265087853323147,0.5531454701768892,3.34156935306832
9,2020-08-18,hist_gradient_boosting@252,hist_gradient_boosting,252,97321.0,24507.0,3737.0,0.5434098422919886,0.18103921587985794,0.1295690757377079,0.006877259426865789,0.020579469948728352,0.26281193223934596,996.0,0.04064144938180928,0.24096385542168675,0.06422263848006422,0.10236822001527884,0.1294324070673685,0.17527428418517527,0.23682200152788388,0.5434098422919886,2.37316257172916
9,2020-08-18,hist_gradient_boosting@756,hist_gradient_boosting,756,288211.0,24507.0,3737.0,0.5478383866832076,0.1841892415869989,0.12952202107047642,0.007237924653592298,0.019609108324984643,0.2672520121404208,719.0,0.02933855633084425,0.24756606397774686,0.04763179020604763,0.08097784568372804,0.10221569347533357,0.15012041744715013,0.19098548510313215,0.5478383866832076,3.0842118393656475
9,2020-08-18,hist_gradient_boosting@all,hist_gradient_boosting,all,497293.0,24507.0,3737.0,0.5510569847079569,0.18847684290875605,0.12951999250747223,0.007253473209748007,0.021146675063026695,0.27108297164739564,539.0,0.02199371608111968,0.27087198515769945,0.03906877174203907,0.06875477463712758,0.08617945893010161,0.13433235215413433,0.18105423987776928,0.5510569847079569,3.585744648822373
9,2020-08-18,mlp@252,mlp,252,97321.0,24507.0,3737.0,0.5417247710535344,0.17521593205280567,0.12963721453560165,0.0063549882806195335,0.018996398314732293,0.258809029344018,1127.0,0.045986860896886604,0.20585625554569653,0.06208188386406208,0.0962566844919786,0.14151058881136003,0.18303451966818304,0.239877769289534,0.5417247710535344,2.329304731654435
9,2020-08-18,mlp@756,mlp,756,288211.0,24507.0,3737.0,0.5518662417452561,0.17653418509118904,0.129749490739251,0.005494412171431984,0.023858425236948255,0.26607539608064884,769.0,0.03137878973354552,0.18075422626788037,0.037195611453037195,0.061115355233002294,0.12098584078018525,0.15654268129515655,0.19862490450725745,0.5518662417452561,3.0431298037201486
9,2020-08-18,mlp@all,mlp,all,497293.0,24507.0,3737.0,0.5551292756310465,0.18083698273430238,0.12936749915482798,0.008422306246759215,0.02023031660034904,0.2521345811778111,799.0,0.03260292977516628,0.20150187734668334,0.04308268664704308,0.07257448433919023,0.11968009140245645,0.16028900187316028,0.2055003819709702,0.5551292756310465,3.1119023815966216
10,2020-11-16,logistic@252,logistic,252,97599.0,24556.0,2533.0,0.54657535201821,0.12517281816210177,0.09481673699739261,-0.017492672001595322,0.049660704425551414,0.2189409752969825,1124.0,0.045772927186838244,0.1699288256227758,0.07540465850769838,0.11372950819672131,0.17185209317478417,0.2250296091590999,0.2858606557377049,0.54657535201821,2.37708817204019
10,2020-11-16,logistic@756,logistic,756,288966.0,24556.0,2533.0,0.5980725136099773,0.14964799049343658,0.09374513624678929,-0.005993163100753707,0.049067123966925766,0.23999436452818107,1148.0,0.046750285062713795,0.20470383275261325,0.0927753651796289,0.125,0.17282945105065972,0.2783260955388867,0.32274590163934425,0.5980725136099773,2.782513311932765
10,2020-11-16,logistic@all,logistic,all,521798.0,24556.0,2533.0,0.6217431695202763,0.1651793159192525,0.09307172488763865,0.0012333155239775406,0.04970517923317557,0.2466898965158737,1192.0,0.0485421078351523,0.2348993288590604,0.11054086063955784,0.1260245901639344,0.18390617364391595,0.31741018555073036,0.35450819672131145,0.6217431695202763,2.812920643441128
10,2020-11-16,logistic_quadratic@252,logistic_quadratic,252,97599.0,24556.0,2533.0,0.5703974843512756,0.13326643621684675,0.09435528715364544,-0.01254078429297345,0.04935055413921353,0.21596758613052866,1047.0,0.04263723733507086,0.16045845272206305,0.0663245163837347,0.10348360655737705,0.16492914155399901,0.2313462297670746,0.29918032786885246,0.5703974843512756,1.7033964542368405
10,2020-11-16,logistic_quadratic@756,logistic_quadratic,756,288966.0,24556.0,2533.0,0.6186846902456838,0.1610350728073082,0.09309114983118566,0.001024863531860598,0.04816065488933561,0.22404873098761416,1032.0,0.04202638866264864,0.24031007751937986,0.09790761942360837,0.12807377049180327,0.16142694249877831,0.2799052506908804,0.319672131147541,0.6186846902456838,1.9797169303992155
10,2020-11-16,logistic_quadratic@all,logistic_quadratic,all,521798.0,24556.0,2533.0,0.6283742695228773,0.1689555645836323,0.09281372886260518,0.004001909689839933,0.04891228089164698,0.2299739589138841,1116.0,0.04544714122821306,0.25985663082437277,0.11448874851954205,0.13217213114754098,0.17466199706792637,0.3134622976707461,0.3442622950819672,0.6283742695228773,2.1641366472850683
10,2020-11-16,hist_gradient_boosting@252,hist_gradient_boosting,252,97599.0,24556.0,2533.0,0.6178786295252214,0.15358370575384067,0.09343290916146026,-0.0026426072665928224,0.048675513748092425,0.2240233778482131,836.0,0.03404463267633165,0.20095693779904306,0.0663245163837347,0.10758196721311475,0.17319596025411305,0.2901697591788393,0.3432377049180328,0.6178786295252214,1.577235945927578
10,2020-11-16,hist_gradient_boosting@756,hist_gradient_boosting,756,288966.0,24556.0,2533.0,0.6252200015778645,0.16562649690800413,0.0930517448065847,0.0014477247802141546,0.04848405141997651,0.2200101810331275,1061.0,0.04320736276266493,0.23751178133836004,0.09948677457560205,0.13217213114754098,0.17405114839550415,0.30043426766679826,0.33811475409836067,0.6252200015778645,1.9405135384389984
10,2020-11-16,hist_gradient_boosting@all,hist_gradient_boosting,all,521798.0,24556.0,2533.0,0.6326568306661562,0.17020256680056767,0.0929165646899473,0.002898362952698963,0.04900288042391461,0.22021002311606358,1140.0,0.046424499104088614,0.23421052631578948,0.10540860639557836,0.1403688524590164,0.18178856491285225,0.32056849585471775,0.3514344262295082,0.6326568306661562,2.1379890798617045
10,2020-11-16,mlp@252,mlp,252,97599.0,24556.0,2533.0,0.6016904248920828,0.14167881179589337,0.09396626509565568,-0.008366130051682186,0.04916449914855436,0.21305436271456812,815.0,0.03318944453494054,0.18036809815950922,0.058033951835767865,0.10040983606557377,0.17547646196448932,0.2577970785629688,0.3442622950819672,0.6016904248920828,1.2036170190742839
10,2020-11-16,mlp@756,mlp,756,288966.0,24556.0,2533.0,0.624750030290803,0.1574863051606784,0.09330484729362969,-0.0012683560931525673,0.048299299552834137,0.21537428894733326,949.0,0.038646359341912365,0.20864067439409906,0.07816818002368733,0.12397540983606557,0.16281153282293534,0.2704303197789183,0.33401639344262296,0.624750030290803,1.6987520701713517
10,2020-11-16,mlp@all,mlp,all,521798.0,24556.0,2533.0,0.6261718471513622,0.16301013582276516,0.09300094605617956,0.0019928538146111174,0.04791130991453226,0.2205912967370963,1093.0,0.04451050659716566,0.22415370539798718,0.0967232530596131,0.1444672131147541,0.1685535103437042,0.29411764705882354,0.33709016393442626,0.6261718471513622,2.113631030916076
11,2021-02-18,logistic@252,logistic,252,97780.0,24687.0,2522.0,0.6712208361590573,0.20133740282368973,0.09012086026382324,0.031023053637418085,0.03187403453335559,0.1316901764753486,903.0,0.03657795600923563,0.31450719822812845,0.11260904044409199,0.13641133263378805,0.15890954753513994,0.3354480570975416,0.378803777544596,0.6712208361590573,1.5869725354475634
11,2021-02-18,logistic@756,logistic,756,289716.0,24687.0,2522.0,0.7162711428399182,0.2449874638236184,0.08770414426365082,0.057007515871992376,0.034870262335794454,0.1618923448012027,1202.0,0.048689593713290395,0.3427620632279534,0.1633624107850912,0.16684155299055614,0.17754283631060883,0.4254559873116574,0.4060860440713536,0.7162711428399182,2.715462861294985
11,2021-02-18,logistic@all,logistic,all,546305.0,24687.0,2522.0,0.728129791469179,0.2629194592402032,0.0862519023260757,0.07262198020280053,0.030714093745321962,0.18248555353967633,1274.0,0.051606108478146395,0.36342229199372056,0.18358445678033306,0.1657922350472193,0.17235792117308704,0.4476605868358446,0.40818467995802726,0.728129791469179,3.2157756449613015
11,2021-02-18,logistic_quadratic@252,logistic_quadratic,252,97780.0,24687.0,2522.0,0.70020568825153,0.22215595224222373,0.08923027768033044,0.040598572443056424,0.03713698900932004,0.14357440029005977,944.0,0.03823874913922307,0.3241525423728814,0.12133227597145123,0.14900314795383002,0.17349212135941994,0.3909595559080095,0.4123819517313746,0.70020568825153,1.6672360438243607
11,2021-02-18,logistic_quadratic@756,logistic_quadratic,756,289716.0,24687.0,2522.0,0.7264985251375982,0.2579276561475775,0.08668575087501074,0.0679572528477771,0.03082115204000915,0.17663602315493449,1260.0,0.05103900838497995,0.35714285714285715,0.17842981760507534,0.17733473242392445,0.17956819378620326,0.4544012688342585,0.4249737670514166,0.7264985251375982,2.9047644869798175
11,2021-02-18,logistic_quadratic@all,logistic_quadratic,all,546305.0,24687.0,2522.0,0.7310063500746778,0.26657921947929075,0.08596405128218912,0.07571694650356575,0.027785404438953363,0.1856676386900029,1374.0,0.05565682342933528,0.35880640465793306,0.19547977795400476,0.18572927597061908,0.1773403005630494,0.45796986518636,0.42392444910807975,0.7310063500746778,3.1582968611677473
11,2021-02-18,hist_gradient_boosting@252,hist_gradient_boosting,252,97780.0,24687.0,2522.0,0.7021080630760608,0.21636212404479432,0.08824380225398086,0.0512051283890127,0.0317791639848339,0.1655710945454758,1103.0,0.0446793859116134,0.3019038984587489,0.13203806502775575,0.16789087093389296,0.16774010612873172,0.39770023790642345,0.41343126967471144,0.7021080630760608,2.3787673434388954
11,2021-02-18,hist_gradient_boosting@756,hist_gradient_boosting,756,289716.0,24687.0,2522.0,0.725113599914705,0.2450388099820326,0.08674899403291181,0.06727726419873492,0.029329973364249896,0.17979043671547193,1176.0,0.04763640782598129,0.358843537414966,0.16732751784298175,0.18467995802728226,0.16802365617531495,0.4302141157811261,0.39769150052465896,0.725113599914705,3.078425313017402
11,2021-02-18,hist_gradient_boosting@all,hist_gradient_boosting,all,546305.0,24687.0,2522.0,0.728003110189547,0.252322335806976,0.08644756202426959,0.07051825264930045,0.026938944022873508,0.18239919917188682,1194.0,0.04836553651719529,0.36432160804020103,0.1724821570182395,0.17523609653725078,0.16559322720460162,0.436558287073751,0.41028331584470096,0.728003110189547,3.417904337672633
11,2021-02-18,mlp@252,mlp,252,97780.0,24687.0,2522.0,0.6944524279281641,0.2057283451155187,0.0885445496608211,0.04797150075770262,0.028631968238702333,0.1683776989474453,1254.0,0.050795965487908615,0.2878787878787879,0.14314036478984932,0.17523609653725078,0.17166929963138494,0.3858049167327518,0.4260230849947534,0.6944524279281641,2.24038850871376
11,2021-02-18,mlp@756,mlp,756,289716.0,24687.0,2522.0,0.7158727358952475,0.23952707761922046,0.08682583621073157,0.06645105927128891,0.025291762770309905,0.1868841918931321,1343.0,0.05440110179446672,0.3231571109456441,0.17208564631245044,0.1993704092339979,0.17681370761939483,0.443695479777954,0.4438614900314795,0.7158727358952475,3.1215341749463823
11,2021-02-18,mlp@all,mlp,all,546305.0,24687.0,2522.0,0.7260053330824097,0.24412831647280545,0.08669267712611883,0.06788278199132036,0.026664359042641892,0.1765883946719226,1295.0,0.05245675861789606,0.3305019305019305,0.1697065820777161,0.1930745015739769,0.1841049945315348,0.4682791435368755,0.4459601259181532,0.7260053330824097,3.1565509898983866
12,2021-05-19,logistic@252,logistic,252,97952.0,24821.0,2178.0,0.6198072959584644,0.13443324269116463,0.07935285941141298,0.04201299154548388,0.0110174749015011,0.21806268594719386,660.0,0.02659038717215261,0.2,0.06060606060606061,0.1116951379763469,0.14818097578663228,0.25436179981634527,0.3416557161629435,0.6198072959584644,5.969268495822557
12,2021-05-19,logistic@756,logistic,756,290480.0,24821.0,2178.0,0.6691101310730898,0.1601905334834849,0.0781573894392157,0.056445296957754465,0.009767648591591672,0.27917073588098246,406.0,0.016357116957415093,0.23891625615763548,0.04453627180899908,0.0735873850197109,0.10692558720438339,0.2396694214876033,0.28252299605781866,0.6691101310730898,6.078087202963563
12,2021-05-19,logistic@all,logistic,all,570841.0,24821.0,2178.0,0.6792995498013705,0.1662372823998835,0.0779333096405838,0.05915049923450555,0.01583420305142751,0.3020763234268987,382.0,0.015390193787518634,0.21465968586387435,0.03764921946740129,0.06176084099868594,0.09737722090165586,0.23048668503213957,0.2575558475689882,0.6792995498013705,5.801917669676945
12,2021-05-19,logistic_quadratic@252,logistic_quadratic,252,97952.0,24821.0,2178.0,0.6339148593286938,0.139540052209195,0.07920963813259532,0.04374202973590646,0.004804946910727174,0.24340713228798974,562.0,0.022642117561742073,0.21708185053380782,0.05601469237832874,0.08541392904073587,0.12453164658958141,0.22405876951331496,0.2864651773981603,0.6339148593286938,5.6872901972211585
12,2021-05-19,logistic_quadratic@756,logistic_quadratic,756,290480.0,24821.0,2178.0,0.6721144833324797,0.15950873130484303,0.07819044357773103,0.05604625103164396,0.01607796250938019,0.29940810476454816,339.0,0.013657789774787479,0.20648967551622419,0.03213957759412305,0.04862023653088042,0.10136577897747875,0.2327823691460055,0.25624178712220763,0.6721144833324797,5.696387398774013
12,2021-05-19,logistic_quadratic@all,logistic_quadratic,all,570841.0,24821.0,2178.0,0.6782423570032021,0.1625421025361517,0.07804059153389836,0.05785533910038976,0.019789492580990716,0.3087035046450971,317.0,0.012771443535715724,0.20504731861198738,0.029843893480257115,0.045992115637319315,0.09596712461222352,0.22865013774104684,0.2483574244415243,0.6782423570032021,5.478190624155382
12,2021-05-19,hist_gradient_boosting@252,hist_gradient_boosting,252,97952.0,24821.0,2178.0,0.5637438774490964,0.10606548944494419,0.08213955222045767,0.008370656191473036,0.02084695398287325,0.2350741954541067,1029.0,0.04145683090931066,0.10495626822157435,0.049586776859504134,0.07095926412614981,0.16199991942306918,0.22865013774104684,0.2759526938239159,0.5637438774490964,4.591153909316182
12,2021-05-19,hist_gradient_boosting@756,hist_gradient_boosting,756,290480.0,24821.0,2178.0,0.6754931934076202,0.16289063002153154,0.07787959288106856,0.059798994551921614,0.01682510446049155,0.28964085002233336,390.0,0.015712501510817455,0.20512820512820512,0.03673094582185491,0.06044678055190539,0.09508077837315176,0.23507805325987144,0.25098554533508544,0.6754931934076202,5.622900940191391
12,2021-05-19,hist_gradient_boosting@all,hist_gradient_boosting,all,570841.0,24821.0,2178.0,0.6833635281238997,0.1662342195939921,0.07766180429816373,0.06242824615747289,0.019278507888695885,0.285414132184809,372.0,0.014987309133395108,0.22043010752688172,0.03764921946740129,0.05781865965834428,0.09346923975665766,0.22865013774104684,0.24310118265440211,0.6833635281238997,5.870450886005856
12,2021-05-19,mlp@252,mlp,252,97952.0,24821.0,2178.0,0.554219105047577,0.10758031872779814,0.08079770718529145,0.02457007383795995,0.017931907481097218,0.2225612578743422,639.0,0.02574432939849321,0.16901408450704225,0.049586776859504134,0.07752956636005257,0.16236251561178033,0.21717171717171718,0.2996057818659658,0.554219105047577,3.8963531947866756
12,2021-05-19,mlp@756,mlp,756,290480.0,24821.0,2178.0,0.6688472167929997,0.15633702433386668,0.07826845951231856,0.05510440404160921,0.01652324842689441,0.2837007463997567,430.0,0.01732404012731155,0.20232558139534884,0.03994490358126722,0.056504599211563734,0.09632972080093469,0.2199265381083563,0.2483574244415243,0.6688472167929997,5.350598551424888
12,2021-05-19,mlp@all,mlp,all,570841.0,24821.0,2178.0,0.6696786634335065,0.15675892929577856,0.0782345150084601,0.05551419889898468,0.018935168741931005,0.28239650233503183,419.0,0.016880867007775673,0.21241050119331742,0.04086317722681359,0.051248357424441525,0.09540308609645058,0.21763085399449036,0.24441524310118265,0.6696786634335065,5.725363417847064
13,2021-08-18,logistic@252,logistic,252,98216.0,24876.0,1867.0,0.6326674341329792,0.13821033904285074,0.06791772243489726,0.07590373487421931,0.003839527377632915,0.15599227418701625,1046.0,0.0420485608618749,0.1988527724665392,0.11140867702196036,0.14814814814814814,0.1949268371120759,0.35725763256561327,0.4458161865569273,0.6326674341329792,4.125842896509777
13,2021-08-18,logistic@756,logistic,756,291289.0,24876.0,1867.0,0.6043494822116484,0.12759337999035,0.06826700066119494,0.0711514155554902,0.0034591943407595404,0.15549182816288956,849.0,0.03412928123492523,0.19905771495877503,0.09051955008034279,0.12345679012345678,0.18113844669561022,0.30744509908944834,0.3936899862825789,0.6043494822116484,4.509428122554255
13,2021-08-18,logistic@all,logistic,all,595509.0,24876.0,1867.0,0.6193848414454529,0.13434265885781413,0.06801360051114334,0.07459920685134014,0.004941486389774988,0.1624621000721964,865.0,0.03477247145843383,0.2069364161849711,0.09587573647562936,0.12482853223593965,0.1782842900787908,0.34065345474022496,0.41975308641975306,0.6193848414454529,4.3615176253140024
13,2021-08-18,logistic_quadratic@252,logistic_quadratic,252,98216.0,24876.0,1867.0,0.6326273482840824,0.13038166100059673,0.06808776688698726,0.07359009069640765,0.006536256076881924,0.15141923589599554,1090.0,0.043817333976523556,0.19357798165137616,0.11301553294054634,0.15637860082304528,0.20035375462292973,0.3631494376004285,0.45816186556927296,0.6326273482840824,3.2476208750148396
13,2021-08-18,logistic_quadratic@756,logistic_quadratic,756,291289.0,24876.0,1867.0,0.6063950244382843,0.12402513450385393,0.06838393162517653,0.06956043954482494,0.003290704610387735,0.16393232679401853,847.0,0.03404888245698665,0.18772136953955135,0.08516336368505624,0.11659807956104253,0.18463579353593826,0.32029994643813603,0.3950617283950617,0.6063950244382843,3.777218822390477
13,2021-08-18,logistic_quadratic@all,logistic_quadratic,all,595509.0,24876.0,1867.0,0.6162597514588909,0.12930250931074672,0.06818211908728511,0.07230632391542913,0.003386812102498124,0.16842816347516884,924.0,0.0371442354076218,0.19696969696969696,0.09748259239421532,0.13717421124828533,0.18077665219488664,0.3369041242635244,0.40329218106995884,0.6162597514588909,3.743443895686884
13,2021-08-18,hist_gradient_boosting@252,hist_gradient_boosting,252,98216.0,24876.0,1867.0,0.6246266714338254,0.13194389134135617,0.06814528577803221,0.07280748211527088,0.005359272610733079,0.1649625493891758,1117.0,0.04490271747869432,0.19247985675917637,0.11515800749866095,0.15637860082304528,0.20385110146325777,0.3615425816818425,0.4663923182441701,0.6246266714338254,3.812391236516279
13,2021-08-18,hist_gradient_boosting@756,hist_gradient_boosting,756,291289.0,24876.0,1867.0,0.6065704174862016,0.12999952330349987,0.06832335606331005,0.07038463753721735,0.0050784397401048365,0.16825412987998145,896.0,0.03601865251648175,0.21205357142857142,0.10176754151044456,0.13031550068587106,0.1913892908827786,0.32886984467059455,0.4046639231824417,0.6065704174862016,3.706828840288452
13,2021-08-18,hist_gradient_boosting@all,hist_gradient_boosting,all,595509.0,24876.0,1867.0,0.6152085454649532,0.13128937205637956,0.06822065180950103,0.07178204330930316,0.004718397840719931,0.17005873523097725,933.0,0.037506029908345395,0.2057877813504823,0.10283877878950187,0.12345679012345678,0.18495738864769257,0.3352972683449384,0.41426611796982166,0.6152085454649532,3.8328130574034462
13,2021-08-18,mlp@252,mlp,252,98216.0,24876.0,1867.0,0.6302819653044174,0.12798582868184805,0.06818890888961864,0.07221394109173573,0.00573574811015046,0.1565813679486389,1146.0,0.046068499758803665,0.1823734729493892,0.11194429566148902,0.15775034293552812,0.21595111754301335,0.3738618103910016,0.46776406035665297,0.6302819653044174,3.280006670363539
13,2021-08-18,mlp@756,mlp,756,291289.0,24876.0,1867.0,0.6094106348967613,0.11716043135600666,0.06857514902707475,0.0669587138009945,0.0049924788686637675,0.16481228044091087,894.0,0.035938253738543174,0.16666666666666666,0.07980717728976969,0.1083676268861454,0.19191188293937933,0.3342260310658811,0.42386831275720166,0.6094106348967613,3.4103707636910108
13,2021-08-18,mlp@all,mlp,all,595509.0,24876.0,1867.0,0.6261735382510134,0.1255363156041144,0.06823162618722602,0.07163272467634307,0.005400706145080934,0.16391584237445578,955.0,0.03839041646566972,0.19790575916230366,0.10123192287091591,0.13717421124828533,0.19118829393793213,0.3444027852169255,0.41838134430727025,0.6261735382510134,3.5258816785323384
14,2021-11-16,logistic@252,logistic,252,98521.0,24885.0,4628.0,0.6107946444796295,0.285354712898126,0.15122301131406754,0.013972512538535264,0.07038233783012939,0.16443007888512864,4112.0,0.1652401044806108,0.31809338521400776,0.28262748487467587,0.2907625542467452,0.4446051838456902,0.5626620570440796,0.6106633601983881,0.6107946444796295,4.568144247244452
14,2021-11-16,logistic@756,logistic,756,292251.0,24885.0,4628.0,0.6184292216666655,0.2899904326762464,0.1522180084149046,0.007484779733557545,0.07901415001560316,0.13816796057231473,4600.0,0.18485031143258993,0.3084782608695652,0.30661192739844423,0.3050216986980781,0.44854329917621055,0.5829732065687122,0.6112833230006199,0.6184292216666655,4.397747173033542
14,2021-11-16,logistic@all,logistic,all,620319.0,24885.0,4628.0,0.6206713374452034,0.2919067388232308,0.15069875520028506,0.017390847712311697,0.07139115965913576,0.1530182192791551,4607.0,0.18513160538476994,0.31191664857825047,0.31050129645635266,0.30998140111593303,0.4728953184649387,0.6045808124459809,0.6422814631122132,0.6206713374452034,4.522432618232431
14,2021-11-16,logistic_quadratic@252,logistic_quadratic,252,98521.0,24885.0,4628.0,0.6137590049113489,0.28433198716834784,0.15193811716153555,0.009309769640343246,0.07373453314214899,0.16466762405584354,4009.0,0.16110106489853326,0.3120478922424545,0.27031114952463264,0.28394296342219466,0.4413100261201527,0.564390665514261,0.6094234345939243,0.6137590049113489,3.911180425259541
14,2021-11-16,logistic_quadratic@756,logistic_quadratic,756,292251.0,24885.0,4628.0,0.620086981680394,0.2843700814110018,0.1526631185229846,0.004582504493168993,0.07815378114358798,0.1456862571118803,4553.0,0.18296162346795258,0.31473753569075336,0.3096369922212619,0.31680099194048356,0.4613220815752461,0.5935609334485739,0.615623062616243,0.620086981680394,3.528271459221259
14,2021-11-16,logistic_quadratic@all,logistic_quadratic,all,620319.0,24885.0,4628.0,0.6235885189062979,0.2878611308019548,0.1516096491240612,0.01145149735021933,0.07380820574292357,0.15815307871255652,4361.0,0.17524613220815752,0.3157532675991745,0.29753673292999133,0.30068195908245504,0.47466345187864173,0.6106309420916163,0.6472411655300682,0.6235885189062979,3.719044530884604
14,2021-11-16,hist_gradient_boosting@252,hist_gradient_boosting,252,98521.0,24885.0,4628.0,0.617888695517569,0.2919540562266002,0.15235012046521224,0.006623362467122584,0.07692676744083787,0.16069147354174027,3926.0,0.15776572232268435,0.32322975038206825,0.2742005185825411,0.28394296342219466,0.42861161342174,0.5460242005185826,0.597024178549287,0.617888695517569,3.891600229251255
14,2021-11-16,hist_gradient_boosting@756,hist_gradient_boosting,756,292251.0,24885.0,4628.0,0.6217053227734928,0.28456220669112586,0.1526268888171827,0.004818734981326012,0.07763315741049821,0.14782715025230675,4548.0,0.18276069921639543,0.3201407211961302,0.3146067415730337,0.29696218226906385,0.4650994575045208,0.5926966292134831,0.6187228766274023,0.6217053227734928,3.408267757517717
14,2021-11-16,hist_gradient_boosting@all,hist_gradient_boosting,all,620319.0,24885.0,4628.0,0.6217845339504907,0.2879612925741563,0.15224865108438487,0.007284978697100208,0.07548125097047648,0.15491281447268215,4351.0,0.1748442837050432,0.32268444035853827,0.30337078651685395,0.29696218226906385,0.4738195700221017,0.6089023336214348,0.6534407935523868,0.6217845339504907,3.6240756825945826
14,2021-11-16,mlp@252,mlp,252,98521.0,24885.0,4628.0,0.6210850627773644,0.2844719601261759,0.15302495036326533,0.0022232329956942687,0.08017628300863924,0.16276087135228423,3359.0,0.13498091219610206,0.3289669544507294,0.23876404494382023,0.2610043397396156,0.40269238497086596,0.5438634399308556,0.6013639181649101,0.6210850627773644,3.5019771631236174
14,2021-11-16,mlp@756,mlp,756,292251.0,24885.0,4628.0,0.619277627132659,0.27222359149539965,0.15331494087846628,0.00033239233191850737,0.07901443868167424,0.1449418223491277,4560.0,0.1832429174201326,0.31535087719298244,0.3107173725151253,0.3143211407315561,0.45722322684348,0.5903197925669835,0.6112833230006199,0.619277627132659,3.1416705643186646
14,2021-11-16,mlp@all,mlp,all,620319.0,24885.0,4628.0,0.6206571933540777,0.2784053296191333,0.15240868263899768,0.006241516393722946,0.07468518118841096,0.16133975177944582,4067.0,0.16343178621659635,0.317924760265552,0.27938634399308554,0.2889026658400496,0.46112115732368897,0.5950734658599827,0.6305021698698078,0.6206571933540777,3.779630551108608
15,2022-02-16,logistic@252,logistic,252,98880.0,24946.0,5860.0,0.6443486890127997,0.35862256801452874,0.17270013050230312,0.0882280257905369,0.03645914749524129,0.3197194497081357,2345.0,0.09400304658061413,0.43070362473347545,0.17235494880546076,0.16501821967725144,0.30521927363104306,0.4544368600682594,0.47006767308693387,0.6443486890127997,3.09957500392595
15,2022-02-16,logistic@756,logistic,756,293219.0,24946.0,5860.0,0.6518676109107724,0.3626404188347827,0.17158496516396818,0.09411555175329256,0.03334895589021066,0.3263432902369907,2538.0,0.10173975787701435,0.42592592592592593,0.18447098976109216,0.17855283706402916,0.3214944279644031,0.47303754266211606,0.4903695991671005,0.6518676109107724,3.9264025152215494
15,2022-02-16,logistic@all,logistic,all,645185.0,24946.0,5860.0,0.6452778674860941,0.3566605063553702,0.17226183024017133,0.09054203617453649,0.03339648016397093,0.3305596131546913,2361.0,0.09464443197306181,0.42016094875052945,0.16928327645051194,0.16449765747006767,0.317646115609717,0.46023890784982935,0.4711087975013014,0.6452778674860941,3.6112243247592573
15,2022-02-16,logistic_quadratic@252,logistic_quadratic,252,98880.0,24946.0,5860.0,0.6371321437474138,0.3446013687311805,0.1740910825287036,0.0808844813968348,0.04011100912548289,0.3050030652680528,2121.0,0.0850236510863465,0.41914191419141916,0.15170648464163822,0.14888079125455492,0.2924316523691173,0.4295221843003413,0.4346694429984383,0.6371321437474138,2.8412557679836667
15,2022-02-16,logistic_quadratic@756,logistic_quadratic,756,293219.0,24946.0,5860.0,0.645184406918353,0.3462642469405818,0.1725863455701431,0.0888287544172558,0.03403308630240313,0.32971801241220433,2430.0,0.09741040647799247,0.4094650205761317,0.1697952218430034,0.1780322748568454,0.32630481840776077,0.4742320819112628,0.4898490369599167,0.645184406918353,3.3661780914109998
15,2022-02-16,logistic_quadratic@all,logistic_quadratic,all,645185.0,24946.0,5860.0,0.639798412001864,0.3456626244487628,0.1730053434145186,0.08661665133056673,0.03487895537378178,0.3266418521742817,2318.0,0.09292070873085866,0.4171699741156169,0.16501706484641637,0.168141592920354,0.3200913974184238,0.45563139931740615,0.4716293597084852,0.639798412001864,3.312967046531146
15,2022-02-16,hist_gradient_boosting@252,hist_gradient_boosting,252,98880.0,24946.0,5860.0,0.6363445285735589,0.34480748567169067,0.1733914420281935,0.08457824004386982,0.033873112125741664,0.3043394461941768,2415.0,0.09680910767257275,0.4194616977225673,0.17286689419795223,0.17334721499219158,0.3250621342098934,0.4641638225255973,0.4737116085372202,0.6363445285735589,3.1256328999908747
15,2022-02-16,hist_gradient_boosting@756,hist_gradient_boosting,756,293219.0,24946.0,5860.0,0.6386024287766635,0.3352709050306429,0.17335721428667134,0.08475894572932385,0.03391534734142403,0.3195752432072832,2433.0,0.0975306662390764,0.39005343197698317,0.16194539249146758,0.19416970327954192,0.3280686282369919,0.4696245733788396,0.4836022904737116,0.6386024287766635,3.1304548221616466
15,2022-02-16,hist_gradient_boosting@all,hist_gradient_boosting,all,645185.0,24946.0,5860.0,0.638210615039024,0.3385730466948267,0.17322222783717367,0.0854716079675748,0.03379757180414973,0.3096302223943029,2532.0,0.10149923835484646,0.3977093206951027,0.1718430034129693,0.19260801665799063,0.33412170287821696,0.4737201365187713,0.49453409682457056,0.638210615039024,3.36904155169069
15,2022-02-16,mlp@252,mlp,252,98880.0,24946.0,5860.0,0.6308263629077512,0.3410686595296865,0.17406597292545262,0.08101704778495022,0.0373218327981896,0.2924239593551341,2427.0,0.09729014671690853,0.3980222496909765,0.16484641638225256,0.17595002602811036,0.31203399342579974,0.44351535836177475,0.4627798021863613,0.6308263629077512,2.9545548580997685
15,2022-02-16,mlp@756,mlp,756,293219.0,24946.0,5860.0,0.6310289308425775,0.32082615295881733,0.17463287416343312,0.0780240873312904,0.037741222447525404,0.31779876483219677,2389.0,0.09576685640984527,0.35328589367936375,0.1440273037542662,0.19521082769390943,0.32289745851038243,0.45255972696245733,0.4862051015096304,0.6310289308425775,3.025999396088086
15,2022-02-16,mlp@all,mlp,all,645185.0,24946.0,5860.0,0.629481279096341,0.3240528818284262,0.17430209965891125,0.07977041445987387,0.03465819427131381,0.30414443781035866,2584.0,0.10358374088030145,0.3602941176470588,0.15887372013651876,0.19104633003643937,0.32646516475587267,0.4564846416382253,0.4888079125455492,0.629481279096341,3.1942842788395867
16,2022-05-18,logistic@252,logistic,252,99229.0,24945.0,4536.0,0.6189784104654177,0.28837208914763124,0.1472112107326889,0.024100609519602245,0.0532176742987351,0.45868587648325393,1288.0,0.051633593906594506,0.41304347826086957,0.11728395061728394,0.1453125,0.19815594307476447,0.33112874779541446,0.36171875,0.6189784104654177,3.5554468636643484
16,2022-05-18,logistic@756,logistic,756,294148.0,24945.0,4536.0,0.5847104512542146,0.27357695316612174,0.14871215228454795,0.014150498123088218,0.04683974417209196,0.4629896512879947,1137.0,0.045580276608538785,0.4335971855760774,0.10868606701940035,0.1515625,0.17714972940469031,0.28880070546737213,0.3640625,0.5847104512542146,4.30409993725656
16,2022-05-18,logistic@all,logistic,all,670070.0,24945.0,4536.0,0.6043634849860045,0.27922131182077226,0.14777344762014183,0.020373402651049033,0.049496976799168514,0.4546482207266282,1244.0,0.049869713369412705,0.41559485530546625,0.11397707231040564,0.1515625,0.18641010222489476,0.304673721340388,0.36015625,0.6043634849860045,3.906857759314068
16,2022-05-18,logistic_quadratic@252,logistic_quadratic,252,99229.0,24945.0,4536.0,0.6164461886692276,0.28813607858099577,0.14775050636175246,0.02052548590590164,0.055470188564556336,0.42885655516064625,1463.0,0.05864902786129485,0.41353383458646614,0.13337742504409172,0.18046875,0.20901984365604329,0.3370811287477954,0.38125,0.6164461886692276,3.297915088272958
16,2022-05-18,logistic_quadratic@756,logistic_quadratic,756,294148.0,24945.0,4536.0,0.5973075042194875,0.2651578428455362,0.14912684451170588,0.01140140116432975,0.047444377465237136,0.44351863668831426,1122.0,0.0449789536981359,0.3894830659536542,0.09634038800705468,0.153125,0.18368410503106836,0.2881393298059965,0.36875,0.5973075042194875,3.7595753655302095
16,2022-05-18,logistic_quadratic@all,logistic_quadratic,all,670070.0,24945.0,4536.0,0.605792755089634,0.2703242051111887,0.14868798257981486,0.014310725051456807,0.050674284390355005,0.429923884499567,1259.0,0.05047103627981559,0.39158061953931694,0.10868606701940035,0.1609375,0.19478853477650832,0.3044532627865961,0.37890625,0.605792755089634,3.6449018731656215
16,2022-05-18,hist_gradient_boosting@252,hist_gradient_boosting,252,99229.0,24945.0,4536.0,0.6137401622706308,0.2855483231674731,0.1474893555008694,0.02225671931326767,0.04974417604391595,0.4168693084978504,1180.0,0.04730406895169373,0.42542372881355933,0.11067019400352733,0.1453125,0.17702946482260973,0.29475308641975306,0.334375,0.6137401622706308,3.6062975542265816
16,2022-05-18,hist_gradient_boosting@756,hist_gradient_boosting,756,294148.0,24945.0,4536.0,0.610041229821923,0.26729343365783664,0.14829884245789238,0.016890430808277124,0.04969220069613956,0.4337367112037638,1181.0,0.047344157145720586,0.37510584250635054,0.097663139329806,0.159375,0.1781519342553618,0.2837301587301587,0.35859375,0.610041229821923,3.674676410411743
16,2022-05-18,hist_gradient_boosting@all,hist_gradient_boosting,all,670070.0,24945.0,4536.0,0.6180550532613348,0.2770498440909206,0.14734365674530536,0.02322259226574863,0.049136910222147334,0.415597409446217,1285.0,0.05151332932451393,0.3953307392996109,0.11199294532627865,0.171875,0.1848065744638204,0.3044532627865961,0.36328125,0.6180550532613348,3.9878625580928286
16,2022-05-18,mlp@252,mlp,252,99229.0,24945.0,4536.0,0.6084959081492474,0.2827439671098193,0.14790881039104825,0.0194760494877686,0.051680148985307865,0.41451367949830126,1252.0,0.05019041892162758,0.41773162939297126,0.11529982363315697,0.14765625,0.18733213068751253,0.3002645502645503,0.34765625,0.6084959081492474,3.4745114496313088
16,2022-05-18,mlp@756,mlp,756,294148.0,24945.0,4536.0,0.6137679720872184,0.25521965081634873,0.14880036555496745,0.013565710616714188,0.05075629572230064,0.4263095678156421,1022.0,0.04097013429544999,0.33072407045009783,0.07451499118165784,0.13671875,0.19041892162758067,0.29056437389770723,0.40546875,0.6137679720872184,3.5328693933742805
16,2022-05-18,mlp@all,mlp,all,670070.0,24945.0,4536.0,0.6183849525441062,0.26606805858019156,0.14744841621563137,0.02252811592302062,0.04925325046265662,0.40164535259219847,934.0,0.03744237322108639,0.37044967880085655,0.07627865961199294,0.13984375,0.17867308077771096,0.27667548500881833,0.3625,0.6183849525441062,3.770204691961383
17,2022-08-18,logistic@252,logistic,252,99497.0,24948.0,5450.0,0.5380715406237855,0.26765874535582684,0.17251165025641407,0.01771396956526672,0.049888115791262046,0.3282394043656135,664.0,0.026615359948693282,0.42018072289156627,0.051192660550458714,0.05549450549450549,0.14165464165464164,0.19045871559633026,0.21043956043956044,0.5380715406237855,2.7276241259800837
17,2022-08-18,logistic@756,logistic,756,295034.0,24948.0,5450.0,0.5403279282466985,0.2713998297356325,0.17114504761152696,0.025495442209186647,0.04379840162052019,0.3009427223363761,646.0,0.02589385922719256,0.42724458204334365,0.050642201834862385,0.05989010989010989,0.15279781946448612,0.20605504587155962,0.2357142857142857,0.5403279282466985,2.7798086829313124
17,2022-08-18,logistic@all,logistic,all,695006.0,24948.0,5450.0,0.5452327361733642,0.27698289184960256,0.17126945953762485,0.024787037316857496,0.04727882829438634,0.31589379693688774,595.0,0.023849607182940515,0.45546218487394957,0.049724770642201835,0.05054945054945055,0.14121372454705788,0.201651376146789,0.21703296703296704,0.5452327361733642,2.7794391712427657
17,2022-08-18,logistic_quadratic@252,logistic_quadratic,252,99497.0,24948.0,5450.0,0.52779746875944,0.24426814331715194,0.17328761407309082,0.013295610479886366,0.047303545283607175,0.28791539089953166,714.0,0.02861952861952862,0.3179271708683473,0.04165137614678899,0.06703296703296703,0.14762706429373096,0.18495412844036696,0.2153846153846154,0.52779746875944,2.287185293017117
17,2022-08-18,logistic_quadratic@756,logistic_quadratic,756,295034.0,24948.0,5450.0,0.5391442829704481,0.26508511789261857,0.17173690705036776,0.022125378460505774,0.04398180437233078,0.2939891014338505,707.0,0.02833894500561167,0.4158415841584158,0.053944954128440366,0.06428571428571428,0.1489498156164823,0.19908256880733946,0.22087912087912087,0.5391442829704481,2.4659040625658575
17,2022-08-18,logistic_quadratic@all,logistic_quadratic,all,695006.0,24948.0,5450.0,0.5471150463797274,0.27765846222735124,0.17151735663851825,0.023375504479330678,0.046406019702123186,0.2958764375110099,649.0,0.02601410934744268,0.44838212634822805,0.05339449541284404,0.06098901098901099,0.140652557319224,0.2001834862385321,0.21483516483516482,0.5471150463797274,2.5464098586939405
17,2022-08-18,hist_gradient_boosting@252,hist_gradient_boosting,252,99497.0,24948.0,5450.0,0.5474753938536157,0.2766991698835384,0.17206054888010142,0.020282553076022003,0.046922313435878486,0.27301752065168644,670.0,0.026855860189193524,0.44328358208955226,0.054495412844036695,0.05879120879120879,0.15664582331248997,0.2089908256880734,0.24395604395604395,0.5474753938536157,2.6343244262007066
17,2022-08-18,hist_gradient_boosting@756,hist_gradient_boosting,756,295034.0,24948.0,5450.0,0.5481756585714272,0.26414113584525434,0.1718615186983559,0.02141583634629929,0.04610490327144946,0.29676857866841844,596.0,0.023889690556357222,0.38422818791946306,0.04201834862385321,0.056593406593406594,0.15167548500881833,0.20880733944954127,0.23076923076923078,0.5481756585714272,2.5924364976456884
17,2022-08-18,hist_gradient_boosting@all,hist_gradient_boosting,all,695006.0,24948.0,5450.0,0.54883485579796,0.27262513119582615,0.17185953493959166,0.021427131922678977,0.046079912562813394,0.30085752817480954,593.0,0.0237694404361071,0.43844856661045534,0.047706422018348627,0.06153846153846154,0.14522206188872855,0.20880733944954127,0.22472527472527473,0.54883485579796,3.118360902721758
17,2022-08-18,mlp@252,mlp,252,99497.0,24948.0,5450.0,0.5185859617688382,0.2478509989451699,0.17387906178610607,0.009927891109258846,0.04711086564473349,0.28517709226000626,700.0,0.028058361391694726,0.3414285714285714,0.04385321100917431,0.06043956043956044,0.16426166426166428,0.1910091743119266,0.22527472527472528,0.5185859617688382,2.610301958134499
17,2022-08-18,mlp@756,mlp,756,295034.0,24948.0,5450.0,0.5279009091499387,0.24746429445323226,0.17340517845720813,0.012626195677909569,0.046577897634037815,0.2978800872086771,720.0,0.02886002886002886,0.30972222222222223,0.04091743119266055,0.06978021978021978,0.14758698092031425,0.18495412844036696,0.22417582417582418,0.5279009091499387,2.8629018478363877
17,2022-08-18,mlp@all,mlp,all,695006.0,24948.0,5450.0,0.5310167827140115,0.25262044916857923,0.1734233660282999,0.012522635153246808,0.04716330643744115,0.2965577552531976,637.0,0.025533108866442198,0.36577708006279436,0.04275229357798165,0.05879120879120879,0.1424963924963925,0.18311926605504586,0.20714285714285716,0.5310167827140115,3.0303824315394086
18,2022-11-16,logistic@252,logistic,252,99632.0,24970.0,2884.0,0.6700906637437841,0.23422364798255502,0.11043516773071996,-0.06302671111348723,0.11039232054086212,0.28887712884469796,857.0,0.034321185422507006,0.3687281213535589,0.10957004160887657,0.1096136567834681,0.15166199439327194,0.329750346740638,0.34321653189577717,0.6700906637437841,1.340846751184552
18,2022-11-16,logistic@756,logistic,756,295752.0,24970.0,2884.0,0.6780213471409142,0.23953624079468927,0.10855694582790808,-0.044947324871635,0.1035991090809621,0.3020724034750356,773.0,0.03095714857829395,0.37128072445019406,0.09951456310679611,0.11230907457322552,0.13468161794152983,0.29715672676837723,0.3297394429469901,0.6780213471409142,2.015077980277736
18,2022-11-16,logistic@all,logistic,all,719951.0,24970.0,2884.0,0.6686331316378554,0.23475644822333458,0.10820796467118438,-0.04158810245276601,0.10260538507993561,0.31007629618761384,775.0,0.03103724469363236,0.3832258064516129,0.10298196948682385,0.1069182389937107,0.12595114136964358,0.28640776699029125,0.3045822102425876,0.6686331316378554,1.860742097014605
18,2022-11-16,logistic_quadratic@252,logistic_quadratic,252,99632.0,24970.0,2884.0,0.6463520862777871,0.1991047640637617,0.11171867755411184,-0.0753815185020994,0.10814074434684333,0.2764615334031513,834.0,0.03340008009611534,0.2733812949640288,0.07905686546463246,0.1087151841868823,0.1484981978374049,0.2961165048543689,0.3198562443845463,0.6463520862777871,0.9996729828551685
18,2022-11-16,logistic_quadratic@756,logistic_quadratic,756,295752.0,24970.0,2884.0,0.6714921797944562,0.22869008855246897,0.10938309765651982,-0.052899696197687085,0.10463095669103074,0.2945086753467128,559.0,0.0223868642370845,0.36493738819320215,0.07073509015256588,0.0880503144654088,0.12563075690828995,0.28259361997226073,0.3189577717879605,0.6714921797944562,1.486290189222342
18,2022-11-16,logistic_quadratic@all,logistic_quadratic,all,719951.0,24970.0,2884.0,0.6559027766003103,0.21795126063326514,0.1087807094222914,-0.04710122822228002,0.1002290205404904,0.30315850256083704,652.0,0.026111333600320384,0.3389570552147239,0.07662968099861303,0.08984725965858041,0.11762114537444934,0.2642163661581137,0.2839173405211141,0.6559027766003103,1.6161344649441578
18,2022-11-16,hist_gradient_boosting@252,hist_gradient_boosting,252,99632.0,24970.0,2884.0,0.6483411193766192,0.2195857335634096,0.1102571643572074,-0.06131328644451273,0.1091314382757263,0.2970417176916619,757.0,0.030316379655586704,0.3751651254953765,0.09847434119278779,0.11141060197663971,0.1444933920704846,0.29750346740638,0.3189577717879605,0.6483411193766192,1.6593066714700426
18,2022-11-16,hist_gradient_boosting@756,hist_gradient_boosting,756,295752.0,24970.0,2884.0,0.6595584835876098,0.22152080817333095,0.10873606100584818,-0.04667145154639529,0.10061544370170859,0.29977380329366654,618.0,0.024749699639567482,0.3478964401294498,0.07454923717059639,0.09703504043126684,0.11265518622346817,0.25208044382801664,0.2776280323450135,0.6595584835876098,1.6195486467207016
18,2022-11-16,hist_gradient_boosting@all,hist_gradient_boosting,all,719951.0,24970.0,2884.0,0.6526542378846127,0.22352995892018715,0.10858408835224147,-0.045208593351289794,0.10060108273881102,0.2939913742202637,648.0,0.025951141369643573,0.37191358024691357,0.08356449375866852,0.09883198562443846,0.11225470564677613,0.2631761442441054,0.2695417789757412,0.6526542378846127,1.6833201790134389
18,2022-11-16,mlp@252,mlp,252,99632.0,24970.0,2884.0,0.65154518906863,0.19734510482088047,0.1110336834076649,-0.06878790263142842,0.10657418388689224,0.2795701733435842,969.0,0.03880656788145775,0.2476780185758514,0.08321775312066575,0.11320754716981132,0.14221065278334,0.26907073509015256,0.31176999101527403,0.65154518906863,1.0992583755918048
18,2022-11-16,mlp@756,mlp,756,295752.0,24970.0,2884.0,0.6603581488853998,0.21999389212662565,0.11043036175338623,-0.06298044974237027,0.1045629767556028,0.2749749915237522,559.0,0.0223868642370845,0.35241502683363146,0.06830790568654646,0.09793351302785265,0.10756908289947938,0.2552011095700416,0.2991913746630728,0.6603581488853998,1.060310619154857
18,2022-11-16,mlp@all,mlp,all,719951.0,24970.0,2884.0,0.6562483397707839,0.22382387698891418,0.10990776629527527,-0.05795005097996575,0.10231628752732277,0.2728357121959435,584.0,0.023388065678814577,0.3458904109589041,0.07004160887656033,0.09164420485175202,0.10464557468962755,0.2538141470180305,0.27583108715184185,0.6562483397707839,1.1754246455347956
19,2023-02-17,logistic@252,logistic,252,99714.0,25005.0,3352.0,0.6005561576733126,0.2065989416009839,0.11523782666313571,0.01714647774083322,0.04196917082442962,0.22361014140128532,687.0,0.027474505098980202,0.3173216885007278,0.06503579952267304,0.07838283828382839,0.12309538092381524,0.21778042959427207,0.25825082508250824,0.6005561576733126,5.313327964439349
19,2023-02-17,logistic@756,logistic,756,296374.0,25005.0,3352.0,0.6107184379307954,0.2042426001473304,0.1152454061266828,0.017081833147475356,0.03968213369738562,0.22657263058932173,983.0,0.0393121375724855,0.2777212614445575,0.08144391408114558,0.10478547854785479,0.15400919816036793,0.2535799522673031,0.3094059405940594,0.6107184379307954,5.449353321839553
19,2023-02-17,logistic@all,logistic,all,744899.0,25005.0,3352.0,0.6251013214834501,0.21445463693767156,0.11454185453019061,0.023082364264091826,0.03938854696944673,0.24273091989912463,922.0,0.03687262547490502,0.2982646420824295,0.08204057279236276,0.09818481848184818,0.15416916616676665,0.25894988066825775,0.3110561056105611,0.6251013214834501,4.810956684055655
19,2023-02-17,logistic_quadratic@252,logistic_quadratic,252,99714.0,25005.0,3352.0,0.5765454460884286,0.19425593372039401,0.11570897791337557,0.013128069209329851,0.03836767348349166,0.20024026049450694,614.0,0.02455508898220356,0.3257328990228013,0.059665871121718374,0.07508250825082509,0.11597680463907219,0.1957040572792363,0.23432343234323433,0.5765454460884286,3.8708400073730562
19,2023-02-17,logistic_quadratic@756,logistic_quadratic,756,296374.0,25005.0,3352.0,0.6097836322018578,0.20288932213775818,0.11518546441055498,0.01759307089407658,0.039999623916422304,0.22674169773080977,1066.0,0.04263147370525895,0.2776735459662289,0.0883054892601432,0.12293729372937294,0.14717056588682265,0.2535799522673031,0.3110561056105611,0.6097836322018578,4.545155015993637
19,2023-02-17,logistic_quadratic@all,logistic_quadratic,all,744899.0,25005.0,3352.0,0.6202006490526923,0.21144725527500735,0.11456425145181312,0.022891342843939677,0.03648693548052138,0.2284221167147708,958.0,0.0383123375324935,0.2881002087682672,0.08233890214797136,0.10643564356435643,0.15628874225154968,0.26968973747016706,0.3102310231023102,0.6202006490526923,4.041153282491837
19,2023-02-17,hist_gradient_boosting@252,hist_gradient_boosting,252,99714.0,25005.0,3352.0,0.5992227895465989,0.2046847182728209,0.11526607852153535,0.01690552006797108,0.03967698888628164,0.19079113679439957,739.0,0.029554089182163568,0.3152909336941813,0.06951073985680191,0.08745874587458746,0.11745650869826035,0.2064439140811456,0.26732673267326734,0.5992227895465989,4.060594329935536
19,2023-02-17,hist_gradient_boosting@756,hist_gradient_boosting,756,296374.0,25005.0,3352.0,0.6114042661607628,0.20225109441256628,0.11506843544416215,0.01859120089319377,0.038247818591812165,0.22384345353105475,1070.0,0.04279144171165767,0.2644859813084112,0.08442720763723151,0.11963696369636964,0.15008998200359927,0.26312649164677804,0.3226072607260726,0.6114042661607628,4.415071413840977
19,2023-02-17,hist_gradient_boosting@all,hist_gradient_boosting,all,744899.0,25005.0,3352.0,0.623408595511742,0.20969591055146403,0.11456750298363448,0.02286361080841015,0.03769382365570095,0.22425735726350451,913.0,0.0365126974605079,0.29353778751369114,0.07995226730310262,0.10643564356435643,0.15372925414917016,0.26700477326968974,0.31683168316831684,0.623408595511742,4.377230289656537
19,2023-02-17,mlp@252,mlp,252,99714.0,25005.0,3352.0,0.5857748563891283,0.19147775378865844,0.11585854972940512,0.011852384041775688,0.0393589302230841,0.1915773557758051,589.0,0.02355528894221156,0.3140916808149406,0.0551909307875895,0.07590759075907591,0.11061787642471506,0.18317422434367542,0.23844884488448845,0.5857748563891283,3.338853681785508
19,2023-02-17,mlp@756,mlp,756,296374.0,25005.0,3352.0,0.6023375296097362,0.19265292727790956,0.11569845478874827,0.013217820035118621,0.039951135389464966,0.2038597389202617,1157.0,0.04627074585082983,0.2601555747623163,0.08979713603818616,0.14026402640264027,0.1400519896020796,0.2356801909307876,0.3085808580858086,0.6023375296097362,3.8311997295609985
19,2023-02-17,mlp@all,mlp,all,744899.0,25005.0,3352.0,0.6227479874307351,0.20156895819765203,0.11489877747008437,0.020038199176918292,0.03888490212336899,0.20784144358386053,1036.0,0.04143171365726855,0.2722007722007722,0.08412887828162291,0.1188118811881188,0.14773045390921816,0.25626491646778043,0.3110561056105611,0.6227479874307351,4.01498017334389
20,2023-05-19,logistic@252,logistic,252,99790.0,25064.0,1841.0,0.6423624820988519,0.15961062837739773,0.06937435694361417,0.10962297264686682,0.06004422445441154,0.2510935838787052,815.0,0.032516757101819345,0.27975460122699386,0.12384573601303639,0.1285310734463277,0.13956271943823811,0.2971211298207496,0.3446327683615819,0.6423624820988519,4.635495323302053
20,2023-05-19,logistic@756,logistic,756,296971.0,25064.0,1841.0,0.6368955667603969,0.15559246518343336,0.06938001127522492,0.10955040279262895,0.058584589339954335,0.24629354053336644,716.0,0.02856686881583147,0.2849162011173184,0.11080934274850625,0.1115819209039548,0.12224704755825087,0.2753938077131993,0.3135593220338983,0.6368955667603969,4.153983987265153
20,2023-05-19,logistic@all,logistic,all,769860.0,25064.0,1841.0,0.6609506959458307,0.1695777342291201,0.06831639529895213,0.12320125698315898,0.054516626915808615,0.2713788281533997,680.0,0.027130545802744974,0.31323529411764706,0.11569799022270505,0.11440677966101695,0.11901532077880625,0.29386203150461704,0.3163841807909605,0.6609506959458307,3.8754125592288715
20,2023-05-19,logistic_quadratic@252,logistic_quadratic,252,99790.0,25064.0,1841.0,0.6316368446937836,0.14568193313447464,0.06991776609029235,0.10264865184632854,0.05989378384505055,0.24162427684606524,782.0,0.03120012767315672,0.2531969309462916,0.10755024443237371,0.11299435028248588,0.1363708905202681,0.28191200434546443,0.3319209039548023,0.6316368446937836,3.862021617948318
20,2023-05-19,logistic_quadratic@756,logistic_quadratic,756,296971.0,25064.0,1841.0,0.635646594248341,0.14304179874557726,0.06952718844927461,0.10766147465696196,0.05531403416957208,0.26014159632093714,640.0,0.025534631343759974,0.2609375,0.09071156979902227,0.10734463276836158,0.12001276731567188,0.2721347093970668,0.3149717514124294,0.635646594248341,3.6915107146434125
20,2023-05-19,logistic_quadratic@all,logistic_quadratic,all,769860.0,25064.0,1841.0,0.6519604234905163,0.15384054223971386,0.06869290706733541,0.11836896096102723,0.05198150680631126,0.2765536845749554,593.0,0.0236594318544526,0.2934232715008432,0.09451385116784357,0.10875706214689265,0.11554420683051389,0.27648017381857687,0.3008474576271186,0.6519604234905163,3.5349068430186517
20,2023-05-19,hist_gradient_boosting@252,hist_gradient_boosting,252,99790.0,25064.0,1841.0,0.6269480286113364,0.1524572987605222,0.06949071172058882,0.10812963094244965,0.05649876666993398,0.24973100528305864,813.0,0.032436961378870095,0.26814268142681424,0.11841390548614883,0.12146892655367232,0.12232684328120012,0.267246061922868,0.3135593220338983,0.6269480286113364,3.7144223665595706
20,2023-05-19,hist_gradient_boosting@756,hist_gradient_boosting,756,296971.0,25064.0,1841.0,0.6532786066408578,0.15765624795682884,0.06878639702451854,0.1171690750978438,0.05411895954927265,0.268515391607409,618.0,0.024656878391318224,0.2977346278317152,0.09994568169473113,0.09887005649717515,0.12472071496967763,0.2949483976099946,0.3290960451977401,0.6532786066408578,3.6579195562805893
20,2023-05-19,hist_gradient_boosting@all,hist_gradient_boosting,all,769860.0,25064.0,1841.0,0.6642185888547296,0.16646384112076365,0.06813763173938775,0.1254955768698769,0.05009985364891395,0.2730295040523487,617.0,0.0246169805298436,0.31766612641815234,0.10646387832699619,0.10310734463276836,0.11458665815512288,0.28680065181966324,0.3135593220338983,0.6642185888547296,3.728342413204733
20,2023-05-19,mlp@252,mlp,252,99790.0,25064.0,1841.0,0.6143371439414975,0.14268749489887905,0.06995493698712797,0.10217158634134005,0.058952582366034074,0.24199166245826886,716.0,0.02856686881583147,0.2611731843575419,0.10157523085279739,0.10310734463276836,0.12140919246728375,0.26833242802824553,0.2966101694915254,0.6143371439414975,2.905138843477626
20,2023-05-19,mlp@756,mlp,756,296971.0,25064.0,1841.0,0.6448759813894255,0.14620197142653515,0.06940936052069828,0.10917372335240194,0.05646497855013884,0.254526182426719,590.0,0.023539738270028726,0.2423728813559322,0.07767517653449213,0.10028248587570622,0.12783274816469836,0.28408473655621946,0.3192090395480226,0.6448759813894255,3.1489360342337087
20,2023-05-19,mlp@all,mlp,all,769860.0,25064.0,1841.0,0.6594520248298485,0.16115866405217083,0.06848867809732738,0.12099011366393353,0.05156904116327217,0.2774494694074207,557.0,0.022223108841366104,0.3052064631956912,0.09234111895708853,0.10028248587570622,0.12184806894350463,0.28788701792504073,0.3121468926553672,0.6594520248298485,3.380518533737418
21,2023-08-21,logistic@252,logistic,252,99861.0,25086.0,3009.0,0.6258334657665813,0.1982595995735935,0.10533898630702185,0.009642411017094288,0.047946398522943946,0.13576014200863218,1327.0,0.05289803077413697,0.2788244159758855,0.12296444001329346,0.1263681592039801,0.19716176353344494,0.33599202392821537,0.3641791044776119,0.6258334657665813,5.499216174216728
21,2023-08-21,logistic@756,logistic,756,297574.0,25086.0,3009.0,0.6232321139885443,0.19847918740734374,0.10516930443478438,0.011237696255490315,0.04758429866102315,0.1441883447188871,1321.0,0.052658853543809295,0.2800908402725208,0.12296444001329346,0.12437810945273632,0.20282229131786653,0.3406447324692589,0.37711442786069654,0.6232321139885443,5.010627923922919
21,2023-08-21,logistic@all,logistic,all,794867.0,25086.0,3009.0,0.6335106501244857,0.20438925994304935,0.104567880545717,0.016892057794507642,0.0444570885819586,0.1485755168783444,1523.0,0.060711153631507614,0.27971109652002624,0.1415752741774676,0.14427860696517414,0.22558399107071672,0.37387836490528414,0.4059701492537313,0.6335106501244857,4.80449727533586
21,2023-08-21,logistic_quadratic@252,logistic_quadratic,252,99861.0,25086.0,3009.0,0.6365427430170421,0.20230214539056632,0.10507928527398677,0.012084022598426114,0.046618792199821256,0.13425592346806506,1338.0,0.053336522363071036,0.28400597907324365,0.12628780325689598,0.13333333333333333,0.2049748863908156,0.3509471585244267,0.3800995024875622,0.6365427430170421,4.636304716304232
21,2023-08-21,logistic_quadratic@756,logistic_quadratic,756,297574.0,25086.0,3009.0,0.6284081427261752,0.19990446252225802,0.10497914412650206,0.013025512058860933,0.04627071307961917,0.14787061621285186,1302.0,0.051901458981105,0.2834101382488479,0.1226321036889332,0.12736318407960198,0.20959897951048392,0.35194416749750745,0.37711442786069654,0.6284081427261752,4.496117400178943
21,2023-08-21,logistic_quadratic@all,logistic_quadratic,all,794867.0,25086.0,3009.0,0.6339306279798704,0.2041393948718042,0.10448659596425737,0.01765626490279726,0.04375687410491866,0.15117584925654462,1473.0,0.05871801004544367,0.27630685675492195,0.1352608840146228,0.13532338308457711,0.22638124850514232,0.3762047191758059,0.3990049751243781,0.6339306279798704,4.04311320101646
21,2023-08-21,hist_gradient_boosting@252,hist_gradient_boosting,252,99861.0,25086.0,3009.0,0.6183041143965545,0.18986403889222533,0.10523239477077778,0.01064454461018749,0.044144902328880076,0.13973183796499006,1557.0,0.062066491270031096,0.25112395632626844,0.12994350282485875,0.16119402985074627,0.23351670254325121,0.36324360252575605,0.43582089552238806,0.6183041143965545,4.185624148386276
21,2023-08-21,hist_gradient_boosting@756,hist_gradient_boosting,756,297574.0,25086.0,3009.0,0.6283870527596749,0.202357716433056,0.10470362957275434,0.015615796423132489,0.04498584560808677,0.14994771929335443,1367.0,0.05449254564298812,0.29992684711046086,0.13625789298770355,0.13532338308457711,0.21705333652236308,0.35626453971419075,0.39601990049751246,0.6283870527596749,4.330896262882524
21,2023-08-21,hist_gradient_boosting@all,hist_gradient_boosting,all,794867.0,25086.0,3009.0,0.637036264792011,0.2024014552758939,0.10437660102465497,0.018690396016110333,0.04309588817023049,0.1554712145227601,1515.0,0.06039225065773738,0.27920792079207923,0.14057826520438685,0.14029850746268657,0.22957027824284462,0.37952808241940844,0.41492537313432837,0.637036264792011,4.209411576742071
21,2023-08-21,mlp@252,mlp,252,99861.0,25086.0,3009.0,0.6207501214855833,0.18862967616225476,0.10530573797450136,0.009954999352971283,0.04434992058978288,0.14652586926378938,1498.0,0.059714581838475646,0.2590120160213618,0.128946493851778,0.1701492537313433,0.22215578410268677,0.35127949484878696,0.4537313432835821,0.6207501214855833,3.8817961240028325
21,2023-08-21,mlp@756,mlp,756,297574.0,25086.0,3009.0,0.6314143511095257,0.19904491691828138,0.10474239850772361,0.015251305456305597,0.04398748481663587,0.15084034049944067,1443.0,0.05752212389380531,0.27165627165627165,0.130275839149219,0.15124378109452735,0.2322809535198916,0.36955799268860084,0.43582089552238806,0.6314143511095257,3.795458299788771
21,2023-08-21,mlp@all,mlp,all,794867.0,25086.0,3009.0,0.6472336248791636,0.2050891675465533,0.10428683384723908,0.019534353305924013,0.044064036751676666,0.15466315152034193,1478.0,0.058917324404050064,0.2855209742895805,0.1402459288800266,0.15024875621890546,0.227337957426453,0.39581256231306083,0.42885572139303485,0.6472336248791636,3.98749511125155
22,2023-11-17,logistic@252,logistic,252,99967.0,25135.0,1522.0,0.6543948958381853,0.13093586281539976,0.058433797275497724,0.07197766808045059,0.05533410771231873,0.23216906851967578,845.0,0.03361846031430277,0.22603550295857988,0.12549277266754272,0.14795918367346939,0.14127710364034216,0.30946123521681995,0.3741496598639456,0.6543948958381853,4.164437494348011
22,2023-11-17,logistic@756,logistic,756,298120.0,25135.0,1522.0,0.6707664762717568,0.1420383570016248,0.058932217571770876,0.06406195513366597,0.06071391722689232,0.24521508298453096,1005.0,0.03998408593594589,0.23184079601990049,0.1530880420499343,0.15816326530612246,0.1738611497911279,0.36530880420499345,0.413265306122449,0.6707664762717568,4.757746206616829
22,2023-11-17,logistic@all,logistic,all,819918.0,25135.0,1522.0,0.6638501431286904,0.14018325960690192,0.05839342517432791,0.07261884173711808,0.05611191694303015,0.24539747543194812,873.0,0.03473244479809031,0.24742268041237114,0.14191852825229961,0.15306122448979592,0.1530932962005172,0.32654402102496716,0.3741496598639456,0.6638501431286904,4.390909020766542
22,2023-11-17,logistic_quadratic@252,logistic_quadratic,252,99967.0,25135.0,1522.0,0.6579011717247671,0.1319352849694051,0.058160128871004135,0.07632396085539117,0.05259491104857725,0.23283275637882217,888.0,0.03532922220011935,0.22072072072072071,0.1287779237844941,0.14965986394557823,0.1332405012930177,0.3035479632063075,0.36394557823129253,0.6579011717247671,3.9343587786998766
22,2023-11-17,logistic_quadratic@756,logistic_quadratic,756,298120.0,25135.0,1522.0,0.6727712907648535,0.1414406564031191,0.05869873067032429,0.06777010125553362,0.058595414473350683,0.253251150560938,982.0,0.03906902725283469,0.23319755600814665,0.1504599211563732,0.1564625850340136,0.16646111000596778,0.3679369250985545,0.39965986394557823,0.6727712907648535,4.597727137438317
22,2023-11-17,logistic_quadratic@all,logistic_quadratic,all,819918.0,25135.0,1522.0,0.6642752803320606,0.13826514112115088,0.05834523759361871,0.0733841377319766,0.054805612918585725,0.25150530433339313,915.0,0.036403421523771635,0.2360655737704918,0.14191852825229961,0.14965986394557823,0.1495922021086135,0.3278580814717477,0.36904761904761907,0.6642752803320606,4.031558879928546
22,2023-11-17,hist_gradient_boosting@252,hist_gradient_boosting,252,99967.0,25135.0,1522.0,0.6456151962662497,0.13151849784660866,0.05824944773023017,0.07490543425112928,0.05264569383892357,0.2309156323743834,757.0,0.030117366222399047,0.23381770145310435,0.11629434954007885,0.14285714285714285,0.12420926994231152,0.28580814717477004,0.3333333333333333,0.6456151962662497,3.5054194768334432
22,2023-11-17,hist_gradient_boosting@756,hist_gradient_boosting,756,298120.0,25135.0,1522.0,0.6716941318266464,0.14025533041090804,0.05838429282751201,0.07276387803773776,0.055259155403523275,0.24902829827624923,952.0,0.037875472448776606,0.23634453781512604,0.1478318002628121,0.1564625850340136,0.15552019096876865,0.3416557161629435,0.38095238095238093,0.6716941318266464,4.2409390890983225
22,2023-11-17,hist_gradient_boosting@all,hist_gradient_boosting,all,819918.0,25135.0,1522.0,0.6674080064473716,0.1364897590748529,0.05812269533254805,0.07691846542756942,0.0517250674348246,0.24980961340321953,838.0,0.03333996419335588,0.25894988066825775,0.1425755584756899,0.1445578231292517,0.144499701611299,0.3199737187910644,0.35714285714285715,0.6674080064473716,3.954219700640124
22,2023-11-17,mlp@252,mlp,252,99967.0,25135.0,1522.0,0.6547595833672102,0.13407955011751507,0.05808099672875068,0.07758070607147927,0.05252117053233518,0.23280023571365166,822.0,0.032703401631191564,0.23114355231143552,0.12483574244415244,0.17687074829931973,0.13335985677342352,0.30814717477003944,0.3554421768707483,0.6547595833672102,3.3652244922085326
22,2023-11-17,mlp@756,mlp,756,298120.0,25135.0,1522.0,0.6731542036272254,0.14175258133690777,0.05804399091624452,0.07816841767020744,0.05256831560587151,0.25093838386190825,946.0,0.037636761487964986,0.22727272727272727,0.14126149802890933,0.1598639455782313,0.13992440819574298,0.32063074901445465,0.36054421768707484,0.6731542036272254,3.9388509942892957
22,2023-11-17,mlp@all,mlp,all,819918.0,25135.0,1522.0,0.6713732685724634,0.1381974809158422,0.058073196138933046,0.07770459193703028,0.051680648541125564,0.2510860864628673,876.0,0.034851800278496124,0.23059360730593606,0.13272010512483573,0.14625850340136054,0.1443405609707579,0.3324572930354796,0.3843537414965986,0.6713732685724634,3.8516028264582927
23,2024-02-21,logistic@252,logistic,252,100095.0,25146.0,2028.0,0.6609625038371868,0.16164019601997764,0.0722538572653749,0.06542189136972532,0.020767450110150434,0.11532932579171667,1578.0,0.06275351944643283,0.22370088719898606,0.17406311637080868,0.181360201511335,0.21760916249105225,0.3969428007889546,0.42947103274559195,0.6609625038371868,4.500262603867626
23,2024-02-21,logistic@756,logistic,756,298689.0,25146.0,2028.0,0.6670462687527312,0.16143797077478883,0.0723668759196021,0.06396003501900249,0.021527510445435428,0.11082808858067852,1619.0,0.0643839974548636,0.2279184681902409,0.1819526627218935,0.1889168765743073,0.21235981865903125,0.41173570019723865,0.42947103274559195,0.6670462687527312,4.633467010578104
23,2024-02-21,logistic@all,logistic,all,844994.0,25146.0,2028.0,0.6658624997931033,0.15836130823740707,0.07241965594902847,0.06327734399126161,0.020728177771565305,0.11084430115798037,1702.0,0.06768472122802831,0.22502937720329025,0.1888560157790927,0.1889168765743073,0.2174103237095363,0.40927021696252464,0.4420654911838791,0.6658624997931033,4.484950624167896
23,2024-02-21,logistic_quadratic@252,logistic_quadratic,252,100095.0,25146.0,2028.0,0.6590198079896417,0.1646640076902039,0.07217296876041022,0.06646815559479158,0.019840667891324767,0.11817706559831401,1555.0,0.06183886105145948,0.2315112540192926,0.17751479289940827,0.1977329974811083,0.2279885468861847,0.41222879684418146,0.44836272040302266,0.6590198079896417,4.061415171607682
23,2024-02-21,logistic_quadratic@756,logistic_quadratic,756,298689.0,25146.0,2028.0,0.6673902718119014,0.1640618633383993,0.07216510658711753,0.06656985002777704,0.020677565900014804,0.11715290649476118,1634.0,0.06498051379941144,0.22643818849449204,0.18244575936883628,0.18513853904282115,0.21581961345740874,0.41420118343195267,0.43828715365239296,0.6673902718119014,4.447675515297256
23,2024-02-21,logistic_quadratic@all,logistic_quadratic,all,844994.0,25146.0,2028.0,0.6656122401271036,0.16512978029774988,0.07221793787986157,0.06588649592713891,0.020398473349783883,0.11918850256683096,1678.0,0.06673029507675177,0.22646007151370678,0.1873767258382643,0.190176322418136,0.22393223574325938,0.41962524654832345,0.43954659949622166,0.6656122401271036,4.058289058862969
23,2024-02-21,hist_gradient_boosting@252,hist_gradient_boosting,252,100095.0,25146.0,2028.0,0.6567140084666389,0.1628766755701283,0.07220838732501854,0.06601002897879016,0.019826955938800087,0.12436855412384451,1622.0,0.06450330072377317,0.23304562268803947,0.1863905325443787,0.21158690176322417,0.23287998091147696,0.4166666666666667,0.45717884130982367,0.6567140084666389,4.204281308160466
23,2024-02-21,hist_gradient_boosting@756,hist_gradient_boosting,756,298689.0,25146.0,2028.0,0.6722216399253773,0.16915850462972487,0.0719968660182294,0.06874598232876772,0.02027036360978397,0.12056056082528538,1661.0,0.06605424321959755,0.23178807947019867,0.1898422090729783,0.2040302267002519,0.21916010498687663,0.4250493096646943,0.44836272040302266,0.6722216399253773,4.1331431841030115
23,2024-02-21,hist_gradient_boosting@all,hist_gradient_boosting,all,844994.0,25146.0,2028.0,0.6698374009647443,0.16396567910687904,0.07221931169689962,0.06586872608926975,0.019883511583240407,0.11872319363550829,1694.0,0.0673665791776028,0.2296340023612751,0.19181459566074952,0.19899244332493704,0.22794877912988148,0.4265285996055227,0.44710327455919396,0.6698374009647443,3.8604130511384165
23,2024-02-21,mlp@252,mlp,252,100095.0,25146.0,2028.0,0.6534925524873416,0.16160160264268708,0.07222255074828779,0.0658268301042707,0.018823955590131926,0.13088892670136285,1610.0,0.06402608764813489,0.2186335403726708,0.17357001972386588,0.190176322418136,0.23649884673506721,0.4235700197238659,0.4622166246851385,0.6534925524873416,4.074266515735204
23,2024-02-21,mlp@756,mlp,756,298689.0,25146.0,2028.0,0.6707257342613908,0.16639971058278952,0.0720232532359412,0.06840467299312147,0.019879507385990435,0.12558727605648273,1615.0,0.06422492642965084,0.22724458204334366,0.1809664694280079,0.2040302267002519,0.22106895728942974,0.4423076923076923,0.4659949622166247,0.6707257342613908,3.889450710860152
23,2024-02-21,mlp@all,mlp,all,844994.0,25146.0,2028.0,0.6669834638787403,0.16538064255792478,0.072153820883841,0.06671582661120024,0.01948843873301306,0.12439241082114386,1598.0,0.06354887457249662,0.23153942428035043,0.18244575936883628,0.20151133501259447,0.2308518253400143,0.4373767258382643,0.45843828715365237,0.6669834638787403,3.930896310610917
24,2024-05-21,logistic@252,logistic,252,100269.0,25197.0,2595.0,0.6822358210324286,0.19390219738096237,0.08938675357539168,0.041639287725922736,0.021988504192181454,0.17239519690324387,1864.0,0.07397706076120172,0.25643776824034337,0.18420038535645472,0.17424242424242425,0.26078501408897886,0.49672447013487475,0.48268398268398266,0.6822358210324286,4.431357965088973
24,2024-05-21,logistic@756,logistic,756,299288.0,25197.0,2595.0,0.6871919190059229,0.19620566325694996,0.08946861836525317,0.04076157380094325,0.021944645089729844,0.16295080632701794,1781.0,0.0706830178195817,0.25996631106120155,0.17842003853564548,0.16774891774891776,0.25856252728499424,0.49710982658959535,0.49134199134199136,0.6871919190059229,4.454371295491591
24,2024-05-21,logistic@all,logistic,all,870129.0,25197.0,2595.0,0.6829205695473605,0.19386664627874012,0.08951336580873749,0.04028181376833506,0.021846616649229864,0.1652382407211975,1822.0,0.07231019565821328,0.25960482985729966,0.18227360308285165,0.18181818181818182,0.26336468627217524,0.497495183044316,0.5162337662337663,0.6829205695473605,4.6173177960359775
24,2024-05-21,logistic_quadratic@252,logistic_quadratic,252,100269.0,25197.0,2595.0,0.6712318158963886,0.18896815282404827,0.08944813621486347,0.04098117332157947,0.020397032200391265,0.1745239498901913,1855.0,0.07361987538198991,0.24851752021563342,0.17764932562620425,0.17857142857142858,0.2641981188236695,0.4928709055876686,0.4837662337662338,0.6712318158963886,4.030578581108982
24,2024-05-21,logistic_quadratic@756,logistic_quadratic,756,299288.0,25197.0,2595.0,0.683113759264573,0.19364119737554886,0.08930597959493321,0.04250530653015305,0.021226412472504706,0.17167585791163106,1830.0,0.07262769377306823,0.26010928961748636,0.1834296724470135,0.17532467532467533,0.257133785768147,0.4932562620423892,0.4880952380952381,0.683113759264573,4.358568268613975
24,2024-05-21,logistic_quadratic@all,logistic_quadratic,all,870129.0,25197.0,2595.0,0.6798746815762549,0.19319046619124952,0.08919668812160066,0.04367707583644209,0.019682025952829967,0.17698912099955497,1950.0,0.07739016549589237,0.258974358974359,0.19460500963391136,0.19696969696969696,0.2570147239750764,0.4840077071290944,0.4902597402597403,0.6798746815762549,4.425105597006413
24,2024-05-21,hist_gradient_boosting@252,hist_gradient_boosting,252,100269.0,25197.0,2595.0,0.675090069100574,0.19236117942836023,0.08901194595564157,0.04565779027872552,0.01807688403843659,0.17423351460683548,1934.0,0.07675516926618248,0.24922440537745605,0.1857418111753372,0.18398268398268397,0.26153907211175936,0.4928709055876686,0.49134199134199136,0.675090069100574,4.298743644580396
24,2024-05-21,hist_gradient_boosting@756,hist_gradient_boosting,756,299288.0,25197.0,2595.0,0.6802243360392852,0.19224184445940287,0.08902709358619135,0.04549538485037863,0.018943878496634942,0.18144863719756232,1806.0,0.0716751994285034,0.25692137320044295,0.1788053949903661,0.17424242424242425,0.2560225423661547,0.4836223506743738,0.4902597402597403,0.6802243360392852,4.422994331173242
24,2024-05-21,hist_gradient_boosting@all,hist_gradient_boosting,all,870129.0,25197.0,2595.0,0.6821685004430355,0.1941430269033823,0.08891116405807571,0.04673832410809309,0.018673068623963392,0.17865961992006024,1908.0,0.07572330039290391,0.26048218029350106,0.19152215799614644,0.19047619047619047,0.2526491248958209,0.47784200385356457,0.4945887445887446,0.6821685004430355,4.428261569664061
24,2024-05-21,mlp@252,mlp,252,100269.0,25197.0,2595.0,0.6648627186810927,0.19141590976508063,0.08919817429693255,0.043661141797083136,0.01834318199250506,0.17711898094115647,1871.0,0.0742548716116998,0.256547300908605,0.18497109826589594,0.1829004329004329,0.26082470135333574,0.4836223506743738,0.4816017316017316,0.6648627186810927,4.071325634930063
24,2024-05-21,mlp@756,mlp,756,299288.0,25197.0,2595.0,0.6815646951972296,0.19976092055817726,0.08874522848496466,0.048517403531804115,0.018850721014675158,0.18311789121689476,1837.0,0.07290550462356629,0.26456178551986936,0.18728323699421964,0.18181818181818182,0.25050601262055006,0.48053949903660886,0.49134199134199136,0.6815646951972296,3.9632692420757802
24,2024-05-21,mlp@all,mlp,all,870129.0,25197.0,2595.0,0.6783110315232901,0.19306051710985095,0.08893849921279118,0.0464452500529855,0.018545838171503168,0.17781848506023906,2090.0,0.08294638250585387,0.24593301435406698,0.1980732177263969,0.1958874458874459,0.25483192443544866,0.479383429672447,0.4880952380952381,0.6783110315232901,4.189647961015227
25,2024-08-21,logistic@252,logistic,252,100401.0,25200.0,2053.0,0.6714095520842656,0.16975503476275483,0.07250464695582057,0.06237822044842012,0.018060985185029417,0.2588749182415892,587.0,0.023293650793650793,0.28620102214650767,0.08183146614710181,0.09279778393351801,0.1592063492063492,0.34242571846078906,0.3864265927977839,0.6714095520842656,4.260588995494983
25,2024-08-21,logistic@756,logistic,756,299759.0,25200.0,2053.0,0.6739088160380159,0.17262405181370818,0.07248977369690979,0.06257055972697911,0.01968449246496829,0.25619564251794413,721.0,0.02861111111111111,0.26768377253814146,0.09400876765708718,0.10110803324099724,0.16305555555555556,0.3584997564539698,0.4099722991689751,0.6739088160380159,4.5604792549954745
25,2024-08-21,logistic@all,logistic,all,895268.0,25200.0,2053.0,0.6773137677779817,0.17113206300587264,0.07251972313367072,0.06218325704540806,0.019146096797380895,0.24841912823983772,675.0,0.026785714285714284,0.2785185185185185,0.09157330735509012,0.10664819944598337,0.15845238095238096,0.3468095470043838,0.40443213296398894,0.6773137677779817,4.5061541659611875
25,2024-08-21,logistic_quadratic@252,logistic_quadratic,252,100401.0,25200.0,2053.0,0.6636031163706849,0.1598731368033599,0.07283401061156984,0.05811892742391345,0.018243658399833138,0.25907542425796615,679.0,0.026944444444444444,0.27393225331369664,0.09059912323429128,0.11080332409972299,0.15734126984126984,0.33219678519240137,0.39196675900277006,0.6636031163706849,4.125543875534548
25,2024-08-21,logistic_quadratic@756,logistic_quadratic,756,299759.0,25200.0,2053.0,0.6790333940358863,0.1704569357031463,0.07233605109256708,0.06455848281732857,0.01912031957801951,0.26624290566147546,697.0,0.02765873015873016,0.2926829268292683,0.09936678032148076,0.10664819944598337,0.16376984126984126,0.36629322942036047,0.4113573407202216,0.6790333940358863,4.413176086171205
25,2024-08-21,logistic_quadratic@all,logistic_quadratic,all,895268.0,25200.0,2053.0,0.6781488759309583,0.1681051425662293,0.07247591401778597,0.06274979150797111,0.01932298361301828,0.26045059788745367,655.0,0.025992063492063493,0.27633587786259545,0.0881636629322942,0.10526315789473684,0.16103174603174603,0.34827082318558206,0.39473684210526316,0.6781488759309583,4.218224918154764
25,2024-08-21,hist_gradient_boosting@252,hist_gradient_boosting,252,100401.0,25200.0,2053.0,0.6649992210777804,0.16267932361937643,0.07267781696432053,0.06013880575775021,0.016884910901590264,0.2610128076045666,633.0,0.02511904761904762,0.25434439178515006,0.0784218217243059,0.09141274238227147,0.15563492063492063,0.33463224549439846,0.39196675900277006,0.6649992210777804,4.23501830073963
25,2024-08-21,hist_gradient_boosting@756,hist_gradient_boosting,756,299759.0,25200.0,2053.0,0.672095073080749,0.16453215444806418,0.07263471397498078,0.060696208672812446,0.018933303433636372,0.2566329825096005,738.0,0.029285714285714286,0.26287262872628725,0.0944958597174866,0.10664819944598337,0.16277777777777777,0.35411592791037505,0.41274238227146814,0.672095073080749,4.367418008087931
25,2024-08-21,hist_gradient_boosting@all,hist_gradient_boosting,all,895268.0,25200.0,2053.0,0.675525487359838,0.1639812489414702,0.07262764395566411,0.06078763735182113,0.019518119567868766,0.2602389546273199,669.0,0.02654761904761905,0.2571001494768311,0.08377983438869946,0.10249307479224377,0.16238095238095238,0.3550901120311739,0.40443213296398894,0.675525487359838,4.352850131675399
25,2024-08-21,mlp@252,mlp,252,100401.0,25200.0,2053.0,0.6666047499083085,0.16616284520064187,0.07271960555136327,0.059598400542456464,0.01788654754933244,0.24742505090781106,693.0,0.0275,0.2453102453102453,0.08280565026790063,0.0997229916897507,0.1538095238095238,0.3268387725280078,0.39196675900277006,0.6666047499083085,3.9845500786283967
25,2024-08-21,mlp@756,mlp,756,299759.0,25200.0,2053.0,0.6715509954369234,0.17053393814479464,0.07254047506711088,0.061914895422005345,0.019487745299432473,0.25805072588721817,790.0,0.03134920634920635,0.29240506329113924,0.11251826595226498,0.12742382271468145,0.16115079365079366,0.3521675596687774,0.4085872576177285,0.6715509954369234,4.039184423680451
25,2024-08-21,mlp@all,mlp,all,895268.0,25200.0,2053.0,0.6781712556089396,0.16811316966606307,0.07246297008985073,0.0629171808996114,0.01992818559236302,0.25769954529616207,730.0,0.02896825396825397,0.2671232876712329,0.09498295177788602,0.11080332409972299,0.1653968253968254,0.3584997564539698,0.4224376731301939,0.6781712556089396,4.2464503440742245
26,2024-11-19,logistic@252,logistic,252,100544.0,25200.0,3261.0,0.6514356056719337,0.2367460545214097,0.11030906349805832,0.020972848283864032,0.045661445541368875,0.1623131280991884,1648.0,0.0653968253968254,0.31978155339805825,0.161606869058571,0.17481203007518797,0.25503968253968257,0.4440355719104569,0.4774436090225564,0.6514356056719337,3.822168978805082
26,2024-11-19,logistic@756,logistic,756,300143.0,25200.0,3261.0,0.6564801048051063,0.24043055211563508,0.11012003365967907,0.022650546728480547,0.046172772208311896,0.1586632944295955,1617.0,0.06416666666666666,0.32838589981447125,0.16283348666053357,0.17575187969924813,0.2513888888888889,0.4440355719104569,0.46898496240601506,0.6564801048051063,4.484145492752264
26,2024-11-19,logistic@all,logistic,all,920462.0,25200.0,3261.0,0.6492998714802308,0.2324445137154407,0.11031422333602724,0.020927053121527983,0.044719293954143716,0.1581333599185214,1689.0,0.06702380952380953,0.3120189461219657,0.161606869058571,0.17857142857142858,0.2590873015873016,0.44219564550751306,0.46898496240601506,0.6492998714802308,4.643817675145513
26,2024-11-19,logistic_quadratic@252,logistic_quadratic,252,100544.0,25200.0,3261.0,0.6488536787744348,0.2317365212472725,0.11066082213847009,0.017850881249668826,0.04566349377293026,0.16516826317364708,1654.0,0.06563492063492063,0.31983071342200725,0.16222017785955228,0.18796992481203006,0.2575396825396825,0.44556884391291013,0.48966165413533835,0.6488536787744348,3.5424322106521133
26,2024-11-19,logistic_quadratic@756,logistic_quadratic,756,300143.0,25200.0,3261.0,0.6547121909584014,0.23915333538315803,0.11018561344867683,0.022068505761069335,0.045727266389382834,0.16676795425626967,1584.0,0.06285714285714286,0.32512626262626265,0.15792701625268324,0.17669172932330826,0.2521825396825397,0.4458754983134008,0.47368421052631576,0.6547121909584014,4.271613719599052
26,2024-11-19,logistic_quadratic@all,logistic_quadratic,all,920462.0,25200.0,3261.0,0.6518910096111463,0.2326210195934864,0.11046502599640512,0.019588632738115175,0.04523401691463848,0.1659612630978987,1597.0,0.06337301587301587,0.3068252974326863,0.15026065624041704,0.17199248120300753,0.26035714285714284,0.44495553511192887,0.4718045112781955,0.6518910096111463,4.178013822346169
26,2024-11-19,hist_gradient_boosting@252,hist_gradient_boosting,252,100544.0,25200.0,3261.0,0.6513515793749944,0.23846485957578356,0.11067908872327747,0.017688759643987084,0.04522342308806564,0.16584544342535146,1507.0,0.0598015873015873,0.33377571333775713,0.15424716344679545,0.16541353383458646,0.2563095238095238,0.447408770315854,0.47274436090225563,0.6513515793749944,3.451139364294339
26,2024-11-19,hist_gradient_boosting@756,hist_gradient_boosting,756,300143.0,25200.0,3261.0,0.6488854847860267,0.23576917552337767,0.11057008152375526,0.018656232349134827,0.045344582202551775,0.16304311521905374,1496.0,0.059365079365079364,0.33689839572192515,0.1545538178472861,0.16353383458646617,0.24523809523809523,0.4329960134927936,0.4642857142857143,0.6488854847860267,3.846387497198671
26,2024-11-19,hist_gradient_boosting@all,hist_gradient_boosting,all,920462.0,25200.0,3261.0,0.6508677729679483,0.22903867775751127,0.11051997510112019,0.019100942390898212,0.04404833600726501,0.16436740356664895,1617.0,0.06416666666666666,0.3178726035868893,0.15762036185219258,0.17387218045112782,0.25682539682539685,0.43575590309720946,0.4708646616541353,0.6508677729679483,4.0596549788795455
26,2024-11-19,mlp@252,mlp,252,100544.0,25200.0,3261.0,0.6513176417805558,0.23604127936244396,0.11059727302375612,0.018414899352982683,0.04431115175129738,0.16286384551564104,1780.0,0.07063492063492063,0.298314606741573,0.16283348666053357,0.19830827067669174,0.26511904761904764,0.4440355719104569,0.48214285714285715,0.6513176417805558,3.4829690614462967
26,2024-11-19,mlp@756,mlp,756,300143.0,25200.0,3261.0,0.6529625388362165,0.23248083938518804,0.11049173187031183,0.019351609824169058,0.04512113049946189,0.16598828070955665,1572.0,0.062380952380952384,0.31297709923664124,0.15087396504139836,0.17763157894736842,0.2480952380952381,0.4216498006746397,0.4633458646616541,0.6529625388362165,3.864709222454665
26,2024-11-19,mlp@all,mlp,all,920462.0,25200.0,3261.0,0.6556773646826132,0.22898748468801974,0.11048169729663421,0.01944066977785519,0.04415683389148058,0.1687824367020423,1583.0,0.06281746031746031,0.30827542640555905,0.14964734743943575,0.16823308270676693,0.25563492063492066,0.44710211591536336,0.4849624060150376,0.6556773646826132,4.125791805007022
27,2025-02-24,logistic@252,logistic,252,100668.0,25249.0,5187.0,0.5111774859032046,0.2236147998319331,0.17070575087209428,-0.012211572285654393,0.07890589564017769,0.23273931173394566,5964.0,0.23620737454948712,0.21545942320590208,0.24773472141893194,0.3602941176470588,0.516218464097588,0.5197609408135724,0.6477272727272727,0.5111774859032046,3.6043443523490826
27,2025-02-24,logistic@756,logistic,756,300477.0,25249.0,5187.0,0.5166300354768735,0.22734627246033473,0.17081791666999302,-0.012876667152510013,0.07974529853064767,0.22535402960492734,5908.0,0.23398946492930414,0.22444143534190927,0.2556390977443609,0.3663101604278075,0.5199413838171809,0.5292076344707923,0.6463903743315508,0.5166300354768735,3.9145191112095032
27,2025-02-24,logistic@all,logistic,all,945662.0,25249.0,5187.0,0.5229566154829417,0.23038244457711243,0.1694634769780031,-0.0048454231950498805,0.07445296052594613,0.21922144242632116,5947.0,0.23553408055764585,0.23020010089120566,0.2639290534027376,0.38235294117647056,0.5126143609647907,0.5278581068054752,0.6530748663101604,0.5229566154829417,3.8396539865109256
27,2025-02-24,logistic_quadratic@252,logistic_quadratic,252,100668.0,25249.0,5187.0,0.5382124456021691,0.24310981392486633,0.16637180283101113,0.013486872778191494,0.052874898471046386,0.2231177429480904,3466.0,0.13727276327775356,0.2824581650317369,0.1887410834779256,0.28141711229946526,0.4455225949542556,0.48293811451706187,0.5982620320855615,0.5382124456021691,3.037914934706838
27,2025-02-24,logistic_quadratic@756,logistic_quadratic,756,300477.0,25249.0,5187.0,0.5238390351775699,0.23441690313913602,0.16836624484573687,0.0016606907237232127,0.06739755605433669,0.23046065339297542,5611.0,0.22222662283654798,0.23400463375512387,0.2531328320802005,0.3643048128342246,0.5194265119410669,0.5353769037979564,0.6504010695187166,0.5238390351775699,3.749535058380755
27,2025-02-24,logistic_quadratic@all,logistic_quadratic,all,945662.0,25249.0,5187.0,0.5233471341982326,0.22856396322048178,0.16875181741900297,-0.0006255885528803073,0.06669227610384558,0.22972286745021273,6106.0,0.24183135965780822,0.23141172617097935,0.2724117987275882,0.39906417112299464,0.5225157431977504,0.5330634278002699,0.6557486631016043,0.5233471341982326,3.6931463403482456
27,2025-02-24,hist_gradient_boosting@252,hist_gradient_boosting,252,100668.0,25249.0,5187.0,0.5287058739461554,0.23110232457560947,0.16655977232987984,0.012372294616532553,0.050534265738406234,0.22376299138548314,5843.0,0.2314151055487346,0.23361287010097553,0.2631578947368421,0.36764705882352944,0.5005742801695117,0.5205320994794679,0.6517379679144385,0.5287058739461554,3.2238105878174705
27,2025-02-24,hist_gradient_boosting@756,hist_gradient_boosting,756,300477.0,25249.0,5187.0,0.528222439106593,0.23434594977674872,0.16692711681308922,0.010194100062334788,0.05850550500809464,0.22308481881375203,5966.0,0.23628658560735077,0.22544418370767683,0.25930210140736454,0.3696524064171123,0.517446235494475,0.54848660111818,0.678475935828877,0.528222439106593,3.5563083641077093
27,2025-02-24,hist_gradient_boosting@all,hist_gradient_boosting,all,945662.0,25249.0,5187.0,0.5305446022669997,0.23643586966772914,0.1666858390318194,0.011624773376438302,0.05581461210718361,0.22406893463746747,6005.0,0.2378312012356925,0.2324729392173189,0.2691343743975323,0.3836898395721925,0.5106736900471306,0.5440524387892809,0.6671122994652406,0.5305446022669997,3.6163006308731287
27,2025-02-24,mlp@252,mlp,252,100668.0,25249.0,5187.0,0.5578809796052134,0.256293461951628,0.164835055363693,0.022599123315465985,0.05009472554564587,0.21917796341730622,3671.0,0.14539189670878055,0.284935984745301,0.20165799113167535,0.31016042780748665,0.4429878411026179,0.5006747638326585,0.6303475935828877,0.5578809796052134,3.1283457470267497
27,2025-02-24,mlp@756,mlp,756,300477.0,25249.0,5187.0,0.5396378706249685,0.24333360740999072,0.16565864996423593,0.017715562092234793,0.048672026384031016,0.22370309278428613,4960.0,0.19644342350192087,0.2564516129032258,0.24522845575477153,0.36163101604278075,0.49011842053150617,0.5205320994794679,0.6517379679144385,0.5396378706249685,3.361450109230419
27,2025-02-24,mlp@all,mlp,all,945662.0,25249.0,5187.0,0.5372163816748761,0.23326945126227544,0.16707241096215367,0.009332568342887204,0.058005977968157776,0.22828213506361028,5751.0,0.22777139688700543,0.24065379933924536,0.26682089839984574,0.3803475935828877,0.5047724662362866,0.5409678041256989,0.6564171122994652,0.5372163816748761,3.6154449433616325
28,2025-05-23,logistic@252,logistic,252,100733.0,25263.0,1957.0,0.6553964383389007,0.14299701231632175,0.08591641993169015,-0.16138756545092625,0.12327307109751201,0.2386445060278465,82.0,0.0032458536199184576,0.2926829268292683,0.012263668880940215,0.020718232044198894,0.0395835807307129,0.10986203372508942,0.14502762430939226,0.6553964383389007,0.5118888041250474
28,2025-05-23,logistic@756,logistic,756,300792.0,25263.0,1957.0,0.6517541542897693,0.14066080570646777,0.08543076405187984,-0.15482264223429,0.1215154235452636,0.24648094091562087,87.0,0.0034437715235720225,0.3218390804597701,0.01430761369443025,0.022099447513812154,0.03863357479317579,0.10679611650485436,0.13950276243093923,0.6517541542897693,0.6317251946160706
28,2025-05-23,logistic@all,logistic,all,970862.0,25263.0,1957.0,0.6496341732558513,0.13982878219188066,0.0846624934019215,-0.14443743320821634,0.11882799482378223,0.25367806355546857,91.0,0.0036021058464948737,0.34065934065934067,0.015840572304547777,0.023480662983425413,0.03748565095198512,0.10373019928461931,0.13812154696132597,0.6496341732558513,0.7694913513330497
28,2025-05-23,logistic_quadratic@252,logistic_quadratic,252,100733.0,25263.0,1957.0,0.6464120616773896,0.13945863129517239,0.0827270616961375,-0.11827495671461752,0.11271321193328533,0.26245940734221584,416.0,0.016466769583976568,0.23317307692307693,0.049565661727133364,0.07044198895027624,0.06266080829671852,0.1604496678589678,0.20303867403314918,0.6464120616773896,1.1934700376738439
28,2025-05-23,logistic_quadratic@756,logistic_quadratic,756,300792.0,25263.0,1957.0,0.6462999367548784,0.13709788730778855,0.08428612731877809,-0.13934985053929516,0.11762706888797822,0.2520820323782848,116.0,0.004591695364762696,0.2672413793103448,0.015840572304547777,0.03038674033149171,0.0429481850928235,0.1139499233520695,0.1408839779005525,0.6462999367548784,0.8134333120984354
28,2025-05-23,logistic_quadratic@all,logistic_quadratic,all,970862.0,25263.0,1957.0,0.6446224260105966,0.14125970702218318,0.08466051848904443,-0.14441073703931062,0.11880581701967552,0.24625615020567193,71.0,0.002810434231880616,0.352112676056338,0.012774655084312723,0.019337016574585635,0.03546688833471876,0.10066428206438426,0.12154696132596685,0.6446224260105966,0.6969076196046305
28,2025-05-23,hist_gradient_boosting@252,hist_gradient_boosting,252,100733.0,25263.0,1957.0,0.6538090177992725,0.14185800234740453,0.08456853710596582,-0.14316736546207975,0.11921712204948859,0.23815930802305973,196.0,0.0077583818232197285,0.20918367346938777,0.020950434338272865,0.04005524861878453,0.04702529390808693,0.1257026060296372,0.16022099447513813,0.6538090177992725,0.7669985791765256
28,2025-05-23,hist_gradient_boosting@756,hist_gradient_boosting,756,300792.0,25263.0,1957.0,0.6510347371955376,0.14152314890490603,0.08440041158166611,-0.140894704502605,0.11823170359360823,0.24206055803456167,67.0,0.0026520999089577643,0.26865671641791045,0.009197751660705161,0.015193370165745856,0.03883149269682935,0.10986203372508942,0.1408839779005525,0.6510347371955376,0.7401680914370659
28,2025-05-23,hist_gradient_boosting@all,hist_gradient_boosting,all,970862.0,25263.0,1957.0,0.6494343150761188,0.13934034797302458,0.08347929216916691,-0.1284433403416847,0.11475479056319486,0.24801517253224833,93.0,0.0036812730079562998,0.26881720430107525,0.012774655084312723,0.023480662983425413,0.03606064204567945,0.09606540623403168,0.12292817679558012,0.6494343150761188,0.9026525899249278
28,2025-05-23,mlp@252,mlp,252,100733.0,25263.0,1957.0,0.6457804984283875,0.14027838032242354,0.08176004198582706,-0.1052031286753039,0.10857095720991508,0.2642350998900283,277.0,0.010964651862407474,0.23826714801444043,0.03372508942258559,0.05386740331491713,0.06376914855717848,0.16300459887583035,0.20303867403314918,0.6457804984283875,1.3549836367532704
28,2025-05-23,mlp@756,mlp,756,300792.0,25263.0,1957.0,0.6508532632057791,0.13432949143235395,0.08248042621886795,-0.1149410261722641,0.11127325636794556,0.2594214784033648,157.0,0.006214622174721926,0.2484076433121019,0.01992846193152785,0.03314917127071823,0.05173574001504176,0.11548288196218702,0.16022099447513813,0.6508532632057791,1.159592055372215
28,2025-05-23,mlp@all,mlp,all,970862.0,25263.0,1957.0,0.6497200757678573,0.13547979368183066,0.08285915652057353,-0.12006056750569094,0.11243536268371544,0.25718266182746713,63.0,0.0024937655860349127,0.2698412698412698,0.008686765457332652,0.016574585635359115,0.03974191505363575,0.09504343382728667,0.12845303867403315,0.6497200757678573,1.0404450473816567
29,2025-08-25,logistic@252,logistic,252,100833.0,25262.0,3109.0,0.6656464994601639,0.23137586313173097,0.10445039788013852,0.032398299030221955,0.030684139120477325,0.16929419408600013,1720.0,0.06808645396247329,0.31511627906976747,0.1743325828240592,0.21702525724976612,0.2496239410973003,0.45255709231264074,0.5126286248830683,0.6656464994601639,4.582864385336801
29,2025-08-25,logistic@756,logistic,756,301095.0,25262.0,3109.0,0.6790442595361942,0.24101824821222498,0.10371099520350831,0.0392479358160005,0.029416262263593885,0.17588391052608893,1757.0,0.06955110442561951,0.321570859419465,0.18173045995496945,0.2039289055191768,0.2614203150977753,0.48761659697651977,0.5210477081384471,0.6790442595361942,4.627665135268508
29,2025-08-25,logistic@all,logistic,all,996101.0,25262.0,3109.0,0.674198518542868,0.23772981378927027,0.10389729803628736,0.03752207414815545,0.02837613482629813,0.1730263718247292,1841.0,0.07287625682843797,0.3155893536121673,0.18687680926342876,0.2039289055191768,0.2696144406618637,0.49018977163074945,0.5154349859681946,0.674198518542868,4.171743128003697
29,2025-08-25,logistic_quadratic@252,logistic_quadratic,252,100833.0,25262.0,3109.0,0.6594991871858388,0.22418840831513387,0.10476093756137081,0.029521539057284496,0.03012511447873308,0.16799260761530468,1877.0,0.07430132214393159,0.3004794885455514,0.18140881312319074,0.22637979420018708,0.24808012033884885,0.4425860405275008,0.5032740879326474,0.6594991871858388,3.4790351987822654
29,2025-08-25,logistic_quadratic@756,logistic_quadratic,756,301095.0,25262.0,3109.0,0.6747815569655153,0.23908696800409499,0.10384544897930763,0.03800239051597665,0.02879122952291856,0.17384519251210903,1846.0,0.07307418256670098,0.3163596966413868,0.1878417497587649,0.21328344246959777,0.2599556646346291,0.4795754261820521,0.510757717492984,0.6747815569655153,3.9184709490819047
29,2025-08-25,logistic_quadratic@all,logistic_quadratic,all,996101.0,25262.0,3109.0,0.6697685967891623,0.23546025897080206,0.10393443727523871,0.037178025762401146,0.028223684141383116,0.17706594327831726,1909.0,0.07556804686881483,0.3069669984284966,0.18848504342232228,0.21141253507951357,0.2654975853059932,0.47989707301383083,0.4976613657623948,0.6697685967891623,3.8357667022360067
29,2025-08-25,hist_gradient_boosting@252,hist_gradient_boosting,252,100833.0,25262.0,3109.0,0.6652912766658299,0.22001154914300708,0.10486323886562615,0.028573846008546733,0.030108950807568917,0.16592857070069364,1860.0,0.07362837463383738,0.2913978494623656,0.1743325828240592,0.2432179607109448,0.24641754413743963,0.45030556449018977,0.5051449953227315,0.6652912766658299,3.9138712865852066
29,2025-08-25,hist_gradient_boosting@756,hist_gradient_boosting,756,301095.0,25262.0,3109.0,0.6788574319910348,0.23916642378157266,0.10384897152835991,0.03796975852486972,0.02918744242350543,0.17729830465934918,1761.0,0.06970944501622992,0.3197047132311187,0.18108716629141203,0.21141253507951357,0.24748634312405984,0.4618848504342232,0.490177736202058,0.6788574319910348,4.1778151288047605
29,2025-08-25,hist_gradient_boosting@all,hist_gradient_boosting,all,996101.0,25262.0,3109.0,0.6755593577499862,0.2400490146688504,0.10385797387829424,0.03788636306361759,0.028289631804644458,0.1785615217666239,1865.0,0.07382630037210039,0.3158176943699732,0.1894499839176584,0.2039289055191768,0.26264745467500594,0.48214860083628175,0.5014031805425632,0.6755593577499862,3.921478605078557
29,2025-08-25,mlp@252,mlp,252,100833.0,25262.0,3109.0,0.6495555261264764,0.2081645038617709,0.1057494310210777,0.020364389133284422,0.03149640408979888,0.15549109201214464,1904.0,0.07537012113055182,0.27153361344537813,0.1662914120295915,0.2273152478952292,0.24582376692265062,0.4146027661627533,0.49859681945743684,0.6495555261264764,3.132595317605084
29,2025-08-25,mlp@756,mlp,756,301095.0,25262.0,3109.0,0.6784556747275161,0.2382005448063697,0.10414977666971133,0.03518317683308825,0.030258422464983854,0.17071236658509026,1682.0,0.06658221835167445,0.3329369797859691,0.1801222257960759,0.21983161833489243,0.25263241231889794,0.46477967192023156,0.5191768007483629,0.6784556747275161,3.2989944168478593
29,2025-08-25,mlp@all,mlp,all,996101.0,25262.0,3109.0,0.6745830703942233,0.22708666947770179,0.10434648583546426,0.03336091356514648,0.02892272578517232,0.17292845094901071,1890.0,0.0748159290634154,0.3010582010582011,0.18301704728208426,0.21328344246959777,0.2581347478426095,0.46735284657446124,0.5088868101028999,0.6745830703942233,3.721368741309454
30,2025-11-21,logistic@252,logistic,252,100902.0,25325.0,3071.0,0.6740754306493132,0.21723238170666687,0.1029031161570189,0.03441500481237769,0.012571141996305539,0.24682300563812629,1939.0,0.07656465942744324,0.28004125838060856,0.1768153695864539,0.23658051689860835,0.2618756169792695,0.4669488765874308,0.5506958250497018,0.6740754306493132,5.200646654370976
30,2025-11-21,logistic@756,logistic,756,301413.0,25325.0,3071.0,0.6868863604498514,0.22593613006041877,0.10267795286572597,0.03652781056266974,0.016837784574848767,0.26633393359199053,2078.0,0.0820533070088845,0.28729547641963427,0.19439921849560404,0.24055666003976142,0.2685883514313919,0.4923477694562032,0.5377733598409543,0.6868863604498514,5.138464702813916
30,2025-11-21,logistic@all,logistic,all,1021364.0,25325.0,3071.0,0.6924452672860161,0.22973201933021958,0.10211289119902678,0.04183003159442056,0.016933753153297718,0.2654783925238965,2042.0,0.08063178677196446,0.29431929480901076,0.19570172582220774,0.2286282306163022,0.26511352418558737,0.49560403777271245,0.5308151093439364,0.6924452672860161,4.840978128976853
30,2025-11-21,logistic_quadratic@252,logistic_quadratic,252,100902.0,25325.0,3071.0,0.6601070140815534,0.20598546185369299,0.10315094071275183,0.03208955849557604,0.009035807329586308,0.2483104345496065,1880.0,0.07423494570582428,0.26382978723404255,0.1615109084988603,0.23658051689860835,0.26238894373149063,0.45131878866818625,0.5417495029821073,0.6601070140815534,4.138297665225511
30,2025-11-21,logistic_quadratic@756,logistic_quadratic,756,301413.0,25325.0,3071.0,0.6815164002874132,0.21608691833116173,0.10258512431453265,0.03739886150363925,0.013285907990869863,0.2659777886785958,1972.0,0.07786771964461994,0.2712981744421907,0.1742103549332465,0.2286282306163022,0.2670878578479763,0.48518397915988276,0.5347912524850894,0.6815164002874132,4.509919771265906
30,2025-11-21,logistic_quadratic@all,logistic_quadratic,all,1021364.0,25325.0,3071.0,0.6928994679906659,0.22652207871366148,0.10159154422961657,0.046722058480962,0.013228625640780905,0.2652773559907798,2157.0,0.08517275419545903,0.28372739916550765,0.19928362097036795,0.24552683896620278,0.26791707798617964,0.5004884402474764,0.536779324055666,0.6928994679906659,4.3800280968693555
30,2025-11-21,hist_gradient_boosting@252,hist_gradient_boosting,252,100902.0,25325.0,3071.0,0.6688926539704685,0.21098687943606967,0.1024354804103748,0.03880303577816402,0.008635184998989484,0.23045274960662449,1913.0,0.07553800592300099,0.2582331416623105,0.16085965483555845,0.25646123260437376,0.26179664363277394,0.4461087593617714,0.5298210735586482,0.6688926539704685,4.493046185300416
30,2025-11-21,hist_gradient_boosting@756,hist_gradient_boosting,756,301413.0,25325.0,3071.0,0.6885261931185718,0.22629274989986808,0.10141054029806253,0.04842049762358103,0.01139485418234779,0.25541105301980305,2078.0,0.0820533070088845,0.27718960538979787,0.18756105503093454,0.2514910536779324,0.27143139190523197,0.49983718658417453,0.5487077534791253,0.6885261931185718,4.738388215429363
30,2025-11-21,hist_gradient_boosting@all,hist_gradient_boosting,all,1021364.0,25325.0,3071.0,0.6942523908492394,0.23046407334453584,0.10105971538849594,0.05171244135926589,0.014301664265101282,0.26082426132236014,2171.0,0.08572556762092794,0.2860432980193459,0.2022142624552263,0.2524850894632207,0.27182625863770976,0.5079778573754478,0.5447316103379721,0.6942523908492394,4.476728327245739
30,2025-11-21,mlp@252,mlp,252,100902.0,25325.0,3071.0,0.6482602712702404,0.1969810416643283,0.10351282683339418,0.02869382257319908,0.007692647402475814,0.2352871645110366,1791.0,0.07072063178677196,0.24455611390284757,0.14262455226310647,0.22664015904572565,0.25468904244817375,0.41875610550309345,0.5268389662027833,0.6482602712702404,3.8273748137329706
30,2025-11-21,mlp@756,mlp,756,301413.0,25325.0,3071.0,0.6685967233576923,0.20964431959065222,0.10269452442834416,0.036372312334739254,0.01068461780698857,0.25591086287364917,2044.0,0.08071076011846003,0.25440313111545987,0.1693259524584826,0.2544731610337972,0.2672852912142152,0.4656463692608271,0.547713717693837,0.6685967233576923,4.0996845023985635
30,2025-11-21,mlp@all,mlp,all,1021364.0,25325.0,3071.0,0.6831182768133591,0.22752186656822,0.10158611883486122,0.04677296733546876,0.012596910714593608,0.2569335604031901,2230.0,0.08805528134254689,0.27399103139013453,0.19895799413871704,0.2644135188866799,0.2684304047384008,0.49723217193096714,0.5437375745526839,0.6831182768133591,4.223658219315333
