fold_id,test_start,variant,model_family,train_window,train_rows,rows,positives,auc,pr_auc,brier_score,brier_skill_score,ece,alert_threshold,alerts,alert_rate,alert_precision,alert_recall,alert_episode_recall,watch_rate,watch_recall,watch_episode_recall,raw_auc,calibration_slope
0,2018-06-29,logistic@252,logistic,252,13152.0,3339.0,337.0,0.8083275837868721,0.3378471407226555,0.07810097289438041,0.14133407486050387,0.022103112183970628,0.33620846362157375,148.0,0.044324648098233006,0.5405405405405406,0.23738872403560832,0.20202020202020202,0.19107517220724768,0.5578635014836796,0.6060606060606061,0.8083275837868721,4.5861316420837595
0,2018-06-29,logistic@756,logistic,756,39356.0,3339.0,337.0,0.8169084112075629,0.3444123348566567,0.07725085063713033,0.15068057833480097,0.02148815062259328,0.336484514038924,147.0,0.0440251572327044,0.5714285714285714,0.24925816023738873,0.2222222222222222,0.1970649895178197,0.5786350148367952,0.6060606060606061,0.8169084112075629,4.503743081934071
0,2018-06-29,logistic@all,logistic,all,39356.0,3339.0,337.0,0.8169084112075629,0.3444123348566567,0.07725085063713033,0.15068057833480097,0.02148815062259328,0.336484514038924,147.0,0.0440251572327044,0.5714285714285714,0.24925816023738873,0.2222222222222222,0.1970649895178197,0.5786350148367952,0.6060606060606061,0.8169084112075629,4.503743081934071
0,2018-06-29,logistic_quadratic@252,logistic_quadratic,252,13152.0,3339.0,337.0,0.6197095111666406,0.2043682020152709,0.08850789519283628,0.026917195888418233,0.027121196285633215,0.22678115001771226,91.0,0.027253668763102725,0.31868131868131866,0.08605341246290801,0.16161616161616163,0.17580113806528902,0.3560830860534125,0.5353535353535354,0.6197095111666406,3.125469195329973
0,2018-06-29,logistic_quadratic@756,logistic_quadratic,756,39356.0,3339.0,337.0,0.6828563351435344,0.2205965914087376,0.08622662339367246,0.05199819407998607,0.027164801648078697,0.2583393918566481,117.0,0.03504043126684636,0.358974358974359,0.12462908011869436,0.24242424242424243,0.18837975441749027,0.42433234421364985,0.5252525252525253,0.6828563351435344,4.343234165480033
0,2018-06-29,logistic_quadratic@all,logistic_quadratic,all,39356.0,3339.0,337.0,0.6828563351435344,0.2205965914087376,0.08622662339367246,0.05199819407998607,0.027164801648078697,0.2583393918566481,117.0,0.03504043126684636,0.358974358974359,0.12462908011869436,0.24242424242424243,0.18837975441749027,0.42433234421364985,0.5252525252525253,0.6828563351435344,4.343234165480033
0,2018-06-29,hist_gradient_boosting@252,hist_gradient_boosting,252,13152.0,3339.0,337.0,0.7852307166142454,0.31274017161393686,0.0811191374643031,0.10815145271621052,0.027454993742768698,0.25656745803810316,161.0,0.04821802935010482,0.4409937888198758,0.21068249258160238,0.25252525252525254,0.1761006289308176,0.5192878338278932,0.6060606060606061,0.7852307166142454,4.596070033284811
0,2018-06-29,hist_gradient_boosting@756,hist_gradient_boosting,756,39356.0,3339.0,337.0,0.8082064973499368,0.32131234842783624,0.07920374123150464,0.1292099033000308,0.022660550878423714,0.2761478363644816,143.0,0.042827193770589994,0.46853146853146854,0.19881305637982197,0.23232323232323232,0.1940700808625337,0.56973293768546,0.6363636363636364,0.8082064973499368,5.250902837124672
0,2018-06-29,hist_gradient_boosting@all,hist_gradient_boosting,all,39356.0,3339.0,337.0,0.8082064973499368,0.32131234842783624,0.07920374123150464,0.1292099033000308,0.022660550878423714,0.2761478363644816,143.0,0.042827193770589994,0.46853146853146854,0.19881305637982197,0.23232323232323232,0.1940700808625337,0.56973293768546,0.6363636363636364,0.8082064973499368,5.250902837124672
0,2018-06-29,mlp@252,mlp,252,13152.0,3339.0,337.0,0.783965981136216,0.3320190783457812,0.08024188004866228,0.11779628840097711,0.02394094538208289,0.25120357139318233,167.0,0.05001497454327643,0.46706586826347307,0.2314540059347181,0.25252525252525254,0.18628331835879006,0.5014836795252225,0.5959595959595959,0.783965981136216,4.767649639346475
0,2018-06-29,mlp@756,mlp,756,39356.0,3339.0,337.0,0.8095858942702886,0.3433145142872919,0.07748141864976775,0.14814564325599444,0.020598159377361078,0.28527652847443175,158.0,0.04731955675351902,0.5379746835443038,0.2522255192878338,0.2222222222222222,0.1952680443246481,0.5786350148367952,0.6363636363636364,0.8095858942702886,5.005058361357544
0,2018-06-29,mlp@all,mlp,all,39356.0,3339.0,337.0,0.8095858942702886,0.3433145142872919,0.07748141864976775,0.14814564325599444,0.020598159377361078,0.28527652847443175,158.0,0.04731955675351902,0.5379746835443038,0.2522255192878338,0.2222222222222222,0.1952680443246481,0.5786350148367952,0.6363636363636364,0.8095858942702886,5.005058361357544
1,2018-09-27,logistic@252,logistic,252,13216.0,3337.0,618.0,0.6619652427898607,0.2816496957067073,0.15067110044132923,0.06329977474514392,0.07142217914631509,0.377227864608387,321.0,0.09619418639496553,0.3115264797507788,0.16181229773462782,0.19444444444444445,0.34432124662870844,0.5016181229773463,0.5666666666666667,0.6619652427898607,4.641872176372174
1,2018-09-27,logistic@756,logistic,756,39415.0,3337.0,618.0,0.6697594894372694,0.28320428024095423,0.15005434720652824,0.06713403952633001,0.07482476562163645,0.38133523933366753,304.0,0.09109979023074619,0.3059210526315789,0.15048543689320387,0.18333333333333332,0.3509139946059335,0.5210355987055016,0.5666666666666667,0.6697594894372694,4.558586809820727
1,2018-09-27,logistic@all,logistic,all,42691.0,3337.0,618.0,0.6701873785217533,0.2838138938319607,0.14996928966733877,0.0676628298244365,0.07107881496344386,0.3831734284581013,311.0,0.09319748276895415,0.31511254019292606,0.15857605177993528,0.19444444444444445,0.3503146538807312,0.5210355987055016,0.5722222222222222,0.6701873785217533,4.568783865907612
1,2018-09-27,logistic_quadratic@252,logistic_quadratic,252,13216.0,3337.0,618.0,0.6280703571058749,0.25339870428525346,0.15073042210328164,0.06293098063698022,0.060145150765521835,0.20486761929995922,397.0,0.11896913395265209,0.29219143576826195,0.18770226537216828,0.25555555555555554,0.3263410248726401,0.43527508090614886,0.5666666666666667,0.6280703571058749,2.1594138217760404
1,2018-09-27,logistic_quadratic@756,logistic_quadratic,756,39415.0,3337.0,618.0,0.6521862811261041,0.2729567547524493,0.14805239442567508,0.07957988757072632,0.053925655938240946,0.2258927554484248,413.0,0.1237638597542703,0.30024213075060535,0.20064724919093851,0.29444444444444445,0.34701827989211864,0.5032362459546925,0.5722222222222222,0.6521862811261041,2.621497432214207
1,2018-09-27,logistic_quadratic@all,logistic_quadratic,all,42691.0,3337.0,618.0,0.6503265406685068,0.27220009076791085,0.14811375533013943,0.07919841578970632,0.0535584860358794,0.2271505015486911,411.0,0.12316451902906803,0.30900243309002434,0.20550161812297735,0.2833333333333333,0.3482169613425232,0.5032362459546925,0.5722222222222222,0.6503265406685068,2.632991417812123
1,2018-09-27,hist_gradient_boosting@252,hist_gradient_boosting,252,13216.0,3337.0,618.0,0.6601998283682727,0.2876523954147088,0.14685931113230588,0.08699711215044525,0.04974968002195273,0.32184783282193136,302.0,0.0905004495055439,0.3543046357615894,0.17313915857605178,0.2388888888888889,0.32843871741084807,0.4935275080906149,0.6277777777777778,0.6601998283682727,4.398431002143
1,2018-09-27,hist_gradient_boosting@756,hist_gradient_boosting,756,39415.0,3337.0,618.0,0.6917689970256053,0.3156871310616126,0.1432641405425751,0.10934776261603851,0.043089782587967605,0.3047810811518172,378.0,0.11327539706323045,0.3439153439153439,0.21035598705501618,0.2777777777777778,0.32903805813605036,0.529126213592233,0.5833333333333334,0.6917689970256053,4.583343234608147
1,2018-09-27,hist_gradient_boosting@all,hist_gradient_boosting,all,42691.0,3337.0,618.0,0.6896976924935518,0.30905765149681586,0.14351711874064357,0.10777503410724554,0.04331748728646468,0.304717722729101,382.0,0.114474078513635,0.33507853403141363,0.20711974110032363,0.2777777777777778,0.32753970632304463,0.5339805825242718,0.5888888888888889,0.6896976924935518,4.626837448017005
1,2018-09-27,mlp@252,mlp,252,13216.0,3337.0,618.0,0.6748028079998001,0.3008979735944068,0.14521630460354984,0.09721144377126112,0.05022160441868848,0.298161608253219,276.0,0.0827090200779143,0.37318840579710144,0.16666666666666666,0.24444444444444444,0.31585256218160024,0.4854368932038835,0.5833333333333334,0.6748028079998001,4.708550202514723
1,2018-09-27,mlp@756,mlp,756,39415.0,3337.0,618.0,0.6783830315495298,0.2915939117958398,0.14544118619235344,0.09581338777863213,0.0523799543724832,0.31169158370626154,323.0,0.09679352712016781,0.3219814241486068,0.16828478964401294,0.22777777777777777,0.33832783937668565,0.5242718446601942,0.5944444444444444,0.6783830315495298,4.6358023160997925
1,2018-09-27,mlp@all,mlp,all,42691.0,3337.0,618.0,0.6779566302574118,0.2912072222906018,0.14551267834085302,0.09536893153315862,0.05566120302145617,0.3100015856854142,315.0,0.0943961642193587,0.3142857142857143,0.16019417475728157,0.2388888888888889,0.3263410248726401,0.5016181229773463,0.5777777777777777,0.6779566302574118,4.759696866214291
2,2018-12-26,logistic@252,logistic,252,13284.0,3339.0,117.0,0.7539830333126424,0.1393586715861223,0.04431701579202844,-0.23792624740334278,0.10590503411378331,0.3567473550750862,11.0,0.0032943995208146153,0.36363636363636365,0.03418803418803419,0.017543859649122806,0.05959868224019167,0.24786324786324787,0.2807017543859649,0.7539830333126424,2.375677728553596
2,2018-12-26,logistic@756,logistic,756,39478.0,3339.0,117.0,0.7614424336956924,0.126563663902308,0.04391163354947159,-0.2266025310085531,0.10370423296972425,0.35941663543654606,10.0,0.002994908655286014,0.3,0.02564102564102564,0.017543859649122806,0.0643905360886493,0.2564102564102564,0.2807017543859649,0.7614424336956924,2.3841879640115784
2,2018-12-26,logistic@all,logistic,all,46030.0,3339.0,117.0,0.7598614228036947,0.12800913979419573,0.0438144966314268,-0.22388916373211432,0.1029459199415925,0.3613967744231726,11.0,0.0032943995208146153,0.36363636363636365,0.03418803418803419,0.017543859649122806,0.0658879904162923,0.27350427350427353,0.3157894736842105,0.7598614228036947,2.414313357374166
2,2018-12-26,logistic_quadratic@252,logistic_quadratic,252,13284.0,3339.0,117.0,0.7448391666268762,0.12499237985820764,0.04568494013333374,-0.27613706589596254,0.10764110696253666,0.33890145137379396,71.0,0.021263851452530697,0.14084507042253522,0.08547008547008547,0.12280701754385964,0.08505540581012279,0.36752136752136755,0.40350877192982454,0.7448391666268762,2.3578098527454685
2,2018-12-26,logistic_quadratic@756,logistic_quadratic,756,39478.0,3339.0,117.0,0.7653816974114925,0.13482304081353833,0.04482880862907387,-0.2522223766640481,0.10373983343825498,0.3417869981558931,57.0,0.017070979335130278,0.17543859649122806,0.08547008547008547,0.12280701754385964,0.0877508235998802,0.358974358974359,0.3684210526315789,0.7653816974114925,2.5203513714589616
2,2018-12-26,logistic_quadratic@all,logistic_quadratic,all,46030.0,3339.0,117.0,0.7635964284008977,0.1345026798416438,0.045015424229051935,-0.25743519041648777,0.10375860137563543,0.3447706916381254,51.0,0.015274034141958671,0.19607843137254902,0.08547008547008547,0.12280701754385964,0.0889487870619946,0.358974358974359,0.3684210526315789,0.7635964284008977,2.569941306989073
2,2018-12-26,hist_gradient_boosting@252,hist_gradient_boosting,252,13284.0,3339.0,117.0,0.7680688853873212,0.13725282468482314,0.043813710927730044,-0.2238672163330957,0.09637043085965316,0.34434175992248817,29.0,0.00868523510032944,0.3448275862068966,0.08547008547008547,0.12280701754385964,0.07577118897873615,0.28205128205128205,0.38596491228070173,0.7680688853873212,2.698307410754474
2,2018-12-26,hist_gradient_boosting@756,hist_gradient_boosting,756,39478.0,3339.0,117.0,0.7731249369983075,0.15487047414594535,0.04371344876510748,-0.22106655025678879,0.09377996018642422,0.3483986820087843,31.0,0.009284216831386643,0.3548387096774194,0.09401709401709402,0.08771929824561403,0.0667864630128781,0.29914529914529914,0.3333333333333333,0.7731249369983075,3.0724634053919617
2,2018-12-26,hist_gradient_boosting@all,hist_gradient_boosting,all,46030.0,3339.0,117.0,0.7665913299060413,0.15804404703061817,0.04348750934455109,-0.2147552873246812,0.092842446050423,0.3563154228990325,18.0,0.005390835579514825,0.4444444444444444,0.06837606837606838,0.08771929824561403,0.05720275531596286,0.27350427350427353,0.3157894736842105,0.7665913299060413,3.0439380857185743
2,2018-12-26,mlp@252,mlp,252,13284.0,3339.0,117.0,0.7676126204990265,0.14020044054386233,0.04365681041664166,-0.21948444692870273,0.09111429893106597,0.3441046367532174,37.0,0.011081162024558252,0.2972972972972973,0.09401709401709402,0.12280701754385964,0.07816711590296496,0.3076923076923077,0.3508771929824561,0.7676126204990265,3.295086972206365
2,2018-12-26,mlp@756,mlp,756,39478.0,3339.0,117.0,0.7806108644097471,0.15442806784426683,0.043452324098457985,-0.21377244272466545,0.09496562745319118,0.347027063888887,17.0,0.005091344713986224,0.35294117647058826,0.05128205128205128,0.07017543859649122,0.06199460916442048,0.27350427350427353,0.3157894736842105,0.7806108644097471,2.9139230498505295
2,2018-12-26,mlp@all,mlp,all,46030.0,3339.0,117.0,0.7763638871646321,0.15546804770190845,0.04322721033126345,-0.20748424312273994,0.09415262464237972,0.34440419197976396,12.0,0.0035938903863432167,0.4166666666666667,0.042735042735042736,0.03508771929824561,0.05720275531596286,0.2564102564102564,0.2982456140350877,0.7763638871646321,2.857442177039071
3,2019-04-11,logistic@252,logistic,252,13345.0,3339.0,288.0,0.8099939910411886,0.2828820196931531,0.07383254347825068,0.06372108466062143,0.039173645108706814,0.11764360517831368,284.0,0.08505540581012279,0.34507042253521125,0.3402777777777778,0.2631578947368421,0.2386942198262953,0.6701388888888888,0.6,0.8099939910411886,4.106276373619445
3,2019-04-11,logistic@756,logistic,756,39539.0,3339.0,288.0,0.8193272242252085,0.2939913376301278,0.07254326937799882,0.08007051675779076,0.037794902656060725,0.1302522722181744,295.0,0.0883498053309374,0.34915254237288135,0.3576388888888889,0.30526315789473685,0.24797843665768193,0.6979166666666666,0.6526315789473685,0.8193272242252085,3.8595771480450503
3,2019-04-11,logistic@all,logistic,all,49367.0,3339.0,288.0,0.8191041643905459,0.29676472109480734,0.07262307721364233,0.0790584644801402,0.03796936602269408,0.1261340830249663,292.0,0.0874513327343516,0.3493150684931507,0.3541666666666667,0.2736842105263158,0.24618149146451032,0.6979166666666666,0.6526315789473685,0.8191041643905459,3.8613811256558197
3,2019-04-11,logistic_quadratic@252,logistic_quadratic,252,13345.0,3339.0,288.0,0.8026170836519902,0.27220078748398824,0.07497180289852165,0.049274005851590585,0.04062037579093642,0.11473485208268522,248.0,0.07427373465109315,0.33064516129032256,0.2847222222222222,0.3368421052631579,0.2398921832884097,0.6423611111111112,0.6210526315789474,0.8026170836519902,3.1288027433548407
3,2019-04-11,logistic_quadratic@756,logistic_quadratic,756,39539.0,3339.0,288.0,0.8172616446338178,0.2913477537625178,0.07385642173734527,0.06341828173020536,0.04069384795493561,0.12535765902672033,236.0,0.07067984426474992,0.3474576271186441,0.2847222222222222,0.3368421052631579,0.2359988020365379,0.6875,0.631578947368421,0.8172616446338178,3.4183737364820144
3,2019-04-11,logistic_quadratic@all,logistic_quadratic,all,49367.0,3339.0,288.0,0.8126274627626642,0.2681570384221147,0.07402136773375442,0.06132658271332092,0.0400698726519472,0.12362601016643557,262.0,0.07846660676849355,0.3473282442748092,0.3159722222222222,0.3368421052631579,0.2431865828092243,0.6805555555555556,0.6526315789473685,0.8126274627626642,3.4407606656575984
3,2019-04-11,hist_gradient_boosting@252,hist_gradient_boosting,252,13345.0,3339.0,288.0,0.8086140928293092,0.25971253772066943,0.07501994558601403,0.048663502933725344,0.04167061176851265,0.10711904650796507,251.0,0.07517220724767895,0.33067729083665337,0.2881944444444444,0.3368421052631579,0.22132374962563642,0.5798611111111112,0.6210526315789474,0.8086140928293092,3.504783300204809
3,2019-04-11,hist_gradient_boosting@756,hist_gradient_boosting,756,39539.0,3339.0,288.0,0.82992085928111,0.29434617054515855,0.07372433304002493,0.06509331358512327,0.04072931247152853,0.11661659720105834,257.0,0.07696915244085055,0.38132295719844356,0.3402777777777778,0.3473684210526316,0.24348607367475292,0.6979166666666666,0.6631578947368421,0.82992085928111,3.6431503481546246
3,2019-04-11,hist_gradient_boosting@all,hist_gradient_boosting,all,49367.0,3339.0,288.0,0.8257088978112822,0.2650320535196331,0.07402966025314987,0.06122142432788236,0.04041157249947733,0.11166230365534706,293.0,0.0877508235998802,0.3378839590443686,0.34375,0.3368421052631579,0.24109014675052412,0.6944444444444444,0.6421052631578947,0.8257088978112822,3.6964463934006626
3,2019-04-11,mlp@252,mlp,252,13345.0,3339.0,288.0,0.8200646873520522,0.27522938599937213,0.0746549899862206,0.05329154657172197,0.041007147896780644,0.10612443177731133,272.0,0.08146151542377958,0.3492647058823529,0.3298611111111111,0.3368421052631579,0.24109014675052412,0.6701388888888888,0.6105263157894737,0.8200646873520522,3.551520191835764
3,2019-04-11,mlp@756,mlp,756,39539.0,3339.0,288.0,0.8262398029789868,0.2794345544502729,0.07370917662777068,0.06528551377974379,0.04051609227623444,0.11595492276974335,280.0,0.08385744234800839,0.3535714285714286,0.34375,0.3684210526315789,0.23180592991913745,0.6736111111111112,0.6526315789473685,0.8262398029789868,3.8743713240018565
3,2019-04-11,mlp@all,mlp,all,49367.0,3339.0,288.0,0.8263900269492699,0.277171690070203,0.07347151858178562,0.0682992826008344,0.039622343053529276,0.11451241518536988,316.0,0.09463911350703803,0.3512658227848101,0.3854166666666667,0.37894736842105264,0.2392932015573525,0.6909722222222222,0.6631578947368421,0.8263900269492699,3.977954198042186
4,2019-07-11,logistic@252,logistic,252,13350.0,3339.0,208.0,0.7135545905707197,0.12401043814187061,0.05728434882022436,0.020755359131519158,0.010111808414558589,0.3230822992718391,17.0,0.005091344713986224,0.058823529411764705,0.004807692307692308,0.01282051282051282,0.1503444144953579,0.3269230769230769,0.32051282051282054,0.7135545905707197,4.629872650155382
4,2019-07-11,logistic@756,logistic,756,39602.0,3339.0,208.0,0.723180723779574,0.12850916381155356,0.05738242637251666,0.019078776968158295,0.011060842675301517,0.3540542266972313,12.0,0.0035938903863432167,0.0,0.0,0.0,0.13806528900868523,0.33653846153846156,0.41025641025641024,0.723180723779574,4.695071440228346
4,2019-07-11,logistic@all,logistic,all,52706.0,3339.0,208.0,0.7210724639461463,0.124624681190575,0.05757460220945642,0.01579363604741113,0.010210038122616371,0.3507840229978504,19.0,0.0056903264450434265,0.05263157894736842,0.004807692307692308,0.01282051282051282,0.13806528900868523,0.3269230769230769,0.38461538461538464,0.7210724639461463,4.757623644810514
4,2019-07-11,logistic_quadratic@252,logistic_quadratic,252,13350.0,3339.0,208.0,0.7136083335380683,0.12155993680410043,0.05780532381841092,0.011849576216857782,0.0173449728428757,0.3061295515995258,33.0,0.009883198562443846,0.06060606060606061,0.009615384615384616,0.02564102564102564,0.14585205151242886,0.3173076923076923,0.3333333333333333,0.7136083335380683,4.2704070356199235
4,2019-07-11,logistic_quadratic@756,logistic_quadratic,756,39602.0,3339.0,208.0,0.7291815099624106,0.13398407657988606,0.0572414845573011,0.021488100283628686,0.015990651131981636,0.310049633755911,39.0,0.011680143755615454,0.15384615384615385,0.028846153846153848,0.02564102564102564,0.13926325247079965,0.34615384615384615,0.3974358974358974,0.7291815099624106,4.572190487516767
4,2019-07-11,logistic_quadratic@all,logistic_quadratic,all,52706.0,3339.0,208.0,0.7258586590668993,0.13359831914265236,0.057491485815688415,0.017214465381110267,0.015833903230294516,0.3071733758206928,41.0,0.012279125486672657,0.14634146341463414,0.028846153846153848,0.02564102564102564,0.13536987121892782,0.3269230769230769,0.3717948717948718,0.7258586590668993,4.608149429547287
4,2019-07-11,hist_gradient_boosting@252,hist_gradient_boosting,252,13350.0,3339.0,208.0,0.7041534100680539,0.11769182905512621,0.05821267204051093,0.004886180949669083,0.023490732468141283,0.27590533367005426,40.0,0.011979634621144056,0.15,0.028846153846153848,0.0641025641025641,0.1542377957472297,0.3076923076923077,0.3333333333333333,0.7041534100680539,4.391273471053197
4,2019-07-11,hist_gradient_boosting@756,hist_gradient_boosting,756,39602.0,3339.0,208.0,0.7244790003193868,0.13338677991321424,0.05718605756896399,0.022435594361966515,0.018823644848044524,0.30198224361964265,17.0,0.005091344713986224,0.17647058823529413,0.014423076923076924,0.02564102564102564,0.14225816112608566,0.3605769230769231,0.4358974358974359,0.7244790003193868,4.9229963995112325
4,2019-07-11,hist_gradient_boosting@all,hist_gradient_boosting,all,52706.0,3339.0,208.0,0.7239146991622238,0.12543829177507398,0.057268754380581044,0.021021937555863124,0.021333427748450366,0.2861951703046531,12.0,0.0035938903863432167,0.08333333333333333,0.004807692307692308,0.01282051282051282,0.14106019766397124,0.375,0.4230769230769231,0.7239146991622238,4.947633899325564
4,2019-07-11,mlp@252,mlp,252,13350.0,3339.0,208.0,0.7075461268211188,0.11971071291742856,0.057889935081533436,0.0104031929083932,0.023341644943849885,0.2619929281833045,28.0,0.008385744234800839,0.10714285714285714,0.014423076923076924,0.02564102564102564,0.13896376160527105,0.2980769230769231,0.32051282051282054,0.7075461268211188,4.881690883558454
4,2019-07-11,mlp@756,mlp,756,39602.0,3339.0,208.0,0.7226617202663194,0.13204208792958663,0.05707669200233001,0.024305138962324446,0.015637713542482293,0.2876508523927312,16.0,0.004791853848457622,0.0625,0.004807692307692308,0.01282051282051282,0.13536987121892782,0.3269230769230769,0.38461538461538464,0.7226617202663194,4.923814227939858
4,2019-07-11,mlp@all,mlp,all,52706.0,3339.0,208.0,0.7240160430435103,0.12793726895421162,0.05719678516430323,0.022252211981583225,0.01734619619184454,0.28992186176568135,16.0,0.004791853848457622,0.0625,0.004807692307692308,0.01282051282051282,0.14285714285714285,0.34615384615384615,0.4230769230769231,0.7240160430435103,4.8806780417692766
5,2019-10-16,logistic@252,logistic,252,13354.0,3339.0,96.0,0.8189112447322437,0.08049771377410074,0.02780268717025625,0.0625648578401301,0.024963734628856895,0.15029870101384116,63.0,0.018867924528301886,0.031746031746031744,0.020833333333333332,0.046511627906976744,0.12488769092542677,0.4375,0.4883720930232558,0.8189112447322437,3.315843421463045
5,2019-10-16,logistic@756,logistic,756,39665.0,3339.0,96.0,0.8269381488333847,0.08887391495100044,0.027506803264824357,0.07254130253602631,0.02415890381973395,0.15733126028484928,46.0,0.013776579814315664,0.06521739130434782,0.03125,0.06976744186046512,0.12608565438754119,0.4583333333333333,0.5348837209302325,0.8269381488333847,3.257626127545592
5,2019-10-16,logistic@all,logistic,all,56045.0,3339.0,96.0,0.8284831431801829,0.08801425019518189,0.02754917618375053,0.07111259663310254,0.024632361617678285,0.15244503454050337,45.0,0.013477088948787063,0.08888888888888889,0.041666666666666664,0.09302325581395349,0.1347708894878706,0.4791666666666667,0.6046511627906976,0.8284831431801829,3.2923304718389
5,2019-10-16,logistic_quadratic@252,logistic_quadratic,252,13354.0,3339.0,96.0,0.8165632387706856,0.1030520204860399,0.027403039713846344,0.07603994274178849,0.023658893499651532,0.1496287799002978,56.0,0.016771488469601678,0.125,0.07291666666666667,0.13953488372093023,0.12368972746331237,0.3645833333333333,0.3953488372093023,0.8165632387706856,2.7901757919439896
5,2019-10-16,logistic_quadratic@756,logistic_quadratic,756,39665.0,3339.0,96.0,0.8224155874190565,0.12408133819467242,0.027268742827813722,0.08056808851700337,0.024149768797665373,0.16165324803678693,46.0,0.013776579814315664,0.13043478260869565,0.0625,0.09302325581395349,0.12548667265648397,0.46875,0.5348837209302325,0.8224155874190565,3.0166437917837268
5,2019-10-16,logistic_quadratic@all,logistic_quadratic,all,56045.0,3339.0,96.0,0.8246736560797615,0.09895469827838485,0.027367240075975935,0.0772470145047014,0.024385030287568082,0.1574943360990819,48.0,0.014375561545372867,0.08333333333333333,0.041666666666666664,0.09302325581395349,0.1302785265049416,0.4479166666666667,0.5581395348837209,0.8246736560797615,3.0068406219957775
5,2019-10-16,hist_gradient_boosting@252,hist_gradient_boosting,252,13354.0,3339.0,96.0,0.8038724432110186,0.0877425269284137,0.02756717990428376,0.07050555745684883,0.025854345780231665,0.13609462223866903,98.0,0.029350104821802937,0.12244897959183673,0.125,0.13953488372093023,0.1323749625636418,0.4270833333333333,0.46511627906976744,0.8038724432110186,2.6292576799415293
5,2019-10-16,hist_gradient_boosting@756,hist_gradient_boosting,756,39665.0,3339.0,96.0,0.8145075290369,0.09294815177468269,0.027400470511333923,0.07612656964614917,0.0239185978040757,0.1449082131178624,58.0,0.01737047020065888,0.1206896551724138,0.07291666666666667,0.09302325581395349,0.12668463611859837,0.5,0.5813953488372093,0.8145075290369,2.9553979832368342
5,2019-10-16,hist_gradient_boosting@all,hist_gradient_boosting,all,56045.0,3339.0,96.0,0.8227239438791243,0.088988150851306,0.02738874702396572,0.07652185550396284,0.023984013785990015,0.14462932944947535,66.0,0.019766397124887692,0.10606060606060606,0.07291666666666667,0.11627906976744186,0.12728361784965558,0.4375,0.4883720930232558,0.8227239438791243,3.087910322813977
5,2019-10-16,mlp@252,mlp,252,13354.0,3339.0,96.0,0.808966748895056,0.08905948030928332,0.027460854363341947,0.07409058137837266,0.024113244906028435,0.13679928814605233,61.0,0.018268942797244683,0.09836065573770492,0.0625,0.09302325581395349,0.11440551063192572,0.3645833333333333,0.3488372093023256,0.808966748895056,2.931341908572952
5,2019-10-16,mlp@756,mlp,756,39665.0,3339.0,96.0,0.8173212817350191,0.10836240027988468,0.027335487439235032,0.07831763179269513,0.023622865103211984,0.14358504889974816,47.0,0.014076070679844266,0.1276595744680851,0.0625,0.09302325581395349,0.11889787361485475,0.4166666666666667,0.4883720930232558,0.8173212817350191,3.0949205077113637
5,2019-10-16,mlp@all,mlp,all,56045.0,3339.0,96.0,0.8222774694213176,0.08773261741028668,0.027381994275182352,0.07674954083441099,0.024179057420151674,0.14219178860385878,56.0,0.016771488469601678,0.07142857142857142,0.041666666666666664,0.09302325581395349,0.11769991015274034,0.4791666666666667,0.5581395348837209,0.8222774694213176,2.989387139597113
6,2020-01-14,logistic@252,logistic,252,13354.0,3339.0,834.0,0.4617422229880766,0.22578294379667818,0.22381409428007892,-0.02411811025908772,0.17658294566002122,0.0846370334927995,1377.0,0.4123989218328841,0.20915032679738563,0.34532374100719426,0.5454545454545454,0.6244384546271339,0.60431654676259,0.7954545454545454,0.4617422229880766,4.483757925068559
6,2020-01-14,logistic@756,logistic,756,39732.0,3339.0,834.0,0.45927329992293586,0.22565024463313754,0.22304966804056242,-0.020620284269333933,0.17455599332544922,0.0950916332900776,1414.0,0.42348008385744235,0.2050919377652051,0.34772182254196643,0.5511363636363636,0.6298292902066487,0.6139088729016786,0.7897727272727273,0.45927329992293586,4.607919988806901
6,2020-01-14,logistic@all,logistic,all,59384.0,3339.0,834.0,0.47115696664225504,0.23417811325986804,0.22129663392657273,-0.012598832404054017,0.17004070255382864,0.09459379578450539,1409.0,0.4219826295297993,0.22498225691980128,0.3800959232613909,0.5965909090909091,0.6412099430967355,0.6247002398081535,0.7897727272727273,0.47115696664225504,4.697936187273439
6,2020-01-14,logistic_quadratic@252,logistic_quadratic,252,13354.0,3339.0,834.0,0.5250185480358228,0.26061778380408207,0.21671719647451188,0.008355544238488277,0.16231523995478747,0.09342909143892456,1156.0,0.3462114405510632,0.2828719723183391,0.3920863309352518,0.5568181818181818,0.6022761305780173,0.6306954436450839,0.7897727272727273,0.5250185480358228,4.053363337154088
6,2020-01-14,logistic_quadratic@756,logistic_quadratic,756,39732.0,3339.0,834.0,0.5225821737819325,0.2541327189649524,0.2177646028682784,0.003562870836449794,0.16407031517088635,0.10306210548779529,1198.0,0.35879005690326443,0.2662771285475793,0.3824940047961631,0.5511363636363636,0.5908954776879305,0.6258992805755396,0.7613636363636364,0.5225821737819325,4.341161093413811
6,2020-01-14,logistic_quadratic@all,logistic_quadratic,all,59384.0,3339.0,834.0,0.5318868258686464,0.27182256170066127,0.21662633384260277,0.0087713092383791,0.16571606853038098,0.10258269602980073,1132.0,0.3390236597783768,0.2835689045936396,0.38489208633093525,0.5454545454545454,0.5792153339323151,0.6139088729016786,0.7556818181818182,0.5318868258686464,4.451833758277042
6,2020-01-14,hist_gradient_boosting@252,hist_gradient_boosting,252,13354.0,3339.0,834.0,0.49360224395334024,0.23487940046988623,0.22076172014524634,-0.010151198832783148,0.17318089792784772,0.09553968086293604,1228.0,0.3677747828691225,0.24348534201954397,0.35851318944844124,0.5681818181818182,0.6172506738544474,0.6223021582733813,0.8068181818181818,0.49360224395334024,4.0891116129633
6,2020-01-14,hist_gradient_boosting@756,hist_gradient_boosting,756,39732.0,3339.0,834.0,0.4920054375661148,0.2296842001677879,0.2206171583933607,-0.00948971990030989,0.1759775243306184,0.0984810081832383,1325.0,0.3968253968253968,0.2181132075471698,0.34652278177458035,0.5909090909090909,0.6103623839472896,0.6426858513189448,0.8011363636363636,0.4920054375661148,4.495730424290016
6,2020-01-14,hist_gradient_boosting@all,hist_gradient_boosting,all,59384.0,3339.0,834.0,0.5154654719338302,0.24594687512514718,0.21809655149953294,0.0020439557474023484,0.17038591571371178,0.10207431627084376,1295.0,0.38784067085953877,0.2501930501930502,0.38848920863309355,0.6136363636363636,0.6094639113507038,0.6474820143884892,0.8068181818181818,0.5154654719338302,4.603971848489632
6,2020-01-14,mlp@252,mlp,252,13354.0,3339.0,834.0,0.5135446134110675,0.261105061302882,0.21730202262215986,0.0056795239856712865,0.16529903403754245,0.08717860509742449,1412.0,0.42288110212638513,0.25424929178470257,0.4304556354916067,0.6534090909090909,0.6409104522312069,0.6618705035971223,0.8125,0.5135446134110675,4.40827866363556
6,2020-01-14,mlp@756,mlp,756,39732.0,3339.0,834.0,0.505495483852439,0.24593970617749294,0.21832214575880535,0.0010116920410683239,0.17311979953033027,0.0910593399631165,1435.0,0.429769392033543,0.2508710801393728,0.4316546762589928,0.6590909090909091,0.6223420185684336,0.6546762589928058,0.8181818181818182,0.505495483852439,4.50037324017426
6,2020-01-14,mlp@all,mlp,all,59384.0,3339.0,834.0,0.5277938128539086,0.27307729067944764,0.21536419695641773,0.014546536428274415,0.16225357005342633,0.09473971906209581,1412.0,0.42288110212638513,0.26062322946175637,0.4412470023980815,0.6590909090909091,0.6232404911650195,0.6522781774580336,0.8068181818181818,0.5277938128539086,4.381500724223172
7,2020-04-24,logistic@252,logistic,252,13356.0,3339.0,179.0,0.24415882893713317,0.032642089872244526,0.08825644598451106,-0.7304695099064265,0.19284519225247074,0.2511536729895186,52.0,0.015573525007487272,0.0,0.0,0.0,0.1916741539383049,0.0111731843575419,0.0136986301369863,0.755841171062867,-0.08703060471326468
7,2020-04-24,logistic@756,logistic,756,39795.0,3339.0,179.0,0.259419418711548,0.03321875086447182,0.08931660716027551,-0.7512563948730939,0.19509620114239273,0.25630853838701606,66.0,0.019766397124887692,0.0,0.0,0.0,0.252470799640611,0.0335195530726257,0.0410958904109589,0.7405805812884521,-0.15839090469877498
7,2020-04-24,logistic@all,logistic,all,62723.0,3339.0,179.0,0.2643854748603352,0.03340399652661687,0.08776441524343921,-0.7208221217087314,0.19217906600268592,0.24727528920960665,61.0,0.018268942797244683,0.0,0.0,0.0,0.26864330637915546,0.05027932960893855,0.0547945205479452,0.7356145251396649,-0.03332597780103567
7,2020-04-24,logistic_quadratic@252,logistic_quadratic,252,13356.0,3339.0,179.0,0.7597005162294038,0.1355400029826815,0.08360284555955895,-0.6392250284769285,0.18681255938981248,0.31228881977461315,35.0,0.010482180293501049,0.17142857142857143,0.0335195530726257,0.0821917808219178,0.11889787361485475,0.33519553072625696,0.4246575342465753,0.7597005162294038,0.7614558758630713
7,2020-04-24,logistic_quadratic@756,logistic_quadratic,756,39795.0,3339.0,179.0,0.7529842302524574,0.14640554862505983,0.0811505559919974,-0.5911422818991701,0.1793716262098997,0.293514006598783,6.0,0.0017969451931716084,0.3333333333333333,0.0111731843575419,0.0273972602739726,0.0664869721473495,0.25139664804469275,0.2876712328767123,0.7529842302524574,0.6468940328720325
7,2020-04-24,logistic_quadratic@all,logistic_quadratic,all,62723.0,3339.0,179.0,0.7487483204865286,0.13726288151376267,0.08084251547161979,-0.5851024428553147,0.1788560085860329,0.30068733108514273,6.0,0.0017969451931716084,0.5,0.01675977653631285,0.0410958904109589,0.07756813417190776,0.24022346368715083,0.3013698630136986,0.7487483204865286,0.7611714220019737
7,2020-04-24,hist_gradient_boosting@252,hist_gradient_boosting,252,13356.0,3339.0,179.0,0.7264019517714447,0.1207900246719799,0.08328011352984968,-0.6328971287858383,0.1838884693917174,0.279543281383343,32.0,0.009583707696915245,0.1875,0.0335195530726257,0.0547945205479452,0.08565438754117999,0.21787709497206703,0.2876712328767123,0.7264019517714447,0.47070965869973697
7,2020-04-24,hist_gradient_boosting@756,hist_gradient_boosting,756,39795.0,3339.0,179.0,0.7479943073332862,0.13574936476818647,0.08203347418503489,-0.6084539127466344,0.1810403673604383,0.28211339092446247,4.0,0.0011979634621144056,0.25,0.00558659217877095,0.0136986301369863,0.04731955675351902,0.15083798882681565,0.2054794520547945,0.7479943073332862,0.566721333747955
7,2020-04-24,hist_gradient_boosting@all,hist_gradient_boosting,all,62723.0,3339.0,179.0,0.7445079909483063,0.1254757675386138,0.08157053365808989,-0.5993769047406818,0.17987589270283516,0.28581208580209533,4.0,0.0011979634621144056,0.25,0.00558659217877095,0.0136986301369863,0.03024857741838874,0.09497206703910614,0.136986301369863,0.7445079909483063,0.6563040748799249
7,2020-04-24,mlp@252,mlp,252,13356.0,3339.0,179.0,0.7528224665865215,0.15849789266891215,0.08205857255926206,-0.6089460237858211,0.18125404989328747,0.28176016691931755,11.0,0.0032943995208146153,0.45454545454545453,0.027932960893854747,0.0684931506849315,0.07187780772686433,0.18435754189944134,0.2602739726027397,0.7528224665865215,0.534526034937267
7,2020-04-24,mlp@756,mlp,756,39795.0,3339.0,179.0,0.749340569973835,0.15747602548051554,0.08213833023619377,-0.6105098554875361,0.18117039442013483,0.28031461814346387,2.0,0.0005989817310572028,1.0,0.0111731843575419,0.0273972602739726,0.039532794249775384,0.12849162011173185,0.2054794520547945,0.749340569973835,0.5443299445914999
7,2020-04-24,mlp@all,mlp,all,62723.0,3339.0,179.0,0.7463616434481294,0.14962094297163325,0.08078693694408881,-0.5840126986873393,0.1779823864242067,0.29071173064885497,0.0,0.0,,0.0,0.0,0.03474094040131776,0.11173184357541899,0.1643835616438356,0.7463616434481294,0.7173421058483451
8,2020-07-27,logistic@252,logistic,252,13356.0,3339.0,323.0,0.7410549309769978,0.21117253238434322,0.08576333509030717,0.019141242033934636,0.04276575309634962,0.10370866957366971,318.0,0.09523809523809523,0.2358490566037736,0.23219814241486067,0.3037037037037037,0.26564839772386944,0.541795665634675,0.5703703703703704,0.7410549309769978,2.7720140228774355
8,2020-07-27,logistic@756,logistic,756,39858.0,3339.0,323.0,0.766192278949832,0.24193169345048846,0.0837630445633202,0.0420181798279905,0.04016160850779567,0.11819527803753718,379.0,0.11350703803533992,0.25857519788918204,0.30340557275541796,0.34074074074074073,0.27313566936208444,0.56656346749226,0.6074074074074074,0.766192278949832,3.4566259992719206
8,2020-07-27,logistic@all,logistic,all,66062.0,3339.0,323.0,0.7681662711154543,0.24966429720684669,0.08338850327497077,0.0463017364610272,0.039276472127586115,0.12279772622294285,381.0,0.11410601976639713,0.26246719160104987,0.30959752321981426,0.34814814814814815,0.27643006888289906,0.5851393188854489,0.6222222222222222,0.7681662711154543,3.470890530772376
8,2020-07-27,logistic_quadratic@252,logistic_quadratic,252,13356.0,3339.0,323.0,0.7316571679628154,0.20946722404058293,0.08516303949805457,0.026006707193485634,0.04507125409779657,0.12445413606789997,234.0,0.07008086253369272,0.27350427350427353,0.19814241486068113,0.26666666666666666,0.2419886193471099,0.5046439628482973,0.5333333333333333,0.7316571679628154,3.540349699228429
8,2020-07-27,logistic_quadratic@756,logistic_quadratic,756,39858.0,3339.0,323.0,0.7566097428780252,0.20022049208731782,0.08419206629672667,0.03711154082979384,0.0421069631805054,0.1319611336176263,327.0,0.09793351302785265,0.22018348623853212,0.22291021671826625,0.28888888888888886,0.2668463611859838,0.5758513931888545,0.5925925925925926,0.7566097428780252,3.870994256502584
8,2020-07-27,logistic_quadratic@all,logistic_quadratic,all,66062.0,3339.0,323.0,0.7586145305532517,0.1984903213077642,0.08409220194718281,0.038253670176274346,0.042752460983654254,0.13101501640590532,339.0,0.10152740341419586,0.2182890855457227,0.22910216718266255,0.3037037037037037,0.2698412698412698,0.5727554179566563,0.5925925925925926,0.7586145305532517,3.8548307693474078
8,2020-07-27,hist_gradient_boosting@252,hist_gradient_boosting,252,13356.0,3339.0,323.0,0.7123001371426695,0.1794682244109486,0.08639553356546933,0.011910909742371523,0.04608879346539076,0.109027470741065,235.0,0.07038035339922133,0.1829787234042553,0.13312693498452013,0.2074074074074074,0.22851153039832284,0.43962848297213625,0.5259259259259259,0.7123001371426695,3.3091805667342773
8,2020-07-27,hist_gradient_boosting@756,hist_gradient_boosting,756,39858.0,3339.0,323.0,0.7504619326440614,0.20780631506023056,0.084537817617506,0.033157249515123666,0.044415422993270864,0.11605444264254491,291.0,0.08715184186882301,0.2611683848797251,0.23529411764705882,0.2962962962962963,0.2377957472297095,0.4891640866873065,0.562962962962963,0.7504619326440614,4.138831964651366
8,2020-07-27,hist_gradient_boosting@all,hist_gradient_boosting,all,66062.0,3339.0,323.0,0.7548220635455076,0.20886574646878922,0.08432460465956874,0.03559572508145281,0.04373012689676101,0.11393007874891191,336.0,0.10062893081761007,0.25595238095238093,0.26625386996904027,0.34814814814814815,0.25037436358191073,0.5232198142414861,0.5703703703703704,0.7548220635455076,4.152804041445584
8,2020-07-27,mlp@252,mlp,252,13356.0,3339.0,323.0,0.7412551017894244,0.19572033320621426,0.08482104602275252,0.029918020752642827,0.04390043804418285,0.11834207688964747,329.0,0.09853249475890985,0.22188449848024316,0.2260061919504644,0.32592592592592595,0.24947589098532494,0.5170278637770898,0.5851851851851851,0.7412551017894244,4.310026409514807
8,2020-07-27,mlp@756,mlp,756,39858.0,3339.0,323.0,0.7613255619153985,0.22527911658070454,0.08363472313524598,0.0434857673049559,0.04285320574596772,0.12040218039142829,328.0,0.09823300389338126,0.2804878048780488,0.2848297213622291,0.34074074074074073,0.25666367175801136,0.5541795665634675,0.6074074074074074,0.7613255619153985,4.502785830541695
8,2020-07-27,mlp@all,mlp,all,66062.0,3339.0,323.0,0.7651041709438208,0.2250874936522968,0.08348466029464746,0.04520200713274869,0.042471715720031486,0.11934425325199192,368.0,0.11021263851452531,0.2554347826086957,0.29102167182662536,0.362962962962963,0.2635519616651692,0.5758513931888545,0.6074074074074074,0.7651041709438208,4.5369514539563225
9,2020-10-27,logistic@252,logistic,252,13356.0,3339.0,223.0,0.7759775957448033,0.22418049259079656,0.05799554190834647,0.07807730682459246,0.030436241604236497,0.23493546266396265,187.0,0.056004791853848455,0.2887700534759358,0.242152466367713,0.20754716981132076,0.17999401018268943,0.5112107623318386,0.5377358490566038,0.7759775957448033,3.6526877370053676
9,2020-10-27,logistic@756,logistic,756,39926.0,3339.0,223.0,0.8197470598732421,0.2716826912110341,0.05573613095327692,0.11399389910300628,0.027842502969750087,0.26949551529516663,147.0,0.0440251572327044,0.35374149659863946,0.23318385650224216,0.1509433962264151,0.1503444144953579,0.5246636771300448,0.5094339622641509,0.8197470598732421,3.950146516655912
9,2020-10-27,logistic@all,logistic,all,69401.0,3339.0,223.0,0.8216754836889885,0.27290618765406527,0.05572120543964553,0.11423116164545855,0.026569686711588505,0.26927924371340956,146.0,0.0437256663671758,0.3561643835616438,0.23318385650224216,0.1509433962264151,0.14824797843665768,0.5112107623318386,0.49056603773584906,0.8216754836889885,3.839304692643698
9,2020-10-27,logistic_quadratic@252,logistic_quadratic,252,13356.0,3339.0,223.0,0.6460406868642677,0.1357162930471582,0.06157475485443754,0.021180560451856567,0.02302458537725832,0.20121318157135976,112.0,0.033542976939203356,0.19642857142857142,0.09865470852017937,0.16981132075471697,0.16172506738544473,0.336322869955157,0.4528301886792453,0.6460406868642677,2.807433693191225
9,2020-10-27,logistic_quadratic@756,logistic_quadratic,756,39926.0,3339.0,223.0,0.7853577945739335,0.21373778815197683,0.05797999033725585,0.07832452145232416,0.022773991434900324,0.2445726395110538,115.0,0.034441449535789155,0.26956521739130435,0.13901345291479822,0.1792452830188679,0.14435459718478585,0.4304932735426009,0.5,0.7853577945739335,3.5962286497438045
9,2020-10-27,logistic_quadratic@all,logistic_quadratic,all,69401.0,3339.0,223.0,0.7707809252980422,0.17798449103230968,0.05891539203589438,0.06345496381335025,0.01865921863905751,0.24413472647140994,107.0,0.03204552261156035,0.2523364485981308,0.1210762331838565,0.1792452830188679,0.13626834381551362,0.3811659192825112,0.44339622641509435,0.7707809252980422,3.654859388824573
9,2020-10-27,hist_gradient_boosting@252,hist_gradient_boosting,252,13356.0,3339.0,223.0,0.7277569264953918,0.15019322826082673,0.06045159931880289,0.03903473582801853,0.02639757864492862,0.17971147148416725,178.0,0.053309374064091045,0.1797752808988764,0.14349775784753363,0.18867924528301888,0.18628331835879006,0.43946188340807174,0.5283018867924528,0.7277569264953918,2.520598788607373
9,2020-10-27,hist_gradient_boosting@756,hist_gradient_boosting,756,39926.0,3339.0,223.0,0.8114627526379112,0.2741239089006458,0.05664669156351918,0.09951922635280341,0.028128752770563304,0.232065843876928,159.0,0.047619047619047616,0.389937106918239,0.27802690582959644,0.27358490566037735,0.16711590296495957,0.5291479820627802,0.5377358490566038,0.8114627526379112,3.8580192242400404
9,2020-10-27,hist_gradient_boosting@all,hist_gradient_boosting,all,69401.0,3339.0,223.0,0.8182179924820254,0.2879002270638871,0.05638368048951316,0.10370016629583878,0.02799499605974821,0.23080634352168583,153.0,0.04582210242587601,0.4117647058823529,0.2825112107623318,0.2358490566037736,0.16082659478885894,0.5381165919282511,0.5660377358490566,0.8182179924820254,3.9360277270759707
9,2020-10-27,mlp@252,mlp,252,13356.0,3339.0,223.0,0.7563422117582044,0.19556024797050692,0.05920063971576424,0.05892054098369126,0.030399700657393284,0.2068568118951757,118.0,0.03533992213237496,0.3135593220338983,0.16591928251121077,0.22641509433962265,0.18957771787960467,0.43946188340807174,0.5566037735849056,0.7563422117582044,3.5709284120092213
9,2020-10-27,mlp@756,mlp,756,39926.0,3339.0,223.0,0.8202838524726999,0.26847941522912183,0.05610358750160397,0.10815264787038592,0.031401046313009905,0.2293351523281848,175.0,0.05241090146750524,0.3657142857142857,0.28699551569506726,0.24528301886792453,0.15873015873015872,0.547085201793722,0.5283018867924528,0.8202838524726999,3.998729713042706
9,2020-10-27,mlp@all,mlp,all,69401.0,3339.0,223.0,0.8177423625782162,0.26032273438095943,0.05617359442170007,0.107039787016048,0.027040728969994828,0.2354224188774841,143.0,0.042827193770589994,0.3916083916083916,0.25112107623318386,0.18867924528301888,0.1533393231506439,0.5426008968609866,0.5754716981132075,0.8177423625782162,4.0286054402331395
10,2021-01-25,logistic@252,logistic,252,13356.0,3339.0,412.0,0.7466888460632677,0.28387982761022906,0.10159759749615327,0.066879105660134,0.04403929908508398,0.19023029120119145,307.0,0.09194369571728063,0.34527687296416937,0.25728155339805825,0.267515923566879,0.29499850254567234,0.587378640776699,0.5859872611464968,0.7466888460632677,4.742405592251304
10,2021-01-25,logistic@756,logistic,756,39994.0,3339.0,412.0,0.7789611949011712,0.29526693718903796,0.09986929964383227,0.08275261918199162,0.040888114796944465,0.22059072942596322,303.0,0.09074573225516622,0.32673267326732675,0.24029126213592233,0.2484076433121019,0.3243486073674753,0.6820388349514563,0.6305732484076433,0.7789611949011712,5.094415924268573
10,2021-01-25,logistic@all,logistic,all,72740.0,3339.0,412.0,0.7788044686066452,0.29131628249298763,0.0999185110839113,0.08230063779552199,0.039493949805639715,0.22601281317298585,307.0,0.09194369571728063,0.30944625407166126,0.23058252427184467,0.2356687898089172,0.3255465708295897,0.6844660194174758,0.643312101910828,0.7788044686066452,4.914938546471963
10,2021-01-25,logistic_quadratic@252,logistic_quadratic,252,13356.0,3339.0,412.0,0.67987203173666,0.23116184562211184,0.10630612191635412,0.02363376692891772,0.04850152753144296,0.1366447607144317,290.0,0.0868523510032944,0.296551724137931,0.2087378640776699,0.29936305732484075,0.3249475890985325,0.5412621359223301,0.6560509554140127,0.67987203173666,2.811859487189372
10,2021-01-25,logistic_quadratic@756,logistic_quadratic,756,39994.0,3339.0,412.0,0.7549671455249254,0.2615228148341993,0.10100788341157425,0.0722953216688641,0.03878022294347519,0.19788657555616576,336.0,0.10062893081761007,0.30654761904761907,0.25,0.31210191082802546,0.33393231506439053,0.6480582524271845,0.6560509554140127,0.7549671455249254,4.395652400690011
10,2021-01-25,logistic_quadratic@all,logistic_quadratic,all,72740.0,3339.0,412.0,0.7522464102215397,0.25430623787173195,0.1016421942248072,0.06646950798901019,0.04054046396431245,0.1865206745000575,342.0,0.10242587601078167,0.2777777777777778,0.23058252427184467,0.2802547770700637,0.33812518718179096,0.6553398058252428,0.6560509554140127,0.7522464102215397,4.0572905132271915
10,2021-01-25,hist_gradient_boosting@252,hist_gradient_boosting,252,13356.0,3339.0,412.0,0.7445854796819701,0.25530447768884745,0.10214397136124352,0.06186094694180155,0.04088005390781714,0.1794981278616275,276.0,0.08265947888589398,0.3115942028985507,0.2087378640776699,0.2929936305732484,0.3141659179395028,0.5970873786407767,0.6496815286624203,0.7445854796819701,4.6822803134450215
10,2021-01-25,hist_gradient_boosting@756,hist_gradient_boosting,756,39994.0,3339.0,412.0,0.7954327967599947,0.28986658495453216,0.09875426305667867,0.09299364813413624,0.03909552040930547,0.20373150092848538,256.0,0.07666966157532196,0.34765625,0.21601941747572814,0.2802547770700637,0.3231506439053609,0.720873786407767,0.7070063694267515,0.7954327967599947,5.118772941803779
10,2021-01-25,hist_gradient_boosting@all,hist_gradient_boosting,all,72740.0,3339.0,412.0,0.7950318593874903,0.2964986661059616,0.09839204719979033,0.09632041168616334,0.038560531519562596,0.20146230716143618,267.0,0.07996406109613657,0.33707865168539325,0.21844660194174756,0.267515923566879,0.3276430068882899,0.7135922330097088,0.6878980891719745,0.7950318593874903,5.259072933885534
10,2021-01-25,mlp@252,mlp,252,13356.0,3339.0,412.0,0.7557914097405806,0.2679453146402714,0.10211201679381561,0.062154432961859296,0.04411711404731636,0.16611670101641768,327.0,0.09793351302785265,0.290519877675841,0.23058252427184467,0.27388535031847133,0.2851153039832285,0.5728155339805825,0.6560509554140127,0.7557914097405806,4.971844546079465
10,2021-01-25,mlp@756,mlp,756,39994.0,3339.0,412.0,0.788994994709451,0.2970822466437407,0.09888879999809846,0.09175799656172434,0.03930355476423229,0.19682281633071472,289.0,0.0865528601377658,0.3391003460207612,0.23786407766990292,0.267515923566879,0.30997304582210244,0.6699029126213593,0.6815286624203821,0.788994994709451,5.249382992381559
10,2021-01-25,mlp@all,mlp,all,72740.0,3339.0,412.0,0.7903109980396775,0.292853592214698,0.09881621591397222,0.0924246434821625,0.03840710087840023,0.1954398642434803,299.0,0.08954776879305182,0.3210702341137124,0.23300970873786409,0.27388535031847133,0.32345013477088946,0.7038834951456311,0.6942675159235668,0.7903109980396775,5.432639459745086
11,2021-05-10,logistic@252,logistic,252,13356.0,3339.0,343.0,0.7515423869337932,0.31108639387421416,0.084575389057384,0.08311744114239872,0.030515570437908687,0.2293023915808309,539.0,0.16142557651991615,0.27087198515769945,0.42565597667638483,0.38926174496644295,0.33692722371967654,0.6355685131195336,0.610738255033557,0.7515423869337932,3.9985498194481153
11,2021-05-10,logistic@756,logistic,756,40057.0,3339.0,343.0,0.761365007570833,0.3153652732050096,0.08464439142154587,0.08236938588749443,0.029389519801436968,0.2666575062442941,546.0,0.16352201257861634,0.2893772893772894,0.4606413994169096,0.4228187919463087,0.31296795447738845,0.6355685131195336,0.6040268456375839,0.761365007570833,4.327365319583654
11,2021-05-10,logistic@all,logistic,all,76079.0,3339.0,343.0,0.7615907702008897,0.3134112989014996,0.08481078505656255,0.08056551098307985,0.02432653557172714,0.27129337043517177,544.0,0.16292303084755916,0.2922794117647059,0.46355685131195334,0.42953020134228187,0.3198562443845463,0.6443148688046647,0.6040268456375839,0.7615907702008897,4.130040741432033
11,2021-05-10,logistic_quadratic@252,logistic_quadratic,252,13356.0,3339.0,343.0,0.593410261300782,0.16910409743932447,0.09087039065118013,0.014873271843734881,0.014701266587034847,0.1989041150259554,206.0,0.061695118298891884,0.2524271844660194,0.15160349854227406,0.20134228187919462,0.19107517220724768,0.34402332361516036,0.38926174496644295,0.593410261300782,3.1908955642319348
11,2021-05-10,logistic_quadratic@756,logistic_quadratic,756,40057.0,3339.0,343.0,0.6346245917783478,0.16504345616982058,0.09158882309443131,0.007084739218865432,0.02991622295643565,0.2506254954909361,307.0,0.09194369571728063,0.1986970684039088,0.17784256559766765,0.2483221476510067,0.24827792752321054,0.41690962099125367,0.48322147651006714,0.6346245917783478,4.233815514981406
11,2021-05-10,logistic_quadratic@all,logistic_quadratic,all,76079.0,3339.0,343.0,0.6173041217249822,0.16289617288754593,0.09154799355042978,0.0075273726752213,0.030546043540320023,0.24126388818791594,239.0,0.07157831686133573,0.200836820083682,0.13994169096209913,0.21476510067114093,0.23300389338125188,0.39941690962099125,0.48322147651006714,0.6173041217249822,4.051065026684145
11,2021-05-10,hist_gradient_boosting@252,hist_gradient_boosting,252,13356.0,3339.0,343.0,0.7602352213057644,0.29113414636587037,0.08313129303490814,0.09877289920272614,0.018972149683994265,0.2168473420295926,385.0,0.11530398322851153,0.32987012987012987,0.37026239067055394,0.348993288590604,0.25726265348906857,0.577259475218659,0.5771812080536913,0.7602352213057644,4.226390303565232
11,2021-05-10,hist_gradient_boosting@756,hist_gradient_boosting,756,40057.0,3339.0,343.0,0.7700393527618943,0.31102821913772644,0.08281187928496844,0.10223566655908212,0.020731526508376005,0.26296098372701937,411.0,0.12309074573225516,0.3284671532846715,0.3935860058309038,0.348993288590604,0.2800239592692423,0.6122448979591837,0.5906040268456376,0.7700393527618943,5.451608914267121
11,2021-05-10,hist_gradient_boosting@all,hist_gradient_boosting,all,76079.0,3339.0,343.0,0.7682775284441451,0.30427776188282163,0.08312960282233318,0.09879122281256125,0.02341021202904156,0.25378612197123585,400.0,0.11979634621144056,0.32,0.37317784256559766,0.3221476510067114,0.2605570530098832,0.6034985422740525,0.5906040268456376,0.7682775284441451,5.458005865590635
11,2021-05-10,mlp@252,mlp,252,13356.0,3339.0,343.0,0.7648526509592964,0.26763846893070814,0.0835794150518481,0.09391480435797694,0.013316468126052973,0.2382498569916599,359.0,0.1075172207247679,0.3231197771587744,0.33819241982507287,0.3087248322147651,0.2776280323450135,0.597667638483965,0.6040268456375839,0.7648526509592964,5.328785537186341
11,2021-05-10,mlp@756,mlp,756,40057.0,3339.0,343.0,0.772434188247109,0.31418387843882156,0.0822726420238988,0.10808154259076586,0.01939986377496878,0.2538063559725878,404.0,0.12099430967355496,0.33663366336633666,0.3965014577259475,0.348993288590604,0.2797244684037137,0.6209912536443148,0.610738255033557,0.772434188247109,5.332716575537506
11,2021-05-10,mlp@all,mlp,all,76079.0,3339.0,343.0,0.7724079141479213,0.3164278272061954,0.08234501937391306,0.10729689908366513,0.02054116535009329,0.24978469660520458,421.0,0.12608565438754119,0.32304038004750596,0.3965014577259475,0.33557046979865773,0.2827193770589997,0.6268221574344023,0.6174496644295302,0.7724079141479213,5.170229997372873
12,2021-08-06,logistic@252,logistic,252,13356.0,3339.0,428.0,0.7776826218308255,0.288292860195302,0.10335677667724545,0.0850495846828454,0.03629129370569388,0.3344167089926771,18.0,0.005390835579514825,0.5,0.02102803738317757,0.039735099337748346,0.08984725965858041,0.23130841121495327,0.271523178807947,0.7776826218308255,2.6999992680426512
12,2021-08-06,logistic@756,logistic,756,40062.0,3339.0,428.0,0.7856390680531788,0.29123462649454357,0.1022213288381948,0.0951009669463857,0.037839997455830936,0.358258191195056,34.0,0.010182689427972447,0.3235294117647059,0.02570093457943925,0.046357615894039736,0.09973045822102426,0.24766355140186916,0.2847682119205298,0.7856390680531788,3.5384121645227924
12,2021-08-06,logistic@all,logistic,all,79418.0,3339.0,428.0,0.7858076198242567,0.2892013796068645,0.1019645175204568,0.09737435074739453,0.03527827752171874,0.3447654622773421,37.0,0.011081162024558252,0.2972972972972973,0.02570093457943925,0.046357615894039736,0.09823300389338126,0.24299065420560748,0.271523178807947,0.7858076198242567,3.4669068364825435
12,2021-08-06,logistic_quadratic@252,logistic_quadratic,252,13356.0,3339.0,428.0,0.7633814053686145,0.2799196470375897,0.10285630886999005,0.08947990113448079,0.04939336734205599,0.26306479650537623,157.0,0.04702006588799042,0.31210191082802546,0.11448598130841121,0.17218543046357615,0.15633423180592992,0.3411214953271028,0.423841059602649,0.7633814053686145,1.993477490342613
12,2021-08-06,logistic_quadratic@756,logistic_quadratic,756,40062.0,3339.0,428.0,0.7791963772606003,0.3121314382975558,0.10210822819388625,0.09610217349335348,0.04927836370519817,0.25267075972203307,75.0,0.022461814914645103,0.44,0.07710280373831775,0.10596026490066225,0.14195867026055706,0.3364485981308411,0.3708609271523179,0.7791963772606003,2.2695501332460433
12,2021-08-06,logistic_quadratic@all,logistic_quadratic,all,79418.0,3339.0,428.0,0.7845956523274592,0.3045919258891742,0.10269032383914757,0.0909492588078532,0.050933555691794544,0.22490732424264334,121.0,0.03623839472896077,0.33884297520661155,0.09579439252336448,0.13245033112582782,0.16262353998203055,0.38317757009345793,0.4304635761589404,0.7845956523274592,1.9161692115651807
12,2021-08-06,hist_gradient_boosting@252,hist_gradient_boosting,252,13356.0,3339.0,428.0,0.7601849414242463,0.2704059610105843,0.10249259305152235,0.09269964104765183,0.0401614613445559,0.32498117913863744,28.0,0.008385744234800839,0.2857142857142857,0.018691588785046728,0.046357615894039736,0.0862533692722372,0.21962616822429906,0.304635761589404,0.7601849414242463,2.8851527714740057
12,2021-08-06,hist_gradient_boosting@756,hist_gradient_boosting,756,40062.0,3339.0,428.0,0.7774727347444593,0.27675955417197257,0.10076878833542964,0.10795936461507538,0.032844776796930215,0.33999966293849937,27.0,0.008086253369272238,0.2962962962962963,0.018691588785046728,0.039735099337748346,0.12069481880802635,0.2780373831775701,0.3443708609271523,0.7774727347444593,4.282648091902541
12,2021-08-06,hist_gradient_boosting@all,hist_gradient_boosting,all,79418.0,3339.0,428.0,0.7827094777463505,0.27828076624875064,0.10033088811230571,0.11183581088105998,0.025560908923970945,0.3310123428996569,29.0,0.00868523510032944,0.10344827586206896,0.007009345794392523,0.019867549668874173,0.1305780173704702,0.308411214953271,0.3841059602649007,0.7827094777463505,4.475406005689596
12,2021-08-06,mlp@252,mlp,252,13356.0,3339.0,428.0,0.7833652243985911,0.29305202035469774,0.10103030341279556,0.10564434148509882,0.04045940480057989,0.340019287273114,11.0,0.0032943995208146153,0.45454545454545453,0.011682242990654205,0.013245033112582781,0.08984725965858041,0.22897196261682243,0.31125827814569534,0.7833652243985911,3.4192011993959945
12,2021-08-06,mlp@756,mlp,756,40062.0,3339.0,428.0,0.7872114152890903,0.30017617499148724,0.09991554646401699,0.11551256073546934,0.031846529375353226,0.35731458730792903,18.0,0.005390835579514825,0.4444444444444444,0.018691588785046728,0.033112582781456956,0.12728361784965558,0.3177570093457944,0.37748344370860926,0.7872114152890903,4.27375461383941
12,2021-08-06,mlp@all,mlp,all,79418.0,3339.0,428.0,0.7914099596438903,0.28973700021347043,0.09973260350573539,0.1171320359265523,0.036218498666139534,0.3565537627442294,8.0,0.002395926924228811,0.25,0.004672897196261682,0.013245033112582781,0.12668463611859837,0.2967289719626168,0.3443708609271523,0.7914099596438903,4.267667410659042
13,2021-11-08,logistic@252,logistic,252,13356.0,3339.0,221.0,0.8314951282728517,0.18467488839523397,0.0602365809231111,0.04288412852499224,0.055905721909594315,0.39328355061822357,69.0,0.020664869721473494,0.13043478260869565,0.04072398190045249,0.07954545454545454,0.16352201257861634,0.5067873303167421,0.5340909090909091,0.8314951282728517,3.961312474755568
13,2021-11-08,logistic@756,logistic,756,40066.0,3339.0,221.0,0.827780019097983,0.17922477363691605,0.05908422470640475,0.06119423855614392,0.04310638788418171,0.39317711070676936,29.0,0.00868523510032944,0.0,0.0,0.0,0.13896376160527105,0.4253393665158371,0.4431818181818182,0.827780019097983,4.260497618470696
13,2021-11-08,logistic@all,logistic,all,82757.0,3339.0,221.0,0.8302964250781479,0.1821290803389382,0.05867721359081536,0.06766135193853529,0.04037650213162611,0.39628838412943923,29.0,0.00868523510032944,0.0,0.0,0.0,0.13866427073974244,0.4479638009049774,0.4659090909090909,0.8302964250781479,4.050900414694886
13,2021-11-08,logistic_quadratic@252,logistic_quadratic,252,13356.0,3339.0,221.0,0.8173196648274942,0.18901892213693697,0.061139099165712356,0.028543763898520313,0.05195978085048901,0.38523661070734955,130.0,0.03893381251871818,0.2153846153846154,0.12669683257918551,0.17045454545454544,0.15902964959568733,0.47058823529411764,0.5340909090909091,0.8173196648274942,3.615902185129004
13,2021-11-08,logistic_quadratic@756,logistic_quadratic,756,40066.0,3339.0,221.0,0.8240213734874716,0.18392003878172503,0.05994498853643419,0.047517321462120954,0.04304651481837033,0.3713014163557109,133.0,0.039832285115303984,0.14285714285714285,0.08597285067873303,0.13636363636363635,0.1530398322851153,0.46153846153846156,0.4659090909090909,0.8240213734874716,4.480865010370366
13,2021-11-08,logistic_quadratic@all,logistic_quadratic,all,82757.0,3339.0,221.0,0.8295998421078601,0.19198713462794237,0.05950786691849591,0.05446286903275088,0.04320768311588558,0.36861796553069415,154.0,0.04612159329140461,0.2012987012987013,0.14027149321266968,0.17045454545454544,0.1530398322851153,0.4660633484162896,0.4772727272727273,0.8295998421078601,4.489645080648824
13,2021-11-08,hist_gradient_boosting@252,hist_gradient_boosting,252,13356.0,3339.0,221.0,0.8218474541343651,0.20779571489375334,0.05988574480799929,0.04845866162289103,0.05345409172836969,0.35315523763838785,132.0,0.039532794249775384,0.2803030303030303,0.167420814479638,0.25,0.19227313566936208,0.5656108597285068,0.625,0.8218474541343651,4.160615821951356
13,2021-11-08,hist_gradient_boosting@756,hist_gradient_boosting,756,40066.0,3339.0,221.0,0.8195683217284546,0.1906200624636139,0.05852208428468771,0.07012624484497698,0.039733005502083425,0.3380765322066741,65.0,0.01946690625935909,0.2153846153846154,0.06334841628959276,0.11363636363636363,0.13746630727762804,0.4253393665158371,0.4659090909090909,0.8195683217284546,4.748963831644911
13,2021-11-08,hist_gradient_boosting@all,hist_gradient_boosting,all,82757.0,3339.0,221.0,0.8288735092398828,0.19683065817305626,0.05795678938195577,0.07910837356438905,0.039231410993466234,0.34702488431106815,44.0,0.013177598083258461,0.18181818181818182,0.03619909502262444,0.07954545454545454,0.14734950584007186,0.45248868778280543,0.5,0.8288735092398828,4.8334830311422685
13,2021-11-08,mlp@252,mlp,252,13356.0,3339.0,221.0,0.8287595888999504,0.21215992077694013,0.05905917789384001,0.061592214362011344,0.045326771345378374,0.35855748785694697,131.0,0.03923330338424678,0.2595419847328244,0.15384615384615385,0.20454545454545456,0.18418688230008984,0.5656108597285068,0.5909090909090909,0.8287595888999504,4.831215681091612
13,2021-11-08,mlp@756,mlp,756,40066.0,3339.0,221.0,0.8228473409396324,0.19015975714878403,0.05836397187147169,0.072638537173777,0.03799199028055282,0.3389841966295012,71.0,0.021263851452530697,0.16901408450704225,0.05429864253393665,0.09090909090909091,0.13507038035339922,0.4434389140271493,0.48863636363636365,0.8228473409396324,5.016281435004817
13,2021-11-08,mlp@all,mlp,all,82757.0,3339.0,221.0,0.8285738334412069,0.19670998579637317,0.057939494352324816,0.07938317912446136,0.03761075015083325,0.34635828359624005,60.0,0.017969451931716084,0.18333333333333332,0.049773755656108594,0.07954545454545454,0.1347708894878706,0.4253393665158371,0.4431818181818182,0.8285738334412069,4.855297425380566
14,2022-02-15,logistic@252,logistic,252,13356.0,3339.0,604.0,0.6792855672724191,0.3045247297927782,0.15539963237694213,-0.006645853074036978,0.11519161545943428,0.2292524394310338,168.0,0.050314465408805034,0.36904761904761907,0.10264900662251655,0.13227513227513227,0.18209044624138965,0.33278145695364236,0.4074074074074074,0.6792855672724191,4.910343740493403
14,2022-02-15,logistic@756,logistic,756,40066.0,3339.0,604.0,0.67006126130489,0.28363534427738185,0.15544820475510432,-0.006960494635944281,0.11239926300884782,0.2276617603165003,172.0,0.05151242887091944,0.3488372093023256,0.09933774834437085,0.13227513227513227,0.1976639712488769,0.3344370860927152,0.41798941798941797,0.67006126130489,5.207373140191836
14,2022-02-15,logistic@all,logistic,all,86096.0,3339.0,604.0,0.6786027337554632,0.2870856155682967,0.15505991692400975,-0.004445248434960192,0.11098887410248386,0.24362833451913457,171.0,0.05121293800539083,0.3508771929824561,0.09933774834437085,0.12698412698412698,0.20425277029050615,0.34933774834437087,0.4074074074074074,0.6786027337554632,4.929470368018777
14,2022-02-15,logistic_quadratic@252,logistic_quadratic,252,13356.0,3339.0,604.0,0.6794054263472039,0.2996427937863247,0.15374660738527576,0.004062092160044495,0.1102015643397635,0.2379287980026937,145.0,0.0434261755016472,0.36551724137931035,0.08774834437086093,0.12698412698412698,0.2177298592392932,0.38079470198675497,0.47619047619047616,0.6794054263472039,4.0267013376424945
14,2022-02-15,logistic_quadratic@756,logistic_quadratic,756,40066.0,3339.0,604.0,0.6716139811373294,0.27825446035911017,0.15353498477028835,0.005432938567692558,0.10443136439145911,0.23380916298144616,168.0,0.050314465408805034,0.3273809523809524,0.09105960264900662,0.14285714285714285,0.2602575621443546,0.41887417218543044,0.5079365079365079,0.6716139811373294,4.587064427588391
14,2022-02-15,logistic_quadratic@all,logistic_quadratic,all,86096.0,3339.0,604.0,0.6778418102352385,0.2844888660773871,0.1537477776902373,0.004054511172764563,0.10685460252056822,0.24065026405084045,159.0,0.047619047619047616,0.3270440251572327,0.08609271523178808,0.13756613756613756,0.2374962563641809,0.3841059602649007,0.4656084656084656,0.6778418102352385,4.682831176574002
14,2022-02-15,hist_gradient_boosting@252,hist_gradient_boosting,252,13356.0,3339.0,604.0,0.6557157039601923,0.2708774654494275,0.15341591243557426,0.006204263892742423,0.10704716484483084,0.22077586388497475,162.0,0.04851752021563342,0.3148148148148148,0.08443708609271523,0.14285714285714285,0.2419886193471099,0.38576158940397354,0.4603174603174603,0.6557157039601923,4.507637172112243
14,2022-02-15,hist_gradient_boosting@756,hist_gradient_boosting,756,40066.0,3339.0,604.0,0.647749312929041,0.25041857493738096,0.15331453725865773,0.0068609507837392725,0.10031468924134218,0.21120836280460792,209.0,0.06259359089547768,0.28708133971291866,0.09933774834437085,0.1693121693121693,0.27313566936208444,0.402317880794702,0.5132275132275133,0.647749312929041,5.243471241836035
14,2022-02-15,hist_gradient_boosting@all,hist_gradient_boosting,all,86096.0,3339.0,604.0,0.6568943181955762,0.25697616569821546,0.15326993462714075,0.007149877168995178,0.1020851647793715,0.21728106307041908,206.0,0.061695118298891884,0.2669902912621359,0.09105960264900662,0.1746031746031746,0.2389937106918239,0.37251655629139074,0.455026455026455,0.6568943181955762,5.476295465097169
14,2022-02-15,mlp@252,mlp,252,13356.0,3339.0,604.0,0.6735701659866581,0.27949562523361426,0.15230484219680188,0.01340154120432091,0.10461181029170098,0.21240206498883382,166.0,0.04971548367774783,0.3313253012048193,0.09105960264900662,0.15343915343915343,0.2192273135669362,0.36423841059602646,0.4603174603174603,0.6735701659866581,4.793804315181482
14,2022-02-15,mlp@756,mlp,756,40066.0,3339.0,604.0,0.6526556654600045,0.2513486130910605,0.153324437707272,0.006796817777832698,0.10021808078407135,0.21001917862231015,238.0,0.07127882599580712,0.28991596638655465,0.11423841059602649,0.17989417989417988,0.2695417789757412,0.38079470198675497,0.4656084656084656,0.6526556654600045,5.125737688335218
14,2022-02-15,mlp@all,mlp,all,86096.0,3339.0,604.0,0.6567466130731141,0.2534264980517297,0.15323775189077868,0.007358350108113032,0.1009046626664468,0.2092885902312934,208.0,0.06229410002994909,0.2403846153846154,0.08278145695364239,0.14285714285714285,0.24618149146451032,0.37251655629139074,0.4497354497354497,0.6567466130731141,5.126852857371247
15,2022-05-19,logistic@252,logistic,252,13356.0,3339.0,521.0,0.6799291366578166,0.25729989538094405,0.12815948908607636,0.055921604969865646,0.042104025100620654,0.39506734038011015,186.0,0.055705300988319856,0.3172043010752688,0.11324376199616124,0.15436241610738255,0.2548667265648398,0.43186180422264875,0.47651006711409394,0.6799291366578166,3.103787547853278
15,2022-05-19,logistic@756,logistic,756,40068.0,3339.0,521.0,0.6895635270382747,0.2611291266263974,0.12670824094270852,0.06661212837746877,0.04169815030447344,0.3825858568255704,203.0,0.06079664570230608,0.3399014778325123,0.1324376199616123,0.18791946308724833,0.252470799640611,0.4510556621880998,0.5302013422818792,0.6895635270382747,3.042538596850815
15,2022-05-19,logistic@all,logistic,all,89435.0,3339.0,521.0,0.6790246141816593,0.2576719691482178,0.1274919432895713,0.06083903690305881,0.04660315607237538,0.3880283203030076,228.0,0.06828391734052111,0.34649122807017546,0.15163147792706333,0.20134228187919462,0.2608565438754118,0.45681381957773515,0.5033557046979866,0.6790246141816593,2.991163868320013
15,2022-05-19,logistic_quadratic@252,logistic_quadratic,252,13356.0,3339.0,521.0,0.672496795347703,0.2739016971955605,0.12690016774485488,0.06519831229076534,0.04070738792643328,0.38773337113777817,188.0,0.05630428271937706,0.3351063829787234,0.12092130518234165,0.18120805369127516,0.24498352800239592,0.43953934740882916,0.5033557046979866,0.672496795347703,2.6583223144873136
15,2022-05-19,logistic_quadratic@756,logistic_quadratic,756,40068.0,3339.0,521.0,0.6832543465438115,0.2677697124353151,0.1260775473516928,0.07125809097772551,0.037943476899377646,0.3738490990614896,159.0,0.047619047619047616,0.37735849056603776,0.11516314779270634,0.21476510067114093,0.22012578616352202,0.4049904030710173,0.4966442953020134,0.6832543465438115,2.838894716014205
15,2022-05-19,logistic_quadratic@all,logistic_quadratic,all,89435.0,3339.0,521.0,0.6835751523316654,0.2652061768086634,0.12657007777329923,0.06762989822157761,0.044713748448081576,0.3778402318587123,177.0,0.053009883198562445,0.3502824858757062,0.11900191938579655,0.21476510067114093,0.24558250973345314,0.44529750479846447,0.5234899328859061,0.6835751523316654,2.873055298595517
15,2022-05-19,hist_gradient_boosting@252,hist_gradient_boosting,252,13356.0,3339.0,521.0,0.682356635230878,0.27321410615345665,0.12639859718598592,0.06889309861980053,0.043374951608484535,0.33593845055663096,218.0,0.0652890086852351,0.3348623853211009,0.1401151631477927,0.24161073825503357,0.2383947289607667,0.43186180422264875,0.5234899328859061,0.682356635230878,2.365812598858903
15,2022-05-19,hist_gradient_boosting@756,hist_gradient_boosting,756,40068.0,3339.0,521.0,0.6946071934057042,0.29473288008977216,0.12477322081660049,0.0808663260809267,0.03826260539762745,0.32577352473515553,199.0,0.05959868224019167,0.41708542713567837,0.15930902111324377,0.21476510067114093,0.2123390236597784,0.4049904030710173,0.5100671140939598,0.6946071934057042,2.774312241872951
15,2022-05-19,hist_gradient_boosting@all,hist_gradient_boosting,all,89435.0,3339.0,521.0,0.7027022608975206,0.2836270290982674,0.1250622410465273,0.07873727768391503,0.04650063999401484,0.33268481961815094,237.0,0.07097933513027853,0.3628691983122363,0.16506717850287908,0.26174496644295303,0.2416891284815813,0.45681381957773515,0.5436241610738255,0.7027022608975206,2.984048474818581
15,2022-05-19,mlp@252,mlp,252,13356.0,3339.0,521.0,0.6807042470327166,0.26593422883394136,0.1268596898217319,0.06549649023270787,0.045795395240691046,0.34123891964271197,198.0,0.05929919137466307,0.30808080808080807,0.11708253358925144,0.20134228187919462,0.2407906558849955,0.44145873320537427,0.5570469798657718,0.6807042470327166,2.790438237747629
15,2022-05-19,mlp@756,mlp,756,40068.0,3339.0,521.0,0.6869487214765512,0.27765647332864013,0.1256066081924438,0.0747272331285812,0.03980772051023406,0.34338539290861947,163.0,0.04881701108116202,0.4049079754601227,0.12667946257197696,0.19463087248322147,0.22132374962563642,0.4069097888675624,0.5436241610738255,0.6869487214765512,2.9832060521345842
15,2022-05-19,mlp@all,mlp,all,89435.0,3339.0,521.0,0.7015896573848674,0.2726847201717608,0.12517432081630014,0.07791164947708418,0.044172118119553946,0.334579428933879,219.0,0.06558849955076371,0.3561643835616438,0.14971209213051823,0.2550335570469799,0.22791254866726565,0.4145873320537428,0.5100671140939598,0.7015896573848674,2.9193457101728595
16,2022-08-17,logistic@252,logistic,252,13356.0,3333.0,500.0,0.6586911401341333,0.23418676007227884,0.12310628296194402,0.05230274177762129,0.014441172092589863,0.30681859426284236,105.0,0.0315031503150315,0.2571428571428571,0.054,0.10909090909090909,0.16741674167416742,0.294,0.3151515151515151,0.6586911401341333,2.8375709440196655
16,2022-08-17,logistic@756,logistic,756,40068.0,3333.0,500.0,0.6632792093187435,0.24513408396994027,0.12225806801607673,0.05883247331723873,0.01224521900737499,0.3368051360281771,123.0,0.0369036903690369,0.2845528455284553,0.07,0.09090909090909091,0.18331833183318333,0.362,0.38181818181818183,0.6632792093187435,3.32178384023728
16,2022-08-17,logistic@all,logistic,all,92774.0,3333.0,500.0,0.6767200847158489,0.25560484631457187,0.12124936047303332,0.06659770958211708,0.015059923485822283,0.3255147885419097,126.0,0.037803780378037805,0.31746031746031744,0.08,0.10303030303030303,0.1695169516951695,0.334,0.36363636363636365,0.6767200847158489,2.9721293848472135
16,2022-08-17,logistic_quadratic@252,logistic_quadratic,252,13356.0,3333.0,500.0,0.6614564066360749,0.22966975995837602,0.12280540129245658,0.05461899019615868,0.01636435893539905,0.27253802378913633,168.0,0.050405040504050404,0.26785714285714285,0.09,0.14545454545454545,0.18691869186918691,0.326,0.3939393939393939,0.6614564066360749,2.1944743945718113
16,2022-08-17,logistic_quadratic@756,logistic_quadratic,756,40068.0,3333.0,500.0,0.6763254500529475,0.2450526438977175,0.12170878672666936,0.06306095263965583,0.01784195519440716,0.30316509153402116,143.0,0.0429042904290429,0.26573426573426573,0.076,0.09696969696969697,0.19501950195019502,0.368,0.40606060606060607,0.6763254500529475,2.905696504373234
16,2022-08-17,logistic_quadratic@all,logistic_quadratic,all,92774.0,3333.0,500.0,0.6823070949523474,0.25230586238913305,0.1211113707535141,0.06765998256855499,0.014783365255586841,0.3043325062713382,159.0,0.04770477047704771,0.3018867924528302,0.096,0.10909090909090909,0.1644164416441644,0.318,0.3515151515151515,0.6823070949523474,2.9482116966440097
16,2022-08-17,hist_gradient_boosting@252,hist_gradient_boosting,252,13356.0,3333.0,500.0,0.6471955524179315,0.21617560944736994,0.12345147385555391,0.04964539192051809,0.009554884041685335,0.2567532028745007,151.0,0.045304530453045305,0.2119205298013245,0.064,0.12121212121212122,0.17611761176117613,0.282,0.3575757575757576,0.6471955524179315,2.5303751763588114
16,2022-08-17,hist_gradient_boosting@756,hist_gradient_boosting,756,40068.0,3333.0,500.0,0.6584355806565478,0.22271825857041888,0.12286107445086913,0.05419040687518817,0.005713227839803854,0.28517194214588454,122.0,0.03660366036603661,0.2540983606557377,0.062,0.09696969696969697,0.18931893189318932,0.294,0.38181818181818183,0.6584355806565478,3.3511506104606115
16,2022-08-17,hist_gradient_boosting@all,hist_gradient_boosting,all,92774.0,3333.0,500.0,0.668222379103424,0.23272958129341784,0.12217067993684985,0.05950520456289121,0.01193238338749877,0.2939959830078096,103.0,0.030903090309030903,0.27184466019417475,0.056,0.09696969696969697,0.16081608160816083,0.286,0.34545454545454546,0.668222379103424,3.7698314903477965
16,2022-08-17,mlp@252,mlp,252,13356.0,3333.0,500.0,0.6708160960112954,0.23415688866932644,0.12201223109402592,0.06072497605058336,0.006127791404528282,0.25609142666093926,140.0,0.04200420042004201,0.25,0.07,0.10909090909090909,0.18241824182418243,0.296,0.3939393939393939,0.6708160960112954,2.976000414083551
16,2022-08-17,mlp@756,mlp,756,40068.0,3333.0,500.0,0.6521588422167313,0.22631863827094129,0.12315119076664642,0.05195703234374616,0.015432328738112979,0.2763274993491173,133.0,0.039903990399039906,0.24812030075187969,0.066,0.11515151515151516,0.20582058205820583,0.304,0.40606060606060607,0.6521588422167313,3.0631278581617347
16,2022-08-17,mlp@all,mlp,all,92774.0,3333.0,500.0,0.6635008824567596,0.2275370084675793,0.12252765673641713,0.056757124399480774,0.012263228454692097,0.28389249859837273,118.0,0.0354035403540354,0.288135593220339,0.068,0.09696969696969697,0.17371737173717372,0.28,0.32727272727272727,0.6635008824567596,3.569082587050229
17,2022-11-16,logistic@252,logistic,252,13356.0,3339.0,168.0,0.7912405580333679,0.13293468123616242,0.051517052687575,-0.004880786375078383,0.07750405649263238,0.30784314370724,27.0,0.008086253369272238,0.14814814814814814,0.023809523809523808,0.0379746835443038,0.0862533692722372,0.25,0.2911392405063291,0.7912405580333679,3.0900601973035116
17,2022-11-16,logistic@756,logistic,756,40068.0,3339.0,168.0,0.8051857608385516,0.1413303060639855,0.05112301303984435,0.0028052680557884013,0.07683630588414568,0.3022888528472131,25.0,0.007487271638215035,0.12,0.017857142857142856,0.02531645569620253,0.09104522312069482,0.27976190476190477,0.3037974683544304,0.8051857608385516,3.174493164296389
17,2022-11-16,logistic@all,logistic,all,96113.0,3339.0,168.0,0.8053809824150411,0.13834441624695595,0.05093028562029017,0.006564568536197135,0.07572438574262538,0.3180858750473844,22.0,0.006588799041629231,0.09090909090909091,0.011904761904761904,0.012658227848101266,0.09553758610362384,0.30952380952380953,0.3037974683544304,0.8053809824150411,3.0068704421979993
17,2022-11-16,logistic_quadratic@252,logistic_quadratic,252,13356.0,3339.0,168.0,0.7825682149239387,0.1290370356450904,0.050840731000175214,0.008311402106634391,0.07234911000873516,0.3020323099231152,27.0,0.008086253369272238,0.07407407407407407,0.011904761904761904,0.02531645569620253,0.08385744234800839,0.22023809523809523,0.2911392405063291,0.7825682149239387,2.8691404997884873
17,2022-11-16,logistic_quadratic@756,logistic_quadratic,756,40068.0,3339.0,168.0,0.8043072637443497,0.14628210564502972,0.04946447062788577,0.035156447252173595,0.06734044813657111,0.3028501030693794,25.0,0.007487271638215035,0.2,0.02976190476190476,0.05063291139240506,0.07876609763402216,0.26785714285714285,0.3037974683544304,0.8043072637443497,3.0956254203223645
17,2022-11-16,logistic_quadratic@all,logistic_quadratic,all,96113.0,3339.0,168.0,0.8072656214803802,0.1410819118236746,0.05003179960619485,0.024090247613115068,0.07109822607143151,0.3088859887435482,18.0,0.005390835579514825,0.2222222222222222,0.023809523809523808,0.0379746835443038,0.0874513327343516,0.2857142857142857,0.2911392405063291,0.8072656214803802,2.9479123740851803
17,2022-11-16,hist_gradient_boosting@252,hist_gradient_boosting,252,13356.0,3339.0,168.0,0.7794878437026025,0.15010913485004437,0.05137110558247668,-0.002033972862089062,0.0754802681404535,0.25947263351609823,87.0,0.02605570530098832,0.26436781609195403,0.13690476190476192,0.20253164556962025,0.12368972746331237,0.39285714285714285,0.4050632911392405,0.7794878437026025,2.867225548470726
17,2022-11-16,hist_gradient_boosting@756,hist_gradient_boosting,756,40068.0,3339.0,168.0,0.7868612124761605,0.13547934815435306,0.05043402687307924,0.016244487206371838,0.07111267234145408,0.2535471455526924,55.0,0.016471997604073075,0.16363636363636364,0.05357142857142857,0.10126582278481013,0.08206049715483678,0.27380952380952384,0.27848101265822783,0.7868612124761605,2.987558756617046
17,2022-11-16,hist_gradient_boosting@all,hist_gradient_boosting,all,96113.0,3339.0,168.0,0.7952388460903125,0.1410467291625102,0.0504973197030834,0.015009910586234021,0.07229961697904391,0.2695174158124149,29.0,0.00868523510032944,0.1724137931034483,0.02976190476190476,0.0379746835443038,0.09763402216232404,0.32142857142857145,0.3291139240506329,0.7952388460903125,3.094333208321321
17,2022-11-16,mlp@252,mlp,252,13356.0,3339.0,168.0,0.7944373113483804,0.15881768096702634,0.05105861276920379,0.004061446179884798,0.0745632461480468,0.26784444327435813,35.0,0.010482180293501049,0.22857142857142856,0.047619047619047616,0.08860759493670886,0.1075172207247679,0.38095238095238093,0.4050632911392405,0.7944373113483804,3.292602738741335
17,2022-11-16,mlp@756,mlp,756,40068.0,3339.0,168.0,0.8054523133756815,0.14121350983996625,0.04951469261299697,0.034176827781356445,0.06760460100385256,0.263767800941224,27.0,0.008086253369272238,0.14814814814814814,0.023809523809523808,0.05063291139240506,0.08176100628930817,0.2619047619047619,0.2911392405063291,0.8054523133756815,2.907124187236784
17,2022-11-16,mlp@all,mlp,all,96113.0,3339.0,168.0,0.8006224564881141,0.15052441880834252,0.05000556852497099,0.024601905562329662,0.0701593538397431,0.25877164641997574,23.0,0.006888289907157832,0.2608695652173913,0.03571428571428571,0.06329113924050633,0.08924827792752321,0.2976190476190476,0.31645569620253167,0.8006224564881141,3.1718080080408706
18,2023-02-24,logistic@252,logistic,252,13350.0,3339.0,187.0,0.724089959010831,0.10996107866125814,0.05204630379711796,0.07981254964292217,0.01634544026085782,0.13332105958949542,126.0,0.03773584905660377,0.1746031746031746,0.11764705882352941,0.1,0.1722072476789458,0.36363636363636365,0.4142857142857143,0.724089959010831,4.944653540011828
18,2023-02-24,logistic@756,logistic,756,40062.0,3339.0,187.0,0.7310136675805532,0.11873152716389687,0.05175093763455615,0.08503467333318426,0.014024228869405679,0.13748750624455486,130.0,0.03893381251871818,0.15384615384615385,0.10695187165775401,0.11428571428571428,0.15783168613357293,0.3689839572192513,0.38571428571428573,0.7310136675805532,5.73430675318308
18,2023-02-24,logistic@all,logistic,all,99446.0,3339.0,187.0,0.7316481853470506,0.11769979902117726,0.05175792556870834,0.08491112547595625,0.017970984685036228,0.1577278691580374,122.0,0.03653788559448937,0.1557377049180328,0.10160427807486631,0.1,0.15932914046121593,0.3689839572192513,0.4142857142857143,0.7316481853470506,5.310520868893541
18,2023-02-24,logistic_quadratic@252,logistic_quadratic,252,13350.0,3339.0,187.0,0.725979939737778,0.1116367486054072,0.051858722349489975,0.08312902135049893,0.016984837389633564,0.15020761033885618,147.0,0.0440251572327044,0.10204081632653061,0.08021390374331551,0.15714285714285714,0.1569332135369871,0.40106951871657753,0.4857142857142857,0.725979939737778,4.669811693839778
18,2023-02-24,logistic_quadratic@756,logistic_quadratic,756,40062.0,3339.0,187.0,0.7340878552620864,0.11999132141840026,0.05176213524667329,0.08483669765782553,0.019785256744353896,0.15915666757784147,163.0,0.04881701108116202,0.17791411042944785,0.15508021390374332,0.2,0.15992812219227315,0.37433155080213903,0.42857142857142855,0.7340878552620864,5.207242192653449
18,2023-02-24,logistic_quadratic@all,logistic_quadratic,all,99446.0,3339.0,187.0,0.7359116696978745,0.12340846057474525,0.05156622541941887,0.08830041652523768,0.02046226518803902,0.16838656627040766,144.0,0.0431266846361186,0.1736111111111111,0.13368983957219252,0.15714285714285714,0.15753219526804432,0.37967914438502676,0.42857142857142855,0.7359116696978745,5.193584211655979
18,2023-02-24,hist_gradient_boosting@252,hist_gradient_boosting,252,13350.0,3339.0,187.0,0.7057067577838703,0.11730695640359824,0.05171831851141584,0.08561138494506682,0.020276767738967885,0.14315251818270788,103.0,0.030847559149445942,0.1553398058252427,0.0855614973262032,0.15714285714285714,0.1500449236298293,0.3048128342245989,0.4,0.7057067577838703,4.669050207769332
18,2023-02-24,hist_gradient_boosting@756,hist_gradient_boosting,756,40062.0,3339.0,187.0,0.7139648198919623,0.11330821394925014,0.05161058959121303,0.08751605046747479,0.013501150947672043,0.13913964389869446,169.0,0.050613956274333634,0.1301775147928994,0.11764705882352941,0.21428571428571427,0.1569332135369871,0.35294117647058826,0.44285714285714284,0.7139648198919623,5.292083043312263
18,2023-02-24,hist_gradient_boosting@all,hist_gradient_boosting,all,99446.0,3339.0,187.0,0.7283627745052798,0.11651264784021681,0.05144838000951465,0.09038394329591404,0.01525011806536138,0.1480520946243362,145.0,0.0434261755016472,0.1310344827586207,0.10160427807486631,0.18571428571428572,0.1539383048817011,0.36363636363636365,0.4,0.7283627745052798,5.4782059074369
18,2023-02-24,mlp@252,mlp,252,13350.0,3339.0,187.0,0.7253929259751892,0.11362863590516604,0.05145526743501434,0.09026217244865475,0.01672204190441752,0.13041788237123544,168.0,0.050314465408805034,0.11904761904761904,0.10695187165775401,0.17142857142857143,0.15813117699910154,0.3422459893048128,0.42857142857142855,0.7253929259751892,5.404396059572027
18,2023-02-24,mlp@756,mlp,756,40062.0,3339.0,187.0,0.7268163495208881,0.12097001528139435,0.051475473061503615,0.08990493355625406,0.01543950217907396,0.14523027551509393,177.0,0.053009883198562445,0.1638418079096045,0.15508021390374332,0.24285714285714285,0.16501946690625935,0.37433155080213903,0.42857142857142855,0.7268163495208881,5.82191817947282
18,2023-02-24,mlp@all,mlp,all,99446.0,3339.0,187.0,0.7317347104970277,0.11465577565169369,0.05151663639721758,0.08917715882153932,0.016186107836923477,0.14524173684380962,168.0,0.050314465408805034,0.125,0.11229946524064172,0.15714285714285714,0.1512428870919437,0.3582887700534759,0.4142857142857143,0.7317347104970277,5.7746485132115275
19,2023-06-01,logistic@252,logistic,252,13350.0,3339.0,336.0,0.7773208933923219,0.2752249989310632,0.0829152651326205,0.08725581276385697,0.019852518363657142,0.12411820798884382,573.0,0.17160826594788858,0.268760907504363,0.4583333333333333,0.48360655737704916,0.30727762803234504,0.6696428571428571,0.6557377049180327,0.7773208933923219,3.5554581722090366
19,2023-06-01,logistic@756,logistic,756,40062.0,3339.0,336.0,0.7809977720692007,0.28235051581444753,0.08149046466997444,0.10294023876396063,0.011993941012381413,0.13165555746852411,608.0,0.18209044624138965,0.2631578947368421,0.47619047619047616,0.5,0.3165618448637317,0.7083333333333334,0.7295081967213115,0.7809977720692007,4.402837226416504
19,2023-06-01,logistic@all,logistic,all,102785.0,3339.0,336.0,0.7807400932400933,0.28674716044026144,0.0811841456121702,0.10631224678930151,0.01867606191196534,0.1418658423036703,640.0,0.1916741539383049,0.26875,0.5119047619047619,0.5409836065573771,0.31626235399820307,0.7053571428571429,0.7131147540983607,0.7807400932400933,3.9300831161911898
19,2023-06-01,logistic_quadratic@252,logistic_quadratic,252,13350.0,3339.0,336.0,0.7039418914418915,0.25525482920363984,0.08566128400832951,0.057027208141593566,0.027642715242133443,0.14498867602812923,398.0,0.11919736448038334,0.2613065326633166,0.30952380952380953,0.4098360655737705,0.26564839772386944,0.5327380952380952,0.6147540983606558,0.7039418914418915,3.1233417203093103
19,2023-06-01,logistic_quadratic@756,logistic_quadratic,756,40062.0,3339.0,336.0,0.7649235684949971,0.2872506704701846,0.08245549325617667,0.09231705338110074,0.015903786354606857,0.14599922225949413,554.0,0.16591793950284517,0.26353790613718414,0.43452380952380953,0.48360655737704916,0.3165618448637317,0.6845238095238095,0.7213114754098361,0.7649235684949971,3.6708949611464368
19,2023-06-01,logistic_quadratic@all,logistic_quadratic,all,102785.0,3339.0,336.0,0.7732773179201751,0.288898769133304,0.08244786904422233,0.09240098189694701,0.016727786881315078,0.1545379904541692,596.0,0.17849655585504642,0.25671140939597314,0.45535714285714285,0.5,0.3246480982330039,0.7232142857142857,0.7213114754098361,0.7732773179201751,3.480805871381154
19,2023-06-01,hist_gradient_boosting@252,hist_gradient_boosting,252,13350.0,3339.0,336.0,0.7710488915846059,0.28703808791405755,0.08502956556701775,0.06398126339734078,0.030512227681626387,0.12651255661429442,474.0,0.14195867026055706,0.2890295358649789,0.40773809523809523,0.5163934426229508,0.296795447738844,0.6934523809523809,0.7213114754098361,0.7710488915846059,2.837126820892844
19,2023-06-01,hist_gradient_boosting@756,hist_gradient_boosting,756,40062.0,3339.0,336.0,0.7717401645973074,0.2585507342858181,0.08465476169022973,0.06810716300514719,0.027956510903593374,0.13259803481597537,446.0,0.1335729260257562,0.27802690582959644,0.36904761904761907,0.4426229508196721,0.3030847559149446,0.6785714285714286,0.6885245901639344,0.7717401645973074,3.2138724561757197
19,2023-06-01,hist_gradient_boosting@all,hist_gradient_boosting,all,102785.0,3339.0,336.0,0.7824422601208315,0.28115599108281186,0.08330182229990545,0.08300053109878036,0.029796994429258327,0.14183439682155374,550.0,0.16471997604073077,0.28,0.4583333333333333,0.5327868852459017,0.31326744534291706,0.7232142857142857,0.7213114754098361,0.7824422601208315,3.3581194225764923
19,2023-06-01,mlp@252,mlp,252,13350.0,3339.0,336.0,0.7725310403881832,0.3162113420866507,0.08339287639583004,0.08199819339116665,0.02473229673000133,0.13088832009199874,526.0,0.15753219526804432,0.2984790874524715,0.46726190476190477,0.5,0.3168613357292603,0.6875,0.6885245901639344,0.7725310403881832,3.1660418214880868
19,2023-06-01,mlp@756,mlp,756,40062.0,3339.0,336.0,0.7695469213326356,0.2746412055009985,0.08364448884343342,0.07922840427430233,0.023529746545563543,0.1402801816175251,509.0,0.1524408505540581,0.27897838899803534,0.4226190476190476,0.47540983606557374,0.3225516621743037,0.6726190476190477,0.6967213114754098,0.7695469213326356,3.3663790938545852
19,2023-06-01,mlp@all,mlp,all,102785.0,3339.0,336.0,0.781175174032317,0.30183699704243777,0.08282101826078814,0.08829329704727062,0.022702454393687614,0.14232266293322118,553.0,0.16561844863731656,0.2875226039783002,0.4732142857142857,0.5245901639344263,0.31775980832584605,0.6934523809523809,0.7131147540983607,0.781175174032317,3.5217961289865847
20,2023-09-01,logistic@252,logistic,252,13350.0,3339.0,285.0,0.8413688116821195,0.31576764049661443,0.0673796348596001,0.14041941793096568,0.029749975921964593,0.3223295488876266,71.0,0.021263851452530697,0.36619718309859156,0.0912280701754386,0.07526881720430108,0.14734950584007186,0.5543859649122806,0.46236559139784944,0.8413688116821195,4.015635357075961
20,2023-09-01,logistic@756,logistic,756,40062.0,3339.0,285.0,0.8513666287526281,0.33722233206918734,0.06661069258198603,0.1502290266049553,0.03247430832370659,0.3218076582147258,60.0,0.017969451931716084,0.38333333333333336,0.08070175438596491,0.06451612903225806,0.13896376160527105,0.5789473684210527,0.4946236559139785,0.8513666287526281,4.063884241350373
20,2023-09-01,logistic@all,logistic,all,106124.0,3339.0,285.0,0.8555187904272799,0.3407250792629933,0.06619804341158235,0.15549330586121723,0.03331812195779548,0.31571616458396606,69.0,0.020664869721473494,0.34782608695652173,0.08421052631578947,0.06451612903225806,0.14106019766397124,0.5929824561403508,0.5053763440860215,0.8555187904272799,3.9843727131900604
20,2023-09-01,logistic_quadratic@252,logistic_quadratic,252,13350.0,3339.0,285.0,0.8138891761164535,0.24823961990184154,0.07043425944058918,0.10145072982809644,0.03406146703188482,0.25992684590757215,63.0,0.018867924528301886,0.2857142857142857,0.06315789473684211,0.13978494623655913,0.1755016471997604,0.5368421052631579,0.5591397849462365,0.8138891761164535,3.1122065668553667
20,2023-09-01,logistic_quadratic@756,logistic_quadratic,756,40062.0,3339.0,285.0,0.849185997081768,0.32281311010600783,0.06695935980399535,0.14578098270760154,0.031116526422434548,0.3131125229328285,44.0,0.013177598083258461,0.3181818181818182,0.04912280701754386,0.0967741935483871,0.14734950584007186,0.5754385964912281,0.4946236559139785,0.849185997081768,3.6205440429585325
20,2023-09-01,logistic_quadratic@all,logistic_quadratic,all,106124.0,3339.0,285.0,0.8547053619641769,0.32683100115810093,0.06644395958741191,0.15235608539393175,0.037353651315735356,0.29845577207637297,33.0,0.009883198562443846,0.3333333333333333,0.03859649122807018,0.07526881720430108,0.1503444144953579,0.6105263157894737,0.4946236559139785,0.8547053619641769,3.708883317737477
20,2023-09-01,hist_gradient_boosting@252,hist_gradient_boosting,252,13350.0,3339.0,285.0,0.8348240443938925,0.2734235018437336,0.06826270894373092,0.1291537983290052,0.023511140583209796,0.2529266675446369,176.0,0.052710392333033845,0.3125,0.19298245614035087,0.24731182795698925,0.15843066786463014,0.5614035087719298,0.4946236559139785,0.8348240443938925,4.087403349635717
20,2023-09-01,hist_gradient_boosting@756,hist_gradient_boosting,756,40062.0,3339.0,285.0,0.8454537621066418,0.2950845380675961,0.06765363749770953,0.13692389071943756,0.027473131901564557,0.27112482678026706,37.0,0.011081162024558252,0.40540540540540543,0.05263157894736842,0.11827956989247312,0.14076070679844266,0.5508771929824562,0.5268817204301075,0.8454537621066418,4.1782993901520475
20,2023-09-01,hist_gradient_boosting@all,hist_gradient_boosting,all,106124.0,3339.0,285.0,0.8503176736865082,0.2985887987829249,0.06755165216103076,0.13822494578225453,0.030823710577201756,0.27177549364106585,35.0,0.010482180293501049,0.34285714285714286,0.042105263157894736,0.06451612903225806,0.1302785265049416,0.5578947368421052,0.5053763440860215,0.8503176736865082,4.348162671361507
20,2023-09-01,mlp@252,mlp,252,13350.0,3339.0,285.0,0.8490883397097853,0.3149140949529581,0.06770311878440027,0.13629264430048948,0.02913383009871655,0.2874341087781276,14.0,0.0041928721174004195,0.2857142857142857,0.014035087719298246,0.03225806451612903,0.14405510631925728,0.6035087719298246,0.5376344086021505,0.8490883397097853,3.88525491363575
20,2023-09-01,mlp@756,mlp,756,40062.0,3339.0,285.0,0.851992784843576,0.32098260489467445,0.06772025258418454,0.13607406369193753,0.028393929948003285,0.2656609433604451,29.0,0.00868523510032944,0.3448275862068966,0.03508771929824561,0.07526881720430108,0.13716681641209943,0.5649122807017544,0.5483870967741935,0.851992784843576,4.134827707202649
20,2023-09-01,mlp@all,mlp,all,106124.0,3339.0,285.0,0.8510208067647835,0.3059415310231532,0.06779230184105974,0.13515491145415137,0.02935174422146042,0.2656428998881171,27.0,0.008086253369272238,0.2962962962962963,0.028070175438596492,0.021505376344086023,0.1290805630428272,0.5578947368421052,0.4946236559139785,0.8510208067647835,4.061811043892273
21,2023-12-04,logistic@252,logistic,252,13350.0,3339.0,230.0,0.7653642300753773,0.18905129808731863,0.060708230423809184,0.07397107902995737,0.009496423034377196,0.3740459746124513,55.0,0.016471997604073075,0.32727272727272727,0.0782608695652174,0.07058823529411765,0.18957771787960467,0.4956521739130435,0.4823529411764706,0.7653642300753773,5.228827148667133
21,2023-12-04,logistic@756,logistic,756,40062.0,3339.0,230.0,0.7669612765183829,0.18298358951755495,0.06089417025940824,0.07113479696205482,0.010555667448327085,0.3826795739324255,54.0,0.016172506738544475,0.25925925925925924,0.06086956521739131,0.058823529411764705,0.1934710991314765,0.5173913043478261,0.47058823529411764,0.7669612765183829,5.774042902113321
21,2023-12-04,logistic@all,logistic,all,109463.0,3339.0,230.0,0.7724586404128267,0.18336926170133452,0.06063603321858043,0.07507235804251133,0.00944680838881414,0.39322760111147653,36.0,0.01078167115902965,0.19444444444444445,0.030434782608695653,0.047058823529411764,0.20485175202156333,0.5478260869565217,0.5294117647058824,0.7724586404128267,5.7260685384766745
21,2023-12-04,logistic_quadratic@252,logistic_quadratic,252,13350.0,3339.0,230.0,0.7491028850322347,0.17383882132163095,0.06195997637414694,0.054877243752141536,0.014705001777816314,0.303160697748,101.0,0.03024857741838874,0.21782178217821782,0.09565217391304348,0.1411764705882353,0.20125786163522014,0.48695652173913045,0.5176470588235295,0.7491028850322347,4.710685476070849
21,2023-12-04,logistic_quadratic@756,logistic_quadratic,756,40062.0,3339.0,230.0,0.7709818619156167,0.19181186009963094,0.06065545764735972,0.07477606242168089,0.011373286433481039,0.3646784491999731,58.0,0.01737047020065888,0.29310344827586204,0.07391304347826087,0.11764705882352941,0.1985624438454627,0.5304347826086957,0.4823529411764706,0.7709818619156167,5.439484517534233
21,2023-12-04,logistic_quadratic@all,logistic_quadratic,all,109463.0,3339.0,230.0,0.7742067210203197,0.1831852472283877,0.060783764502757374,0.07281890013861825,0.014176011936187987,0.3701336152249281,61.0,0.018268942797244683,0.2459016393442623,0.06521739130434782,0.10588235294117647,0.20515124288709194,0.5521739130434783,0.5294117647058824,0.7742067210203197,5.696691271216871
21,2023-12-04,hist_gradient_boosting@252,hist_gradient_boosting,252,13350.0,3339.0,230.0,0.7650859356426644,0.1975879421507884,0.06040126544010611,0.07865344994819556,0.019979497795699075,0.3146544794604047,79.0,0.02365977837675951,0.27848101265822783,0.09565217391304348,0.1411764705882353,0.1934710991314765,0.5304347826086957,0.5764705882352941,0.7650859356426644,5.29432665172382
21,2023-12-04,hist_gradient_boosting@756,hist_gradient_boosting,756,40062.0,3339.0,230.0,0.7666885759436138,0.20169589615541444,0.0606759139029449,0.07446402755994319,0.01904672056875676,0.3006704710730482,113.0,0.033842467804731956,0.23893805309734514,0.11739130434782609,0.2235294117647059,0.1967654986522911,0.5826086956521739,0.5647058823529412,0.7666885759436138,5.823951731860917
21,2023-12-04,hist_gradient_boosting@all,hist_gradient_boosting,all,109463.0,3339.0,230.0,0.7760352133357574,0.21400751222464515,0.060653937419064816,0.07479925162284407,0.01957407098251765,0.306699172335057,83.0,0.024857741838873914,0.3493975903614458,0.12608695652173912,0.2,0.20185684336627732,0.5565217391304348,0.5294117647058824,0.7760352133357574,6.0903177832435516
21,2023-12-04,mlp@252,mlp,252,13350.0,3339.0,230.0,0.7760806634315521,0.24823105523740582,0.05988942864853651,0.0864608867405563,0.0239350136103815,0.30421010996289694,88.0,0.026355196166516923,0.3409090909090909,0.13043478260869565,0.15294117647058825,0.21114106019766396,0.5521739130434783,0.5411764705882353,0.7760806634315521,5.898857358070824
21,2023-12-04,mlp@756,mlp,756,40062.0,3339.0,230.0,0.7839903785643364,0.23348565737520924,0.06021576151122444,0.08148308279861416,0.02441884883818071,0.301090139783081,125.0,0.03743635819107517,0.312,0.16956521739130434,0.21176470588235294,0.20395327942497754,0.5826086956521739,0.5411764705882353,0.7839903785643364,5.968588033657188
21,2023-12-04,mlp@all,mlp,all,109463.0,3339.0,230.0,0.7870278434279161,0.2279386098770646,0.06004471717536027,0.0840921524531335,0.020961323739134608,0.3008865370973701,107.0,0.03204552261156035,0.308411214953271,0.14347826086956522,0.2,0.20844564240790656,0.5652173913043478,0.5529411764705883,0.7870278434279161,6.222918452570305
22,2024-03-13,logistic@252,logistic,252,13356.0,3339.0,328.0,0.7570706191120364,0.24132663547249097,0.0822601989916757,0.07193509706621126,0.018909078744357,0.17672066015985605,406.0,0.12159329140461216,0.25862068965517243,0.3201219512195122,0.29310344827586204,0.3105720275531596,0.6615853658536586,0.5689655172413793,0.7570706191120364,3.7608003749401293
22,2024-03-13,logistic@756,logistic,756,40062.0,3339.0,328.0,0.7441758268462791,0.2185180831483104,0.0836074109788488,0.05673576400559521,0.019665148439741716,0.15705771533897353,401.0,0.12009583707696915,0.23192019950124687,0.28353658536585363,0.3103448275862069,0.3225516621743037,0.649390243902439,0.5517241379310345,0.7441758268462791,4.034229584919605
22,2024-03-13,logistic@all,logistic,all,112802.0,3339.0,328.0,0.7469481818697298,0.22045779369179952,0.08319109801941309,0.06143263382872666,0.019837396124817254,0.1551969672836063,460.0,0.13776579814315662,0.25217391304347825,0.35365853658536583,0.3448275862068966,0.31716082659478884,0.6463414634146342,0.5517241379310345,0.7469481818697298,4.022827807029862
22,2024-03-13,logistic_quadratic@252,logistic_quadratic,252,13356.0,3339.0,328.0,0.7477804959052581,0.2206909689284369,0.08333374136380664,0.05982332236107324,0.021450426733251274,0.16563740397196264,366.0,0.1096136567834681,0.24043715846994534,0.2682926829268293,0.3103448275862069,0.2893081761006289,0.6128048780487805,0.5517241379310345,0.7477804959052581,3.2056641733744535
22,2024-03-13,logistic_quadratic@756,logistic_quadratic,756,40062.0,3339.0,328.0,0.7384488582514519,0.20460405921916477,0.08375897112708316,0.05502585257839343,0.020067291936359217,0.16120014706126157,392.0,0.11740041928721175,0.2372448979591837,0.28353658536585363,0.3448275862068966,0.31805929919137466,0.625,0.5258620689655172,0.7384488582514519,3.609993942701602
22,2024-03-13,logistic_quadratic@all,logistic_quadratic,all,112802.0,3339.0,328.0,0.7463538164939936,0.23047954316849342,0.0830998636339166,0.062461946086147635,0.020381076723548955,0.15967701258555728,414.0,0.12398921832884097,0.24879227053140096,0.31402439024390244,0.31896551724137934,0.3075771188978736,0.6432926829268293,0.5344827586206896,0.7463538164939936,3.6761140085599617
22,2024-03-13,hist_gradient_boosting@252,hist_gradient_boosting,252,13356.0,3339.0,328.0,0.7532867291475971,0.23082271510875915,0.08304010071076444,0.06313619526319936,0.019913045400372288,0.1625878781448857,356.0,0.10661874812818209,0.2696629213483146,0.2926829268292683,0.33620689655172414,0.3078766097634022,0.6402439024390244,0.6120689655172413,0.7532867291475971,3.1037233633041494
22,2024-03-13,hist_gradient_boosting@756,hist_gradient_boosting,756,40062.0,3339.0,328.0,0.7456647779280847,0.24245535265281318,0.08339740301743763,0.05910508745376852,0.019877914876833,0.15261409019051908,362.0,0.1084156933213537,0.281767955801105,0.31097560975609756,0.3706896551724138,0.32943995208146154,0.649390243902439,0.5517241379310345,0.7456647779280847,3.492262099040948
22,2024-03-13,hist_gradient_boosting@all,hist_gradient_boosting,all,112802.0,3339.0,328.0,0.7529110740293721,0.24383391388125528,0.08317722033956353,0.06158920271331969,0.019730491434068968,0.14924905447609754,388.0,0.11620245582509733,0.2757731958762887,0.32621951219512196,0.35344827586206895,0.31446540880503143,0.6463414634146342,0.5603448275862069,0.7529110740293721,3.7624473736600867
22,2024-03-13,mlp@252,mlp,252,13356.0,3339.0,328.0,0.7577328251695005,0.24650320682427598,0.08252511610614012,0.06894628499020605,0.018632302553576428,0.1610508540881208,371.0,0.1111111111111111,0.2776280323450135,0.31402439024390244,0.3103448275862069,0.29799341120095835,0.6341463414634146,0.5689655172413793,0.7577328251695005,3.519970187431765
22,2024-03-13,mlp@756,mlp,756,40062.0,3339.0,328.0,0.7552956233647358,0.241052166538194,0.08307712491348537,0.06271848580558081,0.020053807822057342,0.15144437524204418,340.0,0.10182689427972447,0.28823529411764703,0.29878048780487804,0.35344827586206895,0.3141659179395028,0.6524390243902439,0.5517241379310345,0.7552956233647358,3.7727978181529873
22,2024-03-13,mlp@all,mlp,all,112802.0,3339.0,328.0,0.7614519120946773,0.24739356083237452,0.08251846575631042,0.06902131466852968,0.020795813141142212,0.15345198482145747,382.0,0.11440551063192572,0.2905759162303665,0.3384146341463415,0.35344827586206895,0.30727762803234504,0.6737804878048781,0.6120689655172413,0.7614519120946773,3.9447050730977327
23,2024-06-14,logistic@252,logistic,252,13356.0,3339.0,654.0,0.6476921850352223,0.25325722164557585,0.16201247406251448,0.02063178499096241,0.09714561670601303,0.31547520061510886,144.0,0.0431266846361186,0.1875,0.04128440366972477,0.06626506024096386,0.21203953279424978,0.2874617737003058,0.3795180722891566,0.6476921850352223,4.073418521834342
23,2024-06-14,logistic@756,logistic,756,40062.0,3339.0,654.0,0.6394842795232318,0.24838243678594107,0.1627872842794041,0.015948043794632438,0.09533012113595249,0.292282614165902,252.0,0.07547169811320754,0.21428571428571427,0.08256880733944955,0.12650602409638553,0.22761305780173705,0.31345565749235477,0.3253012048192771,0.6394842795232318,4.234760281871578
23,2024-06-14,logistic@all,logistic,all,116141.0,3339.0,654.0,0.6584878046002539,0.26360613742196976,0.15973051879166825,0.03442624417240048,0.08904411315761862,0.29133988479226763,232.0,0.06948188080263552,0.23275862068965517,0.08256880733944955,0.12650602409638553,0.22641509433962265,0.327217125382263,0.35542168674698793,0.6584878046002539,4.193008762117429
23,2024-06-14,logistic_quadratic@252,logistic_quadratic,252,13356.0,3339.0,654.0,0.6407422593522742,0.25667214314009035,0.16164649733060607,0.022844120681396296,0.0963841660922255,0.2926468827267045,126.0,0.03773584905660377,0.18253968253968253,0.035168195718654434,0.08433734939759036,0.18179095537586104,0.26146788990825687,0.35542168674698793,0.6407422593522742,3.8578087331508173
23,2024-06-14,logistic_quadratic@756,logistic_quadratic,756,40062.0,3339.0,654.0,0.6440053758848285,0.2652054978261464,0.1593287491445947,0.03685494865565786,0.0838893937178,0.28958259952130483,151.0,0.045223120694818805,0.26490066225165565,0.06116207951070336,0.12048192771084337,0.21084156933213538,0.2996941896024465,0.35542168674698793,0.6440053758848285,4.04897496263588
23,2024-06-14,logistic_quadratic@all,logistic_quadratic,all,116141.0,3339.0,654.0,0.6648141504222689,0.28138503345353466,0.1569928550399139,0.05097546902292671,0.07758474212304331,0.29361051943013555,141.0,0.042228212039532795,0.28368794326241137,0.06116207951070336,0.1144578313253012,0.20634920634920634,0.31345565749235477,0.3493975903614458,0.6648141504222689,4.22928548486008
23,2024-06-14,hist_gradient_boosting@252,hist_gradient_boosting,252,13356.0,3339.0,654.0,0.6268967932619206,0.24121130902189242,0.16240957026774966,0.018231331544655727,0.09588179108622312,0.28520309015194073,188.0,0.05630428271937706,0.1702127659574468,0.04892966360856269,0.12650602409638553,0.20515124288709194,0.26146788990825687,0.39156626506024095,0.6268967932619206,3.970742619641074
23,2024-06-14,hist_gradient_boosting@756,hist_gradient_boosting,756,40062.0,3339.0,654.0,0.6455583460042483,0.25950593325570764,0.157127489509976,0.05016160131683567,0.0761018125153846,0.25011129517371394,220.0,0.0658879904162923,0.2318181818181818,0.0779816513761468,0.13855421686746988,0.2195268044324648,0.3073394495412844,0.37349397590361444,0.6455583460042483,4.271610946341408
23,2024-06-14,hist_gradient_boosting@all,hist_gradient_boosting,all,116141.0,3339.0,654.0,0.6545048662008326,0.2681441201562256,0.1558547005064969,0.057855632913065946,0.07346360417853734,0.2580007958550613,225.0,0.0673854447439353,0.28444444444444444,0.09785932721712538,0.1566265060240964,0.2401916741539383,0.3425076452599388,0.42771084337349397,0.6545048662008326,4.702628898757611
23,2024-06-14,mlp@252,mlp,252,13356.0,3339.0,654.0,0.6380241345337957,0.2460051893520806,0.16136229173643668,0.02456214842628368,0.0902347422604871,0.29480728355224367,126.0,0.03773584905660377,0.1746031746031746,0.03363914373088685,0.06626506024096386,0.1916741539383049,0.24311926605504589,0.3373493975903614,0.6380241345337957,4.322939840759574
23,2024-06-14,mlp@756,mlp,756,40062.0,3339.0,654.0,0.6466551631843007,0.255206541134382,0.1569932097004967,0.05097332509355379,0.07768912355269474,0.25352683871841886,222.0,0.0664869721473495,0.23423423423423423,0.07951070336391437,0.13253012048192772,0.2407906558849955,0.3287461773700306,0.42771084337349397,0.6466551631843007,4.448585910163598
23,2024-06-14,mlp@all,mlp,all,116141.0,3339.0,654.0,0.6665749804953331,0.27953749242880066,0.15500961955002385,0.06296416194867471,0.07498057218258053,0.26074780338401043,213.0,0.0637915543575921,0.323943661971831,0.10550458715596331,0.1746987951807229,0.22941000299490866,0.3486238532110092,0.42168674698795183,0.6665749804953331,4.66945479524547
24,2024-09-13,logistic@252,logistic,252,13356.0,3339.0,361.0,0.7115820727811895,0.2049952439846966,0.09587764171105663,0.005698509863209744,0.06320377966336659,0.3438743161890477,49.0,0.014675052410901468,0.20408163265306123,0.027700831024930747,0.03361344537815126,0.0859538784067086,0.20498614958448755,0.24369747899159663,0.7115820727811895,2.3134189143780004
24,2024-09-13,logistic@756,logistic,756,40062.0,3339.0,361.0,0.7024923306463466,0.1758279373861674,0.09720476035233214,-0.008064407320185873,0.06477772560151496,0.3449075874083206,13.0,0.003893381251871818,0.23076923076923078,0.008310249307479225,0.008403361344537815,0.08056304282719377,0.1329639889196676,0.18487394957983194,0.7024923306463466,2.301557804467932
24,2024-09-13,logistic@all,logistic,all,119480.0,3339.0,361.0,0.7219954644307564,0.1892811036723392,0.09570506352568618,0.007488236266744663,0.061346725172738974,0.3646949280928649,14.0,0.0041928721174004195,0.21428571428571427,0.008310249307479225,0.008403361344537815,0.07547169811320754,0.12742382271468145,0.15966386554621848,0.7219954644307564,2.6121100086534055
24,2024-09-13,logistic_quadratic@252,logistic_quadratic,252,13356.0,3339.0,361.0,0.6988339233790177,0.20035961632835997,0.09740826996021562,-0.010174908817349504,0.07423934643816475,0.3334580047863941,103.0,0.030847559149445942,0.24271844660194175,0.06925207756232687,0.08403361344537816,0.1305780173704702,0.296398891966759,0.3445378151260504,0.6988339233790177,2.164171114834539
24,2024-09-13,logistic_quadratic@756,logistic_quadratic,756,40062.0,3339.0,361.0,0.7010858949005541,0.17950897348809833,0.09765500615374444,-0.012733692706045074,0.07219805907481555,0.3450648926246929,43.0,0.01287810721772986,0.13953488372093023,0.01662049861495845,0.01680672268907563,0.11829889188379754,0.16897506925207756,0.24369747899159663,0.7010858949005541,2.556201014964754
24,2024-09-13,logistic_quadratic@all,logistic_quadratic,all,119480.0,3339.0,361.0,0.7268407844041903,0.19520357438687075,0.09567045240000602,0.007847171814437948,0.06761738968312181,0.3632017185382394,45.0,0.013477088948787063,0.1111111111111111,0.013850415512465374,0.025210084033613446,0.12488769092542677,0.22714681440443213,0.2689075630252101,0.7268407844041903,3.0122783278402014
24,2024-09-13,hist_gradient_boosting@252,hist_gradient_boosting,252,13356.0,3339.0,361.0,0.689289322064484,0.20231543141298944,0.09655205044267694,-0.0012954628174304261,0.06668251130897221,0.31543876030843543,52.0,0.015573525007487272,0.23076923076923078,0.0332409972299169,0.07563025210084033,0.09763402216232404,0.2299168975069252,0.3025210084033613,0.689289322064484,2.000039982450589
24,2024-09-13,hist_gradient_boosting@756,hist_gradient_boosting,756,40062.0,3339.0,361.0,0.7146177229507615,0.19184137064655013,0.09582312136391928,0.0062639144917967515,0.06727750348688576,0.3229338085000855,45.0,0.013477088948787063,0.2,0.024930747922437674,0.05042016806722689,0.09463911350703803,0.1634349030470914,0.226890756302521,0.7146177229507615,2.8463734187270746
24,2024-09-13,hist_gradient_boosting@all,hist_gradient_boosting,all,119480.0,3339.0,361.0,0.7204541522410884,0.19895980797268165,0.09549600519318449,0.00965628095184845,0.0658619222185563,0.3359862325874694,42.0,0.012578616352201259,0.2857142857142857,0.0332409972299169,0.058823529411764705,0.09523809523809523,0.1772853185595568,0.25210084033613445,0.7204541522410884,3.2590206573413463
24,2024-09-13,mlp@252,mlp,252,13356.0,3339.0,361.0,0.7144861021451866,0.21350279997773686,0.09523814518070323,0.012330424684226515,0.06423030039639346,0.3320944719191037,54.0,0.016172506738544475,0.3148148148148148,0.04709141274238227,0.07563025210084033,0.09943096735549566,0.24376731301939059,0.31092436974789917,0.7144861021451866,2.524039467799673
24,2024-09-13,mlp@756,mlp,756,40062.0,3339.0,361.0,0.7080362175808188,0.19100166919015155,0.09618115381641035,0.002550929955714487,0.06847251505814458,0.3277732893547954,33.0,0.009883198562443846,0.30303030303030304,0.027700831024930747,0.03361344537815126,0.09493860437256664,0.16897506925207756,0.24369747899159663,0.7080362175808188,3.2444054557217337
24,2024-09-13,mlp@all,mlp,all,119480.0,3339.0,361.0,0.7247218289617863,0.2116875977400882,0.09548927375718763,0.009726089477830047,0.06765367139924926,0.3381610976678193,39.0,0.011680143755615454,0.20512820512820512,0.0221606648199446,0.03361344537815126,0.1078167115902965,0.22714681440443213,0.29411764705882354,0.7247218289617863,3.366515384606443
25,2024-12-18,logistic@252,logistic,252,13356.0,3339.0,492.0,0.7329695214760369,0.27205164169107593,0.1197384851388822,0.057541714415127565,0.04989601560273556,0.25089875555726876,270.0,0.08086253369272237,0.28888888888888886,0.15853658536585366,0.18857142857142858,0.23390236597783767,0.43089430894308944,0.42857142857142855,0.7329695214760369,4.119901753821238
25,2024-12-18,logistic@756,logistic,756,40062.0,3339.0,492.0,0.7336655900805585,0.27076891177643575,0.11974354603538107,0.05750188023957148,0.04566185527437452,0.22323255751813512,268.0,0.08026355196166517,0.29850746268656714,0.16260162601626016,0.1657142857142857,0.22701407607067983,0.44308943089430897,0.42857142857142855,0.7336655900805585,4.04482791340452
25,2024-12-18,logistic@all,logistic,all,122819.0,3339.0,492.0,0.7343802205145339,0.2692645801012098,0.11967167318237489,0.058067589466189284,0.044842769951187765,0.22633748785345637,274.0,0.08206049715483678,0.2956204379562044,0.16463414634146342,0.17714285714285713,0.22970949386043726,0.45528455284552843,0.4342857142857143,0.7343802205145339,4.204642968833518
25,2024-12-18,logistic_quadratic@252,logistic_quadratic,252,13356.0,3339.0,492.0,0.7306143108849423,0.27366268611369116,0.11917628812138953,0.06196675150034303,0.048479088038578554,0.24422387832322875,238.0,0.07127882599580712,0.29831932773109243,0.1443089430894309,0.17714285714285713,0.22461814914645103,0.4410569105691057,0.49714285714285716,0.7306143108849423,3.4741320803091673
25,2024-12-18,logistic_quadratic@756,logistic_quadratic,756,40062.0,3339.0,492.0,0.7417656868876381,0.2964847344710687,0.11811088691582,0.07035249475153316,0.046144571894323715,0.22124336110383402,262.0,0.07846660676849355,0.33587786259541985,0.17886178861788618,0.19428571428571428,0.22132374962563642,0.45528455284552843,0.44571428571428573,0.7417656868876381,3.674490826529676
25,2024-12-18,logistic_quadratic@all,logistic_quadratic,all,122819.0,3339.0,492.0,0.7399509111002596,0.27470578207472796,0.11872564342431671,0.06551376337475034,0.04740069908370758,0.22881648475741037,296.0,0.08864929619646601,0.2939189189189189,0.17682926829268292,0.18285714285714286,0.21263851452530697,0.42886178861788615,0.4057142857142857,0.7399509111002596,4.080451172066331
25,2024-12-18,hist_gradient_boosting@252,hist_gradient_boosting,252,13356.0,3339.0,492.0,0.7214183522235644,0.2852646394612493,0.1190259861677737,0.06314977399608057,0.047157785954269414,0.23005173392320513,271.0,0.08116202455825097,0.2988929889298893,0.16463414634146342,0.21714285714285714,0.22521713087750825,0.4491869918699187,0.5028571428571429,0.7214183522235644,3.503549826257617
25,2024-12-18,hist_gradient_boosting@756,hist_gradient_boosting,756,40062.0,3339.0,492.0,0.7303323138605463,0.2782602407534682,0.11870760907891206,0.0656557112057422,0.04856986779109692,0.2179516870791431,260.0,0.07786762503743636,0.28846153846153844,0.1524390243902439,0.2,0.21892782270140762,0.43089430894308944,0.44,0.7303323138605463,4.273515768300369
25,2024-12-18,hist_gradient_boosting@all,hist_gradient_boosting,all,122819.0,3339.0,492.0,0.7213333961579869,0.26030312999609695,0.11983044860647234,0.056817872520010027,0.04927688299788626,0.21154762491707912,233.0,0.06978137166816412,0.2532188841201717,0.11991869918699187,0.15428571428571428,0.21054207846660677,0.40853658536585363,0.42857142857142855,0.7213333961579869,4.230347935375397
25,2024-12-18,mlp@252,mlp,252,13356.0,3339.0,492.0,0.7286831667052183,0.2642460997774983,0.11919563995490295,0.0618144337570975,0.04917884378266001,0.2341062737397244,256.0,0.07666966157532196,0.27734375,0.1443089430894309,0.16,0.20754716981132076,0.3780487804878049,0.44,0.7286831667052183,4.153310988004767
25,2024-12-18,mlp@756,mlp,756,40062.0,3339.0,492.0,0.7317044614071009,0.2741636188282412,0.11870178400349135,0.06570156021233386,0.049022205659931206,0.20979001614969603,252.0,0.07547169811320754,0.2857142857142857,0.14634146341463414,0.19428571428571428,0.2138364779874214,0.4146341463414634,0.4342857142857143,0.7317044614071009,4.276237679141531
25,2024-12-18,mlp@all,mlp,all,122819.0,3339.0,492.0,0.7325625890610856,0.2667999092541361,0.11904023110699964,0.06303765247570581,0.05097956703597412,0.21457651362625912,242.0,0.07247678945792153,0.2768595041322314,0.13617886178861788,0.17714285714285713,0.20215633423180593,0.41260162601626016,0.4057142857142857,0.7325625890610856,4.310337059482558
26,2025-03-28,logistic@252,logistic,252,13356.0,3339.0,511.0,0.47354315386808454,0.15385348598415516,0.14323120550891258,-0.08794242858976675,0.09483892487231706,0.30788536413754974,376.0,0.11260856543875412,0.17553191489361702,0.12915851272015655,0.16556291390728478,0.27283617849655584,0.26810176125244617,0.4105960264900662,0.47354315386808454,4.202927547812493
26,2025-03-28,logistic@756,logistic,756,40062.0,3339.0,511.0,0.5468151861314171,0.18413956657706135,0.13996014557270642,-0.06309641212000106,0.07749470926487453,0.30758438341839567,564.0,0.16891284815813118,0.18971631205673758,0.20939334637964774,0.33112582781456956,0.3554956573824498,0.4324853228962818,0.6158940397350994,0.5468151861314171,4.698198513914422
26,2025-03-28,logistic@all,logistic,all,126158.0,3339.0,511.0,0.5748670687588747,0.19753856799174335,0.13481998912690454,-0.024053284143052966,0.05629716985604137,0.30143508966013627,476.0,0.14255765199161424,0.22058823529411764,0.2054794520547945,0.32450331125827814,0.31835879005690326,0.4227005870841487,0.609271523178808,0.5748670687588747,4.688812273444334
26,2025-03-28,logistic_quadratic@252,logistic_quadratic,252,13356.0,3339.0,511.0,0.4991156370319727,0.15628171708176009,0.14096135062270587,-0.07070127343316646,0.08382597441621534,0.3039166411779418,295.0,0.0883498053309374,0.15932203389830507,0.09197651663405088,0.1456953642384106,0.20904462413896377,0.23679060665362034,0.31788079470198677,0.4991156370319727,3.800144375822809
26,2025-03-28,logistic_quadratic@756,logistic_quadratic,756,40062.0,3339.0,511.0,0.5732505805794446,0.1896528836407965,0.134203249277428,-0.019368708269635215,0.05688364309840293,0.3065922767182729,335.0,0.10032943995208146,0.21492537313432836,0.14090019569471623,0.23841059602649006,0.2632524707996406,0.3698630136986301,0.46357615894039733,0.5732505805794446,4.638984146066758
26,2025-03-28,logistic_quadratic@all,logistic_quadratic,all,126158.0,3339.0,511.0,0.6101869202855426,0.22505218768660737,0.12855140594512643,0.023561043938380877,0.032362117638251864,0.3106649438521707,264.0,0.07906558849955077,0.2840909090909091,0.14677103718199608,0.2185430463576159,0.25336927223719674,0.410958904109589,0.543046357615894,0.6101869202855426,4.59109746319141
26,2025-03-28,hist_gradient_boosting@252,hist_gradient_boosting,252,13356.0,3339.0,511.0,0.5031734652358163,0.16348865552318131,0.13683269968340342,-0.03934124603030664,0.06885578424235737,0.29128408339726836,176.0,0.052710392333033845,0.16477272727272727,0.05675146771037182,0.12582781456953643,0.1985624438454627,0.20939334637964774,0.32450331125827814,0.5031734652358163,4.224533075638816
26,2025-03-28,hist_gradient_boosting@756,hist_gradient_boosting,756,40062.0,3339.0,511.0,0.5723516858255576,0.20705426022259438,0.1307207296438615,0.007083494337275953,0.03776880477033126,0.2741019673976969,211.0,0.0631925726265349,0.26540284360189575,0.1095890410958904,0.2119205298013245,0.23450134770889489,0.324853228962818,0.5761589403973509,0.5723516858255576,4.766881692505284
26,2025-03-28,hist_gradient_boosting@all,hist_gradient_boosting,all,126158.0,3339.0,511.0,0.6177877362799181,0.23597063521987216,0.12737699931030033,0.03248149393323296,0.025628692011012397,0.2729324046948989,292.0,0.0874513327343516,0.3116438356164384,0.1780821917808219,0.2781456953642384,0.2671458520515124,0.4344422700587084,0.5761589403973509,0.6177877362799181,4.900237304815659
26,2025-03-28,mlp@252,mlp,252,13356.0,3339.0,511.0,0.5272526344051794,0.17763611034065366,0.1354975702388893,-0.029199992487230153,0.06057627236770237,0.28905903552792217,205.0,0.061395627433363284,0.2048780487804878,0.0821917808219178,0.11920529801324503,0.19077568134171907,0.2309197651663405,0.2980132450331126,0.5272526344051794,4.344207183678437
26,2025-03-28,mlp@756,mlp,756,40062.0,3339.0,511.0,0.58729520561785,0.20422476610048204,0.13117323983170967,0.0036463590357894704,0.04623616990527177,0.27286122797968326,391.0,0.11710092842168314,0.24808184143222506,0.1898238747553816,0.3443708609271523,0.3030847559149446,0.42857142857142855,0.609271523178808,0.58729520561785,4.961883189886602
26,2025-03-28,mlp@all,mlp,all,126158.0,3339.0,511.0,0.6080777353664917,0.22311828544293236,0.12894187461226433,0.02059515791860722,0.04213503690343238,0.2743229220772345,363.0,0.1087151841868823,0.2644628099173554,0.18786692759295498,0.32450331125827814,0.27373465109314166,0.45792563600782776,0.609271523178808,0.6080777353664917,5.000725647604309
27,2025-07-01,logistic@252,logistic,252,13356.0,3336.0,260.0,0.2533222466740022,0.04817751949122978,0.08814799887082862,-0.20597490697178866,0.12027086667816232,0.21178997222614626,167.0,0.050059952038369306,0.005988023952095809,0.0038461538461538464,0.009345794392523364,0.3207434052757794,0.06153846153846154,0.102803738317757,0.7466777533259977,-0.40553856070524225
27,2025-07-01,logistic@756,logistic,756,40062.0,3336.0,260.0,0.7517455236570971,0.20247989987310985,0.0841367853275866,-0.15109648725015679,0.12124930151503437,0.20386926270849332,54.0,0.01618705035971223,0.2962962962962963,0.06153846153846154,0.06542056074766354,0.1052158273381295,0.3153846153846154,0.32710280373831774,0.7517455236570971,0.1695675922832812
27,2025-07-01,logistic@all,logistic,all,129497.0,3336.0,260.0,0.7499612383715116,0.20017809540174292,0.08052321971881357,-0.10165838877145505,0.10522302080691817,0.2374246938018071,61.0,0.01828537170263789,0.3114754098360656,0.07307692307692308,0.06542056074766354,0.10941247002398082,0.3384615384615385,0.34579439252336447,0.7499612383715116,0.7548464563545824
27,2025-07-01,logistic_quadratic@252,logistic_quadratic,252,13356.0,3336.0,260.0,0.26986721016304893,0.05424736381825677,0.08609081109020837,-0.17783000437459506,0.11696657951887468,0.20078118839287673,6.0,0.0017985611510791368,0.16666666666666666,0.0038461538461538464,0.009345794392523364,0.2239208633093525,0.06538461538461539,0.09345794392523364,0.7301327898369512,-0.1151371792059535
27,2025-07-01,logistic_quadratic@756,logistic_quadratic,756,40062.0,3336.0,260.0,0.7483169950985298,0.21016728912398958,0.08083704630945342,-0.10595192916148433,0.10762910185764506,0.2347664477126262,83.0,0.024880095923261392,0.2891566265060241,0.09230769230769231,0.14018691588785046,0.13908872901678657,0.4307692307692308,0.411214953271028,0.7483169950985298,0.6991230212190029
27,2025-07-01,logistic_quadratic@all,logistic_quadratic,all,129497.0,3336.0,260.0,0.7461300890267081,0.20972263518449225,0.07748439654997458,-0.06008348593430024,0.09868416997681786,0.2712459266432007,124.0,0.03717026378896882,0.31451612903225806,0.15,0.19626168224299065,0.1366906474820144,0.4153846153846154,0.38317757009345793,0.7461300890267081,1.441451863101978
27,2025-07-01,hist_gradient_boosting@252,hist_gradient_boosting,252,13356.0,3336.0,260.0,0.274351055316595,0.04925629621066793,0.08874182056008935,-0.21409913061427255,0.12186248776283379,0.21993686470607648,325.0,0.09742206235011991,0.003076923076923077,0.0038461538461538464,0.009345794392523364,0.38189448441247004,0.12307692307692308,0.16822429906542055,0.7256489446834051,-0.4186277287405452
27,2025-07-01,hist_gradient_boosting@756,hist_gradient_boosting,756,40062.0,3336.0,260.0,0.7485433129938982,0.19495780161800338,0.08159730381058745,-0.11635320293910323,0.10800477148520728,0.21477729862500367,161.0,0.048261390887290166,0.2484472049689441,0.15384615384615385,0.205607476635514,0.15377697841726617,0.4230769230769231,0.45794392523364486,0.7485433129938982,0.5298531315768903
27,2025-07-01,hist_gradient_boosting@all,hist_gradient_boosting,all,129497.0,3336.0,260.0,0.7525176302890867,0.20668322027268712,0.07822395214845153,-0.07020153178331245,0.09863361787716782,0.23902814533172567,112.0,0.03357314148681055,0.25892857142857145,0.11153846153846154,0.17757009345794392,0.13339328537170264,0.4115384615384615,0.4485981308411215,0.7525176302890867,1.163009284154312
27,2025-07-01,mlp@252,mlp,252,13356.0,3336.0,260.0,0.25288711613484044,0.04797740197068803,0.08889346262278622,-0.21617378375213736,0.12107279720302346,0.2194367983821854,330.0,0.09892086330935251,0.0,0.0,0.0,0.3839928057553957,0.1,0.14018691588785046,0.7471128838651595,-0.44361612544313916
27,2025-07-01,mlp@756,mlp,756,40062.0,3336.0,260.0,0.7562256176853056,0.21149700766220014,0.08118818126819805,-0.11075589470388003,0.10739219702580773,0.2181538836057934,142.0,0.042565947242206234,0.29577464788732394,0.16153846153846155,0.24299065420560748,0.15317745803357313,0.46153846153846156,0.5046728971962616,0.7562256176853056,0.5852295533170258
27,2025-07-01,mlp@all,mlp,all,129497.0,3336.0,260.0,0.749376688006402,0.20386067365953187,0.07865019831150964,-0.07603311257273404,0.10020844458732589,0.23958012485575886,104.0,0.03117505995203837,0.28846153846153844,0.11538461538461539,0.14953271028037382,0.1303956834532374,0.4,0.38317757009345793,0.749376688006402,1.1378022546345417
28,2025-09-30,logistic@252,logistic,252,13356.0,3339.0,380.0,0.7435557887622062,0.22429892080114247,0.09687645897870734,0.03949531914032245,0.0356406611064855,0.17272352221954462,257.0,0.07696915244085055,0.2529182879377432,0.17105263157894737,0.2076923076923077,0.302785265049416,0.618421052631579,0.6461538461538462,0.7435557887622062,4.083167604724608
28,2025-09-30,logistic@756,logistic,756,40062.0,3339.0,380.0,0.761459241208801,0.23459056341629972,0.09526009707035685,0.05552112350291949,0.033216129502490054,0.1956746055978228,283.0,0.0847559149445942,0.26148409893992935,0.19473684210526315,0.23846153846153847,0.3006888289907158,0.6421052631578947,0.6538461538461539,0.761459241208801,4.179229338029015
28,2025-09-30,logistic@all,logistic,all,132836.0,3339.0,380.0,0.7614690240301668,0.23254516912398826,0.09513320088460064,0.0567792659008457,0.032668002141669227,0.19625998188887542,323.0,0.09673554956573825,0.2631578947368421,0.2236842105263158,0.2846153846153846,0.29889188379754417,0.6236842105263158,0.6461538461538462,0.7614690240301668,4.205909630271653
28,2025-09-30,logistic_quadratic@252,logistic_quadratic,252,13356.0,3339.0,380.0,0.7255047046477294,0.22697861840947375,0.09667779180649654,0.041465052043994866,0.03411794287252698,0.1715666296893975,233.0,0.06978137166816412,0.2575107296137339,0.15789473684210525,0.26153846153846155,0.304282719377059,0.5789473684210527,0.6384615384615384,0.7255047046477294,3.3128283060533534
28,2025-09-30,logistic_quadratic@756,logistic_quadratic,756,40062.0,3339.0,380.0,0.7511428114049911,0.22693212361788254,0.09529200939676002,0.05520472115697794,0.0321051080019823,0.18530723153475398,320.0,0.09583707696915245,0.221875,0.1868421052631579,0.3,0.304282719377059,0.6026315789473684,0.6153846153846154,0.7511428114049911,3.7639613945435375
28,2025-09-30,logistic_quadratic@all,logistic_quadratic,all,132836.0,3339.0,380.0,0.7555397449351666,0.23512163797582245,0.09467796869785759,0.06129277362867047,0.02779682827625029,0.1917109660693848,355.0,0.10631925726265348,0.2563380281690141,0.2394736842105263,0.33076923076923076,0.3060796645702306,0.6105263157894737,0.6307692307692307,0.7555397449351666,3.941450056805924
28,2025-09-30,hist_gradient_boosting@252,hist_gradient_boosting,252,13356.0,3339.0,380.0,0.7319240141584106,0.22710328577301686,0.09735351194712887,0.034765464085570685,0.03688820106489041,0.14247854259536682,212.0,0.06349206349206349,0.2358490566037736,0.13157894736842105,0.2076923076923077,0.2800239592692423,0.5210526315789473,0.6153846153846154,0.7319240141584106,2.996475456166319
28,2025-09-30,hist_gradient_boosting@756,hist_gradient_boosting,756,40062.0,3339.0,380.0,0.7607837818608706,0.2438044557874109,0.0950020352474176,0.05807973878982642,0.03365438086802627,0.1617937736097396,292.0,0.0874513327343516,0.2945205479452055,0.22631578947368422,0.2692307692307692,0.2890086852351003,0.5947368421052631,0.6076923076923076,0.7607837818608706,3.8021312638906957
28,2025-09-30,hist_gradient_boosting@all,hist_gradient_boosting,all,132836.0,3339.0,380.0,0.7552489283363868,0.22836497542816128,0.09495911227016281,0.05850530885095673,0.031210164651444678,0.1678919426236927,303.0,0.09074573225516622,0.2607260726072607,0.20789473684210527,0.2923076923076923,0.3033842467804732,0.6210526315789474,0.6384615384615384,0.7552489283363868,4.199071817738769
28,2025-09-30,mlp@252,mlp,252,13356.0,3339.0,380.0,0.7424752316749968,0.2309050208091005,0.09614457211507361,0.04675178542522662,0.03426077685520943,0.15502570411626382,225.0,0.0673854447439353,0.26666666666666666,0.15789473684210525,0.2230769230769231,0.29410002994908657,0.5842105263157895,0.6615384615384615,0.7424752316749968,3.5561999975552276
28,2025-09-30,mlp@756,mlp,756,40062.0,3339.0,380.0,0.7637030646911298,0.24569143569653312,0.0946348697014183,0.061720088873846723,0.032994269982004006,0.1671958908302619,245.0,0.07337526205450734,0.27346938775510204,0.1763157894736842,0.2230769230769231,0.29410002994908657,0.618421052631579,0.6384615384615384,0.7637030646911298,3.9392152972547754
28,2025-09-30,mlp@all,mlp,all,132836.0,3339.0,380.0,0.7622890023300901,0.24278523202458505,0.09462335364171884,0.06183426758519728,0.031540952459933054,0.16501416984674877,291.0,0.08715184186882301,0.2508591065292096,0.19210526315789472,0.2692307692307692,0.3066786463012878,0.6368421052631579,0.6615384615384615,0.7622890023300901,4.162806297801324
29,2026-01-02,logistic@252,logistic,252,13353.0,3339.0,564.0,0.7645524247651907,0.3367898367977473,0.12539664096448092,0.13071518752450573,0.04012798436449485,0.32024918571901173,420.0,0.12578616352201258,0.3952380952380952,0.29432624113475175,0.32057416267942584,0.3060796645702306,0.6028368794326241,0.6363636363636364,0.7645524247651907,4.0577070257498375
29,2026-01-02,logistic@756,logistic,756,40059.0,3339.0,564.0,0.7663305859050541,0.34438221705306715,0.12448059680157075,0.1370654635147548,0.028337203766896496,0.32746342772785925,455.0,0.13626834381551362,0.4021978021978022,0.324468085106383,0.3349282296650718,0.29469901168014373,0.574468085106383,0.5885167464114832,0.7663305859050541,4.046390563385498
29,2026-01-02,logistic@all,logistic,all,136172.0,3339.0,564.0,0.7622235000958406,0.3395462612499488,0.12483806038580579,0.1345874253280972,0.030501060678798632,0.32326459405849695,467.0,0.13986223420185684,0.3897216274089936,0.32269503546099293,0.3349282296650718,0.29230308475591493,0.5797872340425532,0.6028708133971292,0.7622235000958406,4.026261087585571
29,2026-01-02,logistic_quadratic@252,logistic_quadratic,252,13353.0,3339.0,564.0,0.7063963963963964,0.32328693285837706,0.13047734676185657,0.09549430479315835,0.03002293406012132,0.3048357156244176,224.0,0.06708595387840671,0.42410714285714285,0.16843971631205673,0.24401913875598086,0.23689727463312368,0.45390070921985815,0.5502392344497608,0.7063963963963964,3.449271152028415
29,2026-01-02,logistic_quadratic@756,logistic_quadratic,756,40059.0,3339.0,564.0,0.7157568206504377,0.3124200654158611,0.13022431586226527,0.0972483862136011,0.028406962503262235,0.31163042749972214,234.0,0.07008086253369272,0.3717948717948718,0.15425531914893617,0.23444976076555024,0.22611560347409404,0.4078014184397163,0.49760765550239233,0.7157568206504377,3.8550258130202932
29,2026-01-02,logistic_quadratic@all,logistic_quadratic,all,136172.0,3339.0,564.0,0.7504510893872596,0.3309838841934944,0.12661489754984695,0.12226988995344146,0.02951210468590878,0.30906393303959107,283.0,0.0847559149445942,0.3745583038869258,0.1879432624113475,0.2679425837320574,0.2611560347409404,0.5301418439716312,0.5550239234449761,0.7504510893872596,3.906018380547993
29,2026-01-02,hist_gradient_boosting@252,hist_gradient_boosting,252,13353.0,3339.0,564.0,0.7298917002108494,0.33890002976956024,0.12847500379427157,0.10937510987454635,0.022399192162277284,0.2856825703289377,276.0,0.08265947888589398,0.40942028985507245,0.20035460992907803,0.3014354066985646,0.2581611260856544,0.49113475177304966,0.583732057416268,0.7298917002108494,4.046908580560715
29,2026-01-02,hist_gradient_boosting@756,hist_gradient_boosting,756,40059.0,3339.0,564.0,0.7538697207846143,0.364047710915759,0.12529981457868547,0.1313864152860429,0.025976040387035174,0.29409890409647427,333.0,0.09973045822102426,0.4114114114114114,0.2429078014184397,0.3062200956937799,0.2770290506139563,0.5407801418439716,0.5885167464114832,0.7538697207846143,4.539572594659793
29,2026-01-02,hist_gradient_boosting@all,hist_gradient_boosting,all,136172.0,3339.0,564.0,0.7555791962174941,0.3471879503761782,0.12540747589900586,0.13064007670850408,0.021516041933204243,0.28767131052740563,394.0,0.11799940101826895,0.41116751269035534,0.2872340425531915,0.3253588516746411,0.29020664869721474,0.5549645390070922,0.5789473684210527,0.7555791962174941,4.733407787881104
29,2026-01-02,mlp@252,mlp,252,13353.0,3339.0,564.0,0.7489527825698038,0.37424269166347535,0.12502632841219355,0.13328229837449745,0.02253890043523624,0.3135946836729151,271.0,0.08116202455825097,0.46494464944649444,0.22340425531914893,0.2679425837320574,0.27672955974842767,0.5301418439716312,0.5933014354066986,0.7489527825698038,4.723890062773591
29,2026-01-02,mlp@756,mlp,756,40059.0,3339.0,564.0,0.7534841224202926,0.3529165335759532,0.1251670636381,0.13230668217361818,0.024201238152871216,0.2962941501799848,350.0,0.10482180293501048,0.42,0.26063829787234044,0.27751196172248804,0.27553159628631324,0.5106382978723404,0.5406698564593302,0.7534841224202926,4.50816337446404
29,2026-01-02,mlp@all,mlp,all,136172.0,3339.0,564.0,0.7525471215896747,0.34797814305106695,0.12556078010628816,0.12957732879074413,0.022187101731756188,0.28651012150419986,383.0,0.11470500149745433,0.412532637075718,0.2801418439716312,0.3349282296650718,0.2830188679245283,0.549645390070922,0.5645933014354066,0.7525471215896747,5.2062643677411495
30,2026-04-15,logistic@252,logistic,252,13353.0,3339.0,695.0,0.7375983630644651,0.364860566925464,0.14649516091360698,0.16537166791010982,0.025077952532873024,0.459132270786591,325.0,0.09733453129679545,0.37846153846153846,0.17697841726618704,0.21610169491525424,0.33153638814016173,0.6201438848920864,0.6101694915254238,0.7375983630644651,4.431830365758723
30,2026-04-15,logistic@756,logistic,756,40065.0,3339.0,695.0,0.7453498623189194,0.37303737637515544,0.1449632165201718,0.17409962988491734,0.027886461367354773,0.4604426120110713,373.0,0.11171009284216832,0.4075067024128686,0.218705035971223,0.2627118644067797,0.35759209344115006,0.6561151079136691,0.635593220338983,0.7453498623189194,4.2105410200040865
30,2026-04-15,logistic@all,logistic,all,139511.0,3339.0,695.0,0.7415965563404041,0.36780537784417683,0.14549502495989747,0.17106975239086608,0.026326643909615456,0.4526893118076184,374.0,0.11200958370769691,0.39572192513368987,0.21294964028776978,0.2245762711864407,0.35759209344115006,0.6589928057553956,0.6228813559322034,0.7415965563404041,4.311191203777349
30,2026-04-15,logistic_quadratic@252,logistic_quadratic,252,13353.0,3339.0,695.0,0.6459887460681983,0.32055839741441217,0.1576633469163025,0.10174305111643656,0.01881931609458682,0.34731586237277084,351.0,0.10512129380053908,0.3817663817663818,0.19280575539568345,0.3050847457627119,0.29889188379754417,0.4618705035971223,0.6059322033898306,0.6459887460681983,3.342833386899422
30,2026-04-15,logistic_quadratic@756,logistic_quadratic,756,40065.0,3339.0,695.0,0.6818086831593726,0.33675352869547637,0.15458163901524416,0.11930049608190807,0.02040852960475326,0.4098602496155999,333.0,0.09973045822102426,0.37537537537537535,0.17985611510791366,0.288135593220339,0.34561245882000596,0.5611510791366906,0.673728813559322,0.6818086831593726,4.18233301396576
30,2026-04-15,logistic_quadratic@all,logistic_quadratic,all,139511.0,3339.0,695.0,0.7322282567289587,0.3635367827636237,0.14739208546741758,0.16026161076085776,0.02427949009889528,0.42185155678553377,427.0,0.1278825995807128,0.41451990632318503,0.25467625899280577,0.3305084745762712,0.3462114405510632,0.6345323741007194,0.6398305084745762,0.7322282567289587,4.7294959049389265
30,2026-04-15,hist_gradient_boosting@252,hist_gradient_boosting,252,13353.0,3339.0,695.0,0.6764037484082326,0.32703916060094573,0.15486411613227855,0.11769113640358386,0.013363389154746717,0.3829687351301292,297.0,0.0889487870619946,0.3602693602693603,0.1539568345323741,0.2627118644067797,0.3141659179395028,0.5179856115107914,0.6610169491525424,0.6764037484082326,4.695743834853474
30,2026-04-15,hist_gradient_boosting@756,hist_gradient_boosting,756,40065.0,3339.0,695.0,0.7163538458189574,0.34630858213923604,0.15068940131870842,0.14147578048377862,0.02438714447998547,0.4040008841224322,311.0,0.09314165917939503,0.3633440514469453,0.16258992805755396,0.2542372881355932,0.3695717280622941,0.6273381294964029,0.6949152542372882,0.7163538458189574,5.536332489393558
30,2026-04-15,hist_gradient_boosting@all,hist_gradient_boosting,all,139511.0,3339.0,695.0,0.7352322075773572,0.3636032276275736,0.14761645013946564,0.15898333569126832,0.036206117041232985,0.3954693294478412,282.0,0.08445642407906559,0.375886524822695,0.15251798561151078,0.21610169491525424,0.35998802036537886,0.6575539568345323,0.6864406779661016,0.7352322075773572,5.825647566976869
30,2026-04-15,mlp@252,mlp,252,13353.0,3339.0,695.0,0.7214494062843523,0.36261507670596205,0.14975146345950358,0.14681950314430903,0.026039660566777853,0.4120007616235273,392.0,0.11740041928721175,0.43112244897959184,0.24316546762589927,0.3559322033898305,0.3557951482479784,0.6215827338129496,0.6864406779661016,0.7214494062843523,5.348660086527337
30,2026-04-15,mlp@756,mlp,756,40065.0,3339.0,695.0,0.7380467789157479,0.37413161377631327,0.14805065099889464,0.15650955883176543,0.037371562020010386,0.41228268589485206,389.0,0.11650194669062594,0.42159383033419023,0.23597122302158274,0.3432203389830508,0.39862234201856844,0.7050359712230215,0.6822033898305084,0.7380467789157479,5.302391510518304
30,2026-04-15,mlp@all,mlp,all,139511.0,3339.0,695.0,0.743754557624702,0.373174936363349,0.14626528810731396,0.1666813245275207,0.03676006263559804,0.4062621630817966,400.0,0.11979634621144056,0.405,0.23309352517985613,0.3135593220338983,0.37616052710392334,0.6906474820143885,0.6694915254237288,0.743754557624702,5.7546917317916515
